ticker,company_name,price,market_cap,volume,avg_volume,dollar_volume,exchange,sector,industry,float,is_illiquid,universe_reason
RAVE,Rave Restaurant Group Inc.,2.0,30000000.0,120000.0,140000.0,240000.0,NASDAQ,Consumer Cyclical,Restaurants,,False,Small franchisor with consumer-cycle and brand optionality.
USEG,U.S. Energy Corp.,1.5,40000000.0,200000.0,180000.0,300000.0,NASDAQ,Energy,Oil & Gas E&P,,False,Tiny energy producer with commodity-cycle optionality.
JOB,GEE Group Inc.,0.3,40000000.0,350000.0,300000.0,105000.0,NYSE American,Industrials,Staffing & Employment Services,,False,Sub-dollar staffing microcap with cyclical recovery sensitivity.
ELTK,Eltek Ltd.,4.8,70000000.0,90000.0,110000.0,432000.0,NASDAQ,Technology,Electronic Components,,False,Small component maker tied to industrial and defense narratives.
LCTX,Lineage Cell Therapeutics Inc.,1.0,180000000.0,600000.0,650000.0,600000.0,NYSE American,Healthcare,Biotechnology,,False,Biotech optionality with financing and catalyst risk.
NEA,Nuveen AMT-Free Quality Municipal Income Fund Common Shares of Beneficial Interest Par Value $.01,10.08,0.0,3236553.0,,32624454.240000002,NYSE,Finance,Finance/Investors Services,,True,Matched broad public screener and configured penny/microcap filters.
DNP,DNP Select Income Fund Inc. Common Stock,9.3,0.0,2296283.0,,21355431.900000002,NYSE,Finance,Investment Managers,,True,Matched broad public screener and configured penny/microcap filters.
PTY,Pimco Corporate & Income Opportunity Fund,11.01,0.0,1935068.0,,21305098.68,NYSE,Finance,Investment Managers,,True,Matched broad public screener and configured penny/microcap filters.
NAD,Nuveen Quality Municipal Income Fund Common Stock,10.17,0.0,2064326.0,,20994195.419999998,NYSE,Finance,Investment Managers,,True,Matched broad public screener and configured penny/microcap filters.
CCXI,Churchill Capital Corp XI Class A Ordinary Shares,11.62,0.0,1784695.0,,20738155.9,NASDAQ,Finance,Blank Checks,,True,Matched broad public screener and configured penny/microcap filters.
NMZ,Nuveen Municipal High Income Opportunity Fund Common Stock $0.01 par value per share,8.9,0.0,2297350.0,,20446415.0,NYSE,Finance,Finance/Investors Services,,True,Matched broad public screener and configured penny/microcap filters.
NZF,Nuveen Municipal Credit Income Fund ,10.88,0.0,1810712.0,,19700546.560000002,NYSE,Finance,Finance Companies,,True,Matched broad public screener and configured penny/microcap filters.
GOF,Guggenheim Strategic Opportunities Fund Common Shares of Beneficial Interest,8.58,0.0,2238940.0,,19210105.2,NYSE,Finance,Finance/Investors Services,,True,Matched broad public screener and configured penny/microcap filters.
NVG,Nuveen AMT-Free Municipal Credit Income Fund ,10.61,0.0,1804286.0,,19143474.459999997,NYSE,Finance,Investment Managers,,True,Matched broad public screener and configured penny/microcap filters.
JPC,Nuveen Preferred & Income Opportunities Fund,6.89,0.0,2516478.0,,17338533.419999998,NYSE,Finance,Investment Managers,,True,Matched broad public screener and configured penny/microcap filters.
CLM,Cornerstone Strategic Investment Fund Inc. Common Shares,6.32,0.0,2293109.0,,14492448.88,AMEX,Finance,Finance/Investors Services,,True,Matched broad public screener and configured penny/microcap filters.
NAC,Nuveen California Quality Municipal Income Fund,10.27,0.0,1404190.0,,14421031.299999999,NYSE,Finance,Investment Managers,,True,Matched broad public screener and configured penny/microcap filters.
NUV,Nuveen Municipal Value Fund Inc. Common Stock,8.25,0.0,1733623.0,,14302389.75,NYSE,Finance,Trusts Except Educational Religious and Charitable,,True,Matched broad public screener and configured penny/microcap filters.
SPXX,Nuveen S&P 500 Dynamic Overwrite Fund,18.64,0.0,708258.0,,13201929.120000001,NYSE,Finance,Trusts Except Educational Religious and Charitable,,True,Matched broad public screener and configured penny/microcap filters.
NTWO,Newbury Street II Acquisition Corp Class A Ordinary Shares,10.8278,0.0,1218693.0,,13195764.0654,NASDAQ,,,,True,Matched broad public screener and configured penny/microcap filters.
BPRE,Bluerock Private Real Estate Fund Common Shares of Beneficial Interest,12.62,0.0,931094.0,,11750406.28,NYSE,,,,True,Matched broad public screener and configured penny/microcap filters.
MSDL,Morgan Stanley Direct Lending Fund Common Stock,13.71,0.0,798894.0,,10952836.74,NYSE,,,,True,Matched broad public screener and configured penny/microcap filters.
PML,Pimco Municipal Income Fund II Common Shares of Beneficial Interest,6.48,0.0,1653617.0,,10715438.16,NYSE,Finance,Investment Managers,,True,Matched broad public screener and configured penny/microcap filters.
EVV,Eaton Vance Limited Duration Income Fund Common Shares of Beneficial Interest,8.47,0.0,1211492.0,,10261337.24,AMEX,Finance,Finance/Investors Services,,True,Matched broad public screener and configured penny/microcap filters.
HYT,Blackrock Corporate High Yield Fund Inc. Common Stock,7.8,0.0,1281085.0,,9992463.0,NYSE,Finance,Finance Companies,,True,Matched broad public screener and configured penny/microcap filters.
SVAQ,Silicon Valley Acquisition Corp. Class A Ordinary Shares,10.14,0.0,970270.0,,9838537.8,NASDAQ,Finance,Blank Checks,,True,Matched broad public screener and configured penny/microcap filters.
CRF,Cornerstone Total Return Fund Inc. (The) Common Stock,6.06,0.0,1595585.0,,9669245.1,AMEX,Finance,Finance/Investors Services,,True,Matched broad public screener and configured penny/microcap filters.
PCN,Pimco Corporate & Income Strategy Fund Common Stock,10.71,0.0,869837.0,,9315954.270000001,NYSE,Finance,Investment Managers,,True,Matched broad public screener and configured penny/microcap filters.
JFR,Nuveen Floating Rate Income Fund Common Stock,7.45,0.0,1112809.0,,8290427.05,NYSE,Finance,Trusts Except Educational Religious and Charitable,,True,Matched broad public screener and configured penny/microcap filters.
IEAG,Infinite Eagle Acquisition Corp. Class A Ordinary Shares,10.18,0.0,745808.0,,7592325.4399999995,NASDAQ,Finance,Blank Checks,,True,Matched broad public screener and configured penny/microcap filters.
PHK,Pimco High Income Fund,4.14,0.0,1705830.0,,7062136.199999999,NYSE,Finance,Finance/Investors Services,,True,Matched broad public screener and configured penny/microcap filters.
ETY,Eaton Vance Tax-Managed Diversified Equity Income Fund Common Shares of Beneficial Interest,14.06,0.0,494117.0,,6947285.0200000005,NYSE,Finance,Finance Companies,,True,Matched broad public screener and configured penny/microcap filters.
BEAG,Bold Eagle Acquisition Corp. Class A Ordinary Shares,10.68,0.0,648508.0,,6926065.4399999995,NASDAQ,Finance,Blank Checks,,True,Matched broad public screener and configured penny/microcap filters.
CEPO,Cantor Equity Partners I Inc. Class A Ordinary Shares,10.76,0.0,607265.0,,6534171.399999999,NASDAQ,Finance,Blank Checks,,True,Matched broad public screener and configured penny/microcap filters.
IVAI,Ives Ultra AI Opportunities Inc. Common Stock,10.16,0.0,641789.0,,6520576.24,NYSE,,,,True,Matched broad public screener and configured penny/microcap filters.
USA,Liberty All-Star Equity Fund Common Stock,5.77,0.0,1029489.0,,5940151.529999999,NYSE,Finance,Finance Companies,,True,Matched broad public screener and configured penny/microcap filters.
IGR,CBRE Global Real Estate Income Fund Common Shares of Beneficial Interest,11.56,0.0,507913.0,,5871474.28,NYSE,Finance,Finance Companies,,True,Matched broad public screener and configured penny/microcap filters.
LOVIU,Live Oak Acquisition Corp. VI Units,10.01,0.0,575395.0,,5759703.95,NASDAQ,Finance,Blank Checks,,True,Matched broad public screener and configured penny/microcap filters.
ACP,abrdn Income Credit Strategies Fund Common Shares,4.42,0.0,1291132.0,,5706803.4399999995,NYSE,Finance,Investment Managers,,True,Matched broad public screener and configured penny/microcap filters.
ASGI,abrdn Global Infrastructure Income Fund Common Shares of Beneficial Interest,19.02,0.0,298202.0,,5671802.04,NYSE,Finance,Investment Managers,,True,Matched broad public screener and configured penny/microcap filters.
MYN,Blackrock MuniYield New York Quality Fund Inc.Common Stock,8.96,0.0,622939.0,,5581533.44,NYSE,Finance,Finance Companies,,True,Matched broad public screener and configured penny/microcap filters.
BIT,BlackRock Multi-Sector Income Trust Common Shares of Beneficial Interest,11.27,0.0,476765.0,,5373141.55,NYSE,Finance,Trusts Except Educational Religious and Charitable,,True,Matched broad public screener and configured penny/microcap filters.
XRPNW,Armada Acquisition Corp. II Warrant,2.9,0.0,1841733.0,,5341025.7,NASDAQ,Finance,Blank Checks,,True,Matched broad public screener and configured penny/microcap filters.
NFJ,Virtus Dividend Interest & Premium Strategy Fund Common Shares of Beneficial Interest,15.04,0.0,353859.0,,5322039.359999999,NYSE,Finance,Finance: Consumer Services,,True,Matched broad public screener and configured penny/microcap filters.
TACH,Titan Acquisition Corp. Class A Ordinary Shares,10.54,0.0,498496.0,,5254147.84,NASDAQ,Finance,Blank Checks,,True,Matched broad public screener and configured penny/microcap filters.
FAX,abrdn Asia-Pacific Income Fund Inc. Common Stock,12.84,0.0,408584.0,,5246218.56,AMEX,Finance,Investment Managers,,True,Matched broad public screener and configured penny/microcap filters.
BBN,BlackRock Taxable Municipal Bond Trust Common Shares of Beneficial Interest,14.41,0.0,362160.0,,5218725.6,NYSE,Finance,Finance Companies,,True,Matched broad public screener and configured penny/microcap filters.
NRK,Nuveen New York AMT-Free Quality Municipal Income Fund ,9.27,0.0,559880.0,,5190087.6,NYSE,Finance,Trusts Except Educational Religious and Charitable,,True,Matched broad public screener and configured penny/microcap filters.
DSU,Blackrock Debt Strategies Fund Inc. Common Stock,8.92,0.0,569585.0,,5080698.2,NYSE,Finance,Finance Companies,,True,Matched broad public screener and configured penny/microcap filters.
EXG,Eaton Vance Tax-Managed Global Diversified Equity Income Fund Common Shares of Beneficial Interest,9.35,0.0,543227.0,,5079172.45,NYSE,Finance,Finance Companies,,True,Matched broad public screener and configured penny/microcap filters.
WDI,Western Asset Diversified Income Fund Common Shares of Beneficial Interest,11.8,0.0,414291.0,,4888633.800000001,NYSE,Finance,Trusts Except Educational Religious and Charitable,,True,Matched broad public screener and configured penny/microcap filters.
AOD,abrdn Total Dynamic Dividend Fund Common Shares of Beneficial Interest,10.06,0.0,462080.0,,4648524.8,NYSE,Finance,Investment Managers,,True,Matched broad public screener and configured penny/microcap filters.
FPF,First Trust Intermediate Duration Preferred & Income Fund Common Shares of Beneficial Interest,15.72,0.0,286803.0,,4508543.16,NYSE,Finance,Trusts Except Educational Religious and Charitable,,True,Matched broad public screener and configured penny/microcap filters.
NKX,Nuveen California AMT-Free Quality Municipal Income Fund,10.57,0.0,424295.0,,4484798.15,NYSE,Finance,Finance/Investors Services,,True,Matched broad public screener and configured penny/microcap filters.
JQC,Nuveen Credit Strategies Income Fund Shares of Beneficial Interest,4.74,0.0,915729.0,,4340555.46,NYSE,Finance,Finance Companies,,True,Matched broad public screener and configured penny/microcap filters.
IFN,Aberdeen India Fund Inc. Common Stock,10.45,0.0,397767.0,,4156665.15,NYSE,Finance,Finance/Investors Services,,True,Matched broad public screener and configured penny/microcap filters.
PFN,PIMCO Income Strategy Fund II,6.28,0.0,654442.0,,4109895.7600000002,NYSE,Finance,Finance/Investors Services,,True,Matched broad public screener and configured penny/microcap filters.
OIM,OneIM Acquisition Corp. Class A Ordinary Shares,10.155,0.0,402871.0,,4091155.005,NASDAQ,,,,True,Matched broad public screener and configured penny/microcap filters.
APAC,StoneBridge Acquisition II Corporation Class A Ordinary Shares,10.27,0.0,392029.0,,4026137.8299999996,NASDAQ,Finance,Blank Checks,,True,Matched broad public screener and configured penny/microcap filters.
BHK,Blackrock Core Bond Trust,8.21,0.0,481870.0,,3956152.7,NYSE,Finance,Finance Companies,,True,Matched broad public screener and configured penny/microcap filters.
RA,Brookfield Real Assets Income Fund Inc. Common Stock,11.58,0.0,340212.0,,3939654.96,NYSE,Finance,Investment Managers,,True,Matched broad public screener and configured penny/microcap filters.
PAXS,PIMCO Access Income Fund Common Shares of Beneficial Interest,13.25,0.0,290888.0,,3854266.0,NYSE,Finance,Investment Managers,,True,Matched broad public screener and configured penny/microcap filters.
MMU,Western Asset Managed Municipals Fund Inc. Common Stock,8.89,0.0,432690.0,,3846614.1,NYSE,Finance,Investment Managers,,True,Matched broad public screener and configured penny/microcap filters.
PDT,John Hancock Premium Dividend Fund,11.71,0.0,324514.0,,3800058.9400000004,NYSE,Finance,Finance Companies,,True,Matched broad public screener and configured penny/microcap filters.
IPHXU,Inflection Point Acquisition Corp. VIII Unit,10.07,0.0,371506.0,,3741065.42,NASDAQ,,,,True,Matched broad public screener and configured penny/microcap filters.
DSM,BNY Mellon Strategic Municipal Bond Fund Inc. Common Stock,5.19,0.0,714875.0,,3710201.2500000005,NYSE,Finance,Investment Managers,,True,Matched broad public screener and configured penny/microcap filters.
AWF,Alliancebernstein Global High Income Fund,9.62,0.0,369578.0,,3555340.36,NYSE,Finance,Trusts Except Educational Religious and Charitable,,True,Matched broad public screener and configured penny/microcap filters.
WIW,Western Asset Inflation-Linked Opportunities & Income Fund,7.97,0.0,440881.0,,3513821.57,NYSE,Finance,Finance Companies,,True,Matched broad public screener and configured penny/microcap filters.
RETO,ReTo Eco-Solutions Inc. Class A Shares,0.0933,0.0,37427533.0,,3491988.8288999996,NASDAQ,Industrials,Industrial Machinery/Components,,True,Matched broad public screener and configured penny/microcap filters.
PFL,PIMCO Income Strategy Fund Shares of Beneficial Interest,6.91,0.0,484710.0,,3349346.1,NYSE,Finance,Finance Companies,,True,Matched broad public screener and configured penny/microcap filters.
FSSL,FS Specialty Lending Fund Common Shares of Beneficial Interest,11.84,0.0,281534.0,,3333362.56,NYSE,Finance,Finance/Investors Services,,True,Matched broad public screener and configured penny/microcap filters.
IGD,Voya Global Equity Dividend and Premium Opportunity Fund,6.16,0.0,533674.0,,3287431.84,NYSE,Finance,Trusts Except Educational Religious and Charitable,,True,Matched broad public screener and configured penny/microcap filters.
NMAI,Nuveen Multi-Asset Income Fund Common Shares of Beneficial Interest,14.46,0.0,223550.0,,3232533.0,NYSE,Finance,Investment Managers,,True,Matched broad public screener and configured penny/microcap filters.
GUG,Guggenheim Active Allocation Fund Common Shares of Beneficial Interest,13.94,0.0,230955.0,,3219512.6999999997,NYSE,Finance,Trusts Except Educational Religious and Charitable,,True,Matched broad public screener and configured penny/microcap filters.
GTERA,Globa Terra Acquisition Corporation Class A Ordinary Shares,10.45,0.0,300009.0,,3135094.05,NASDAQ,Finance,Blank Checks,,True,Matched broad public screener and configured penny/microcap filters.
XIII,Churchill Capital Corp XIII Class A Ordinary Shares,10.23,0.0,304657.0,,3116641.1100000003,NASDAQ,,,,True,Matched broad public screener and configured penny/microcap filters.
PCQ,PIMCO California Municipal Income Fund Common Stock,7.74,0.0,388826.0,,3009513.24,NYSE,Finance,Investment Managers,,True,Matched broad public screener and configured penny/microcap filters.
HPS,John Hancock Preferred Income Fund III Preferred Income Fund III,11.99,0.0,249783.0,,2994898.17,NYSE,Finance,Investment Managers,,True,Matched broad public screener and configured penny/microcap filters.
THQ,abrdn Healthcare Opportunities Fund Shares of Beneficial Interest,17.85,0.0,164897.0,,2943411.45,NYSE,Finance,Finance Companies,,True,Matched broad public screener and configured penny/microcap filters.
FFC,Flaherty & Crumrine Preferred and Income Securities Fund Incorporated,14.97,0.0,195698.0,,2929599.06,NYSE,Finance,Trusts Except Educational Religious and Charitable,,True,Matched broad public screener and configured penny/microcap filters.
EMD,Western Asset Emerging Markets Debt Fund Inc Common Stock,9.32,0.0,312059.0,,2908389.88,NYSE,Finance,Finance/Investors Services,,True,Matched broad public screener and configured penny/microcap filters.
SAMO,Samos Energy Acquisition Corporation Class A Ordinary Shares,9.83,0.0,293820.0,,2888250.6,NYSE,,,,True,Matched broad public screener and configured penny/microcap filters.
BGY,Blackrock Enhanced International Dividend Trust,5.59,0.0,510405.0,,2853163.9499999997,NYSE,Finance,Trusts Except Educational Religious and Charitable,,True,Matched broad public screener and configured penny/microcap filters.
ALPX,Alpex Acquisition Corporation Class A Ordinary Shares,9.96,0.0,272011.0,,2709229.56,NASDAQ,Finance,Blank Checks,,True,Matched broad public screener and configured penny/microcap filters.
BRW,Saba Capital Income & Opportunities Fund SBI,6.08,0.0,443439.0,,2696109.12,NYSE,Finance,Trusts Except Educational Religious and Charitable,,True,Matched broad public screener and configured penny/microcap filters.
KIO,KKR Income Opportunities Fund Common Shares,10.28,0.0,256270.0,,2634455.5999999996,NYSE,Finance,Investment Managers,,True,Matched broad public screener and configured penny/microcap filters.
CHY,Calamos Convertible and High Income Fund Common Stock,11.61,0.0,214293.0,,2487941.73,NASDAQ,Finance,Investment Managers,,True,Matched broad public screener and configured penny/microcap filters.
BHAV,BHAV Acquisition Corp Class A Ordinary Shares,10.02,0.0,247323.0,,2478176.46,NASDAQ,Finance,Blank Checks,,True,Matched broad public screener and configured penny/microcap filters.
PWRL,Powerlaw Corp. Common Stock,11.13,0.0,222017.0,,2471049.21,NASDAQ,,,,True,Matched broad public screener and configured penny/microcap filters.
MEGI,NYLIM CBRE Global Infrastructure Megatrends Term Fund Common Shares,13.4,0.0,182442.0,,2444722.8000000003,NYSE,Finance,Investment Managers,,True,Matched broad public screener and configured penny/microcap filters.
JRI,Nuveen Real Asset Income and Growth Fund Common Shares of Beneficial Interest,10.77,0.0,218731.0,,2355732.87,NYSE,Finance,Finance Companies,,True,Matched broad public screener and configured penny/microcap filters.
AWP,abrdn Global Premier Properties Fund Common Shares of Beneficial Interest,10.19,0.0,222443.0,,2266694.17,NYSE,Finance,Trusts Except Educational Religious and Charitable,,True,Matched broad public screener and configured penny/microcap filters.
DMB,BNY Mellon Municipal Bond Infrastructure Fund Inc. Common Stock,9.37,0.0,239138.0,,2240723.0599999996,NYSE,Finance,Trusts Except Educational Religious and Charitable,,True,Matched broad public screener and configured penny/microcap filters.
LATA,Galata Acquisition Corp. II Class A Ordinary Shares,10.21,0.0,214229.0,,2187278.0900000003,NASDAQ,Finance,Blank Checks,,True,Matched broad public screener and configured penny/microcap filters.
CHI,Calamos Convertible Opportunities and Income Fund Common Stock,11.37,0.0,191439.0,,2176661.4299999997,NASDAQ,Finance,Investment Managers,,True,Matched broad public screener and configured penny/microcap filters.
XIIIU,Churchill Capital Corp XIII Units,10.49,0.0,201250.0,,2111112.5,NASDAQ,,,,True,Matched broad public screener and configured penny/microcap filters.
ISD,PGIM High Yield Bond Fund Inc.,11.71,0.0,177921.0,,2083454.9100000001,NYSE,Finance,Trusts Except Educational Religious and Charitable,,True,Matched broad public screener and configured penny/microcap filters.
CHW,Calamos Global Dynamic Income Fund Common Stock,7.98,0.0,260975.0,,2082580.5,NASDAQ,Finance,Investment Managers,,True,Matched broad public screener and configured penny/microcap filters.
HIX,Western Asset High Income Fund II Inc. Common Stock,3.53,0.0,584144.0,,2062028.3199999998,NYSE,Finance,Finance/Investors Services,,True,Matched broad public screener and configured penny/microcap filters.
JENA,Jena Acquisition Corporation II Class A Ordinary Shares,10.41,0.0,193329.0,,2012554.8900000001,NYSE,Finance,Blank Checks,,True,Matched broad public screener and configured penny/microcap filters.
NCA,Nuveen California Municipal Value Fund,8.4,0.0,236766.0,,1988834.4000000001,NYSE,Finance,Investment Managers,,True,Matched broad public screener and configured penny/microcap filters.
EIM,Eaton Vance Municipal Bond Fund Common Shares of Beneficial Interest $.01 par value,9.0,0.0,217615.0,,1958535.0,AMEX,Finance,Finance/Investors Services,,True,Matched broad public screener and configured penny/microcap filters.
BRTM,B&R Technology Merger Corp. Class A Ordinary Shares,9.8,0.0,197931.0,,1939723.8,NASDAQ,Finance,Blank Checks,,True,Matched broad public screener and configured penny/microcap filters.
NHS,Neuberger High Yield Strategies Fund Inc. Common Stock,5.42,0.0,345750.0,,1873965.0,AMEX,Finance,Trusts Except Educational Religious and Charitable,,True,Matched broad public screener and configured penny/microcap filters.
THW,abrdn World Healthcare Fund Shares of Beneficial Interest,12.62,0.0,147879.0,,1866232.98,NYSE,Finance,Finance Companies,,True,Matched broad public screener and configured penny/microcap filters.
EDD,Morgan Stanley Emerging Markets Domestic Debt Fund Inc. Common Stock,5.24,0.0,354239.0,,1856212.36,NYSE,Finance,Finance Companies,,True,Matched broad public screener and configured penny/microcap filters.
NBH,Neuberger Municipal Fund Inc. Common Stock,9.07,0.0,203126.0,,1842352.82,AMEX,Finance,Finance/Investors Services,,True,Matched broad public screener and configured penny/microcap filters.
GHY,PGIM Global High Yield Fund Inc.,10.99,0.0,167184.0,,1837352.1600000001,NYSE,Finance,Trusts Except Educational Religious and Charitable,,True,Matched broad public screener and configured penny/microcap filters.
NBXG,Neuberger Next Generation Connectivity Fund Inc. Common Stock,15.85,0.0,115912.0,,1837205.2,NYSE,Finance,Trusts Except Educational Religious and Charitable,,True,Matched broad public screener and configured penny/microcap filters.
ACAA,Averin Capital Acquisition Corp. Class A Ordinary Shares,10.05,0.0,182745.0,,1836587.2500000002,NASDAQ,Finance,Blank Checks,,True,Matched broad public screener and configured penny/microcap filters.
NPFD,Nuveen Variable Rate Preferred & Income Fund Common Shares,17.63,0.0,104161.0,,1836358.43,NYSE,Finance,Trusts Except Educational Religious and Charitable,,True,Matched broad public screener and configured penny/microcap filters.
EOD,Allspring Global Dividend Opportunity Fund Common Shares of Beneficial Interest,6.34,0.0,284024.0,,1800712.16,NYSE,Finance,Investment Managers,,True,Matched broad public screener and configured penny/microcap filters.
LDP,Cohen & Steers Limited Duration Preferred and Income Fund Inc.,19.41,0.0,92772.0,,1800704.52,NYSE,Finance,Finance Companies,,True,Matched broad public screener and configured penny/microcap filters.
ETJ,Eaton Vance Risk-Managed Diversified Equity Income Fund Common Shares of Beneficial Interest,8.13,0.0,221393.0,,1799925.09,NYSE,Finance,Finance Companies,,True,Matched broad public screener and configured penny/microcap filters.
AFB,AllianceBernstein National Municipal Income Fund Inc,9.51,0.0,187454.0,,1782687.54,NYSE,Finance,Trusts Except Educational Religious and Charitable,,True,Matched broad public screener and configured penny/microcap filters.
DBCA,D. Boral Acquisition I Corp. Class A Ordinary Shares,10.01,0.0,177011.0,,1771880.1099999999,NASDAQ,Finance,Blank Checks,,True,Matched broad public screener and configured penny/microcap filters.
DPG,Duff & Phelps Utility and Infrastructure Fund Inc.,12.68,0.0,136860.0,,1735384.8,NYSE,Finance,Trusts Except Educational Religious and Charitable,,True,Matched broad public screener and configured penny/microcap filters.
BOE,Blackrock Enhanced Global Dividend Trust Common Shares of Beneficial Interest,11.66,0.0,148360.0,,1729877.6,NYSE,Finance,Trusts Except Educational Religious and Charitable,,True,Matched broad public screener and configured penny/microcap filters.
SBXE,SilverBox Corp V Class A Ordinary Shares,10.11,0.0,170471.0,,1723461.8099999998,NYSE,,,,True,Matched broad public screener and configured penny/microcap filters.
BGH,Barings Global Short Duration High Yield Fund Common Shares of Beneficial Interests,13.07,0.0,130241.0,,1702249.87,NYSE,Finance,Investment Managers,,True,Matched broad public screener and configured penny/microcap filters.
EAD,Allspring Income Opportunities Fund Common Shares,6.01,0.0,282056.0,,1695156.56,AMEX,Finance,Finance/Investors Services,,True,Matched broad public screener and configured penny/microcap filters.
BGB,Blackstone Strategic Credit 2027 Term Fund Common Shares of Beneficial Interest,11.1,0.0,152186.0,,1689264.5999999999,NYSE,Finance,Trusts Except Educational Religious and Charitable,,True,Matched broad public screener and configured penny/microcap filters.
EVOX,Evolution Global Acquisition Corp Class A Ordinary Shares,10.13,0.0,166006.0,,1681640.78,NASDAQ,Finance,Blank Checks,,True,Matched broad public screener and configured penny/microcap filters.
TEI,Templeton Emerging Markets Income Fund Inc. Common Stock,6.08,0.0,273568.0,,1663293.44,NYSE,Finance,Finance Companies,,True,Matched broad public screener and configured penny/microcap filters.
HIO,Western Asset High Income Opportunity Fund Inc. Common Stock,3.27,0.0,498236.0,,1629231.72,NYSE,Finance,Finance/Investors Services,,True,Matched broad public screener and configured penny/microcap filters.
VVR,Invesco Senior Income Trust Common Stock (DE),2.88,0.0,557307.0,,1605044.16,NYSE,Finance,Trusts Except Educational Religious and Charitable,,True,Matched broad public screener and configured penny/microcap filters.
DFP,Flaherty & Crumrine Dynamic Preferred and Income Fund Inc. Common Stock,19.07,0.0,82282.0,,1569117.74,NYSE,Finance,Investment Managers,,True,Matched broad public screener and configured penny/microcap filters.
CCII,Cohen Circle Acquisition Corp. II Class A Ordinary Shares,10.3,0.0,151031.0,,1555619.3,NASDAQ,,,,True,Matched broad public screener and configured penny/microcap filters.
CAII,Collective Acquisition Corp. II Class A Ordinary Shares,10.01,0.0,152415.0,,1525674.15,NASDAQ,Finance,Blank Checks,,True,Matched broad public screener and configured penny/microcap filters.
DHY,UBS Asset Management High Yield Credit Fund Common Stock,16.05,0.0,94350.0,,1514317.5,AMEX,Finance,Finance/Investors Services,,True,Matched broad public screener and configured penny/microcap filters.
HCAC,Hall Chadwick Acquisition Corp Class A Ordinary Shares,10.15,0.0,147687.0,,1499023.05,NASDAQ,Consumer Discretionary,Auto Parts:O.E.M.,,True,Matched broad public screener and configured penny/microcap filters.
KRAQ,KRAKacquisition Corp Class A Ordinary Shares,10.01,0.0,147828.0,,1479758.28,NASDAQ,,,,True,Matched broad public screener and configured penny/microcap filters.
CIK,UBS Asset Management Income Fund Inc. Common Stock,2.32,0.0,616437.0,,1430133.8399999999,AMEX,Finance,Finance/Investors Services,,True,Matched broad public screener and configured penny/microcap filters.
EOI,Eaton Vance Enhance Equity Income Fund Eaton Vance Enhanced Equity Income Fund Shares of Beneficial Interest,19.77,0.0,71688.0,,1417271.76,NYSE,Finance,Finance/Investors Services,,True,Matched broad public screener and configured penny/microcap filters.
BGT,BlackRock Floating Rate Income Trust,10.45,0.0,134116.0,,1401512.2,NYSE,Finance,Trusts Except Educational Religious and Charitable,,True,Matched broad public screener and configured penny/microcap filters.
GGN,GAMCO Global Gold Natural Resources & Income Trust,5.28,0.0,263384.0,,1390667.52,AMEX,Finance,Finance/Investors Services,,True,Matched broad public screener and configured penny/microcap filters.
CLBR,Colombier Acquisition Corp. III Class A Ordinary Shares,10.18,0.0,136525.0,,1389824.5,NYSE,,,,True,Matched broad public screener and configured penny/microcap filters.
HPI,John Hancock Preferred Income Fund Common Shares of Beneficial Interest,13.9,0.0,99100.0,,1377490.0,NYSE,Finance,Trusts Except Educational Religious and Charitable,,True,Matched broad public screener and configured penny/microcap filters.
DMII,Drugs Made In America Acquisition II Corp. Ordinary Shares,10.19,0.0,132513.0,,1350307.47,NASDAQ,Finance,Blank Checks,,True,Matched broad public screener and configured penny/microcap filters.
PCF,High Income Securities Fund Common Stock,5.11,0.0,263477.0,,1346367.47,NYSE,Finance,Trusts Except Educational Religious and Charitable,,True,Matched broad public screener and configured penny/microcap filters.
APXT,Apex Treasury Corporation Class A Ordinary Share,10.15,0.0,132264.0,,1342479.6,NASDAQ,Finance,Blank Checks,,True,Matched broad public screener and configured penny/microcap filters.
AVK,Advent Convertible and Income Fund,11.33,0.0,118056.0,,1337574.48,NYSE,Finance,Trusts Except Educational Religious and Charitable,,True,Matched broad public screener and configured penny/microcap filters.
DMO,Western Asset Mortgage Opportunity Fund Inc. Common Stock,9.43,0.0,138529.0,,1306328.47,NYSE,Finance,Trusts Except Educational Religious and Charitable,,True,Matched broad public screener and configured penny/microcap filters.
NBB,Nuveen Taxable Municipal Income Fund Common Shares of Beneficial Interest,14.3,0.0,90653.0,,1296337.9000000001,NYSE,Finance,Finance Companies,,True,Matched broad public screener and configured penny/microcap filters.
TVA,Texas Ventures Acquisition III Corp Class A Ordinary Share,10.585,0.0,122430.0,,1295921.55,NASDAQ,,,,True,Matched broad public screener and configured penny/microcap filters.
DBL,DoubleLine Opportunistic Credit Fund Common Shares of Beneficial Interest,13.56,0.0,95285.0,,1292064.6,NYSE,,,,True,Matched broad public screener and configured penny/microcap filters.
GHXI,Gores Holdings XI Inc. Class A Ordinary Shares,10.1,0.0,127426.0,,1287002.5999999999,NASDAQ,,,,True,Matched broad public screener and configured penny/microcap filters.
NML,Neuberger Energy Infrastructure and Income Fund Inc. Common Stock,9.98,0.0,128951.0,,1286930.98,AMEX,Finance,Finance/Investors Services,,True,Matched broad public screener and configured penny/microcap filters.
EGHA,EGH Acquisition Corp. Class A Ordinary Shares,10.42,0.0,121752.0,,1268655.84,NASDAQ,Finance,Finance/Investors Services,,True,Matched broad public screener and configured penny/microcap filters.
EDF,Virtus Stone Harbor Emerging Markets Income Fund Common Shares of Beneficial Interest,4.85,0.0,260335.0,,1262624.75,NYSE,Finance,Investment Managers,,True,Matched broad public screener and configured penny/microcap filters.
MESH,Meshflow Acquisition Corp. Class A Ordinary Shares,10.11,0.0,124124.0,,1254893.64,NASDAQ,,,,True,Matched broad public screener and configured penny/microcap filters.
CRAN,Crane Harbor Acquisition Corp. II Class A Ordinary Shares,10.1,0.0,123977.0,,1252167.7,NASDAQ,Finance,Blank Checks,,True,Matched broad public screener and configured penny/microcap filters.
MTNE,CH4 Natural Solutions Corporation Class A Ordinary Shares,9.9,0.0,124589.0,,1233431.1,NYSE,,,,True,Matched broad public screener and configured penny/microcap filters.
FGSN,F&G Annuities & Life Inc. 7.300% Junior Subordinated Notes due 2065,19.32,0.0,63739.0,,1231437.48,NYSE,Finance,Life Insurance,,True,Matched broad public screener and configured penny/microcap filters.
HCIC,Hennessy Capital Investment Corp. VIII Class A Ordinary Shares,9.98,0.0,122132.0,,1218877.36,NASDAQ,,,,True,Matched broad public screener and configured penny/microcap filters.
BRRKU,Bluerock Acquisition Corp. II Units,10.03,0.0,118025.0,,1183790.75,NASDAQ,,,,True,Matched broad public screener and configured penny/microcap filters.
PACH,Pioneer Acquisition I Corp Class A Ordinary Shares,10.33,0.0,114182.0,,1179500.06,NASDAQ,,,,True,Matched broad public screener and configured penny/microcap filters.
ACGC,ACP Holdings Acquisition Corp. Class A Ordinary Shares,10.05,0.0,116050.0,,1166302.5,NASDAQ,Finance,Blank Checks,,True,Matched broad public screener and configured penny/microcap filters.
BWG,BrandywineGLOBAL Global Income Opportunities Fund Inc.,6.93,0.0,166763.0,,1155667.5899999999,NYSE,Finance,Finance/Investors Services,,True,Matched broad public screener and configured penny/microcap filters.
ASG,Liberty All-Star Growth Fund Inc.,5.05,0.0,228611.0,,1154485.55,NYSE,Finance,Investment Managers,,True,Matched broad public screener and configured penny/microcap filters.
CEPV,Cantor Equity Partners V Inc. Class A Ordinary Shares,10.29,0.0,109976.0,,1131653.0399999998,NASDAQ,,,,True,Matched broad public screener and configured penny/microcap filters.
ERC,Allspring Multi-Sector Income Fund Common Stock,8.5,0.0,132537.0,,1126564.5,AMEX,Finance,Finance/Investors Services,,True,Matched broad public screener and configured penny/microcap filters.
SSAC,SPACSphere Acquisition Corp. Class A Ordinary Shares,10.13,0.0,110705.0,,1121441.6500000001,NASDAQ,Finance,Blank Checks,,True,Matched broad public screener and configured penny/microcap filters.
RLTY,Cohen & Steers Real Estate Opportunities and Income Fund Common Shares of Beneficial Interest,13.76,0.0,81119.0,,1116197.44,NYSE,Finance,Investment Managers,,True,Matched broad public screener and configured penny/microcap filters.
NUW,Nuveen AMT-Free Municipal Value Fund,13.26,0.0,83327.0,,1104916.02,NYSE,Finance,Investment Managers,,True,Matched broad public screener and configured penny/microcap filters.
SUMA,SUMA Acquisition Corporation Class A Ordinary Shares,9.95,0.0,109807.0,,1092579.65,NASDAQ,,,,True,Matched broad public screener and configured penny/microcap filters.
SBI,Western Asset Intermediate Muni Fund Inc Common Stock,7.01,0.0,155142.0,,1087545.42,NYSE,Finance,Finance/Investors Services,,True,Matched broad public screener and configured penny/microcap filters.
HPF,John Hancock Pfd Income Fund II Pfd Income Fund II,13.46,0.0,80202.0,,1079518.9200000002,NYSE,Finance,Finance Companies,,True,Matched broad public screener and configured penny/microcap filters.
JGH,Nuveen Global High Income Fund Common Shares of Beneficial Interest,11.58,0.0,92485.0,,1070976.3,NYSE,Finance,Investment Managers,,True,Matched broad public screener and configured penny/microcap filters.
JRS,Nuveen Real Estate Income Fund Common Shares of Beneficial Interest,7.36,0.0,144211.0,,1061392.96,NYSE,Finance,Finance/Investors Services,,True,Matched broad public screener and configured penny/microcap filters.
IPFX,Inflection Point Acquisition Corp. VI Class A Ordinary Shares,10.05,0.0,105414.0,,1059410.7000000002,NASDAQ,Finance,Blank Checks,,True,Matched broad public screener and configured penny/microcap filters.
MHF,Western Asset Municipal High Income Fund Inc. Common Stock,6.02,0.0,174419.0,,1050002.38,NYSE,Finance,Finance/Investors Services,,True,Matched broad public screener and configured penny/microcap filters.
NBRG,Newbridge Acquisition Limited Class A Ordinary Share,10.06,0.0,103880.0,,1045032.8,NASDAQ,Finance,Blank Checks,,True,Matched broad public screener and configured penny/microcap filters.
AEFC,Aegon Funding Company LLC 5.10% Subordinated Notes due 2049,17.79,0.0,58040.0,,1032531.6,NYSE,,,,True,Matched broad public screener and configured penny/microcap filters.
BCCQ,Bleichroeder Acquisition Corp. III Class A Ordinary Shares,9.94,0.0,103628.0,,1030062.32,NASDAQ,Finance,Blank Checks,,True,Matched broad public screener and configured penny/microcap filters.
LWAC,LightWave Acquisition Corp. Class A Ordinary Shares,10.35,0.0,98705.0,,1021596.75,NASDAQ,Finance,Blank Checks,,True,Matched broad public screener and configured penny/microcap filters.
ZTR,Virtus Total Return Fund Inc.,5.95,0.0,171123.0,,1018181.85,NYSE,Finance,Investment Managers,,True,Matched broad public screener and configured penny/microcap filters.
QLEP,Quantum Leap Acquisition Corp Class A Ordinary Shares,10.05,0.0,101051.0,,1015562.55,NYSE,,,,True,Matched broad public screener and configured penny/microcap filters.
AGD,abrdn Global Dynamic Dividend Fund Common Shares of Beneficial Interest,11.49,0.0,88330.0,,1014911.7000000001,NYSE,Finance,Trusts Except Educational Religious and Charitable,,True,Matched broad public screener and configured penny/microcap filters.
PSBD,Palmer Square Capital BDC Inc. Common Stock,9.87,0.0,102708.0,,1013727.96,NYSE,,,,True,Matched broad public screener and configured penny/microcap filters.
UAC,United Acquisition Corp. I Class A Ordinary Shares,10.01,0.0,101207.0,,1013082.07,AMEX,Finance,Blank Checks,,True,Matched broad public screener and configured penny/microcap filters.
MMD,NYLIM MacKay DefinedTerm Muni Opportunities Fund Common Shares,13.59,0.0,74526.0,,1012808.34,NYSE,Finance,Investment Managers,,True,Matched broad public screener and configured penny/microcap filters.
BLZR,Trailblazer Acquisition Corp. Class A Ordinary Shares,10.24,0.0,97943.0,,1002936.3200000001,NASDAQ,Finance,Blank Checks,,True,Matched broad public screener and configured penny/microcap filters.
OPP,RiverNorth/DoubleLine Strategic Opportunity Fund Inc. Common Stock,6.91,0.0,142555.0,,985055.05,NYSE,Finance,Finance/Investors Services,,True,Matched broad public screener and configured penny/microcap filters.
NMI,Nuveen Municipal Income Fund Inc. Common Stock,9.39,0.0,103900.0,,975621.0000000001,NYSE,Finance,Trusts Except Educational Religious and Charitable,,True,Matched broad public screener and configured penny/microcap filters.
ETSS,Energy Transition Special Opportunities Class A Ordinary Shares,9.96,0.0,97923.0,,975313.0800000001,NYSE,Finance,Blank Checks,,True,Matched broad public screener and configured penny/microcap filters.
LTGR,Long Table Growth Corp. Class A Ordinary Shares,9.99,0.0,97502.0,,974044.98,NASDAQ,Finance,Blank Checks,,True,Matched broad public screener and configured penny/microcap filters.
IDAC,Iron Dome Acquisition I Corp. Class A Ordinary Shares,9.99,0.0,97402.0,,973045.98,NASDAQ,,,,True,Matched broad public screener and configured penny/microcap filters.
PTAC,Patriot Acquisition Corp. Class A Ordinary Shares,9.96,0.0,97463.0,,970731.4800000001,NASDAQ,Finance,Blank Checks,,True,Matched broad public screener and configured penny/microcap filters.
FLC,Flaherty & Crumrine Total Return Fund Inc Common Stock,15.63,0.0,61602.0,,962839.26,NYSE,Finance,Trusts Except Educational Religious and Charitable,,True,Matched broad public screener and configured penny/microcap filters.
JONE,Jones Ventures INTL Acquisition1 Corp Class A Ordinary Shares,9.82,0.0,97926.0,,961633.3200000001,NASDAQ,Finance,Blank Checks,,True,Matched broad public screener and configured penny/microcap filters.
ECF,Ellsworth Growth and Income Fund Ltd.,11.74,0.0,81446.0,,956176.04,AMEX,Finance,Finance/Investors Services,,True,Matched broad public screener and configured penny/microcap filters.
EFR,Eaton Vance Senior Floating-Rate Fund Common Shares of Beneficial Interest,10.44,0.0,91573.0,,956022.12,NYSE,Finance,Trusts Except Educational Religious and Charitable,,True,Matched broad public screener and configured penny/microcap filters.
IRHO,Iron Horse Acquisitions II Corp. Common Stock,10.08,0.0,92247.0,,929849.76,NASDAQ,Finance,Blank Checks,,True,Matched broad public screener and configured penny/microcap filters.
IGA,Voya Global Advantage and Premium Opportunity Fund Common Shares of Beneficial Interest,9.97,0.0,90832.0,,905595.04,NYSE,Finance,Investment Managers,,True,Matched broad public screener and configured penny/microcap filters.
TBCVU,Thunder Bridge Capital Partners V Ltd. Units,9.94,0.0,88886.0,,883526.84,NASDAQ,Finance,Blank Checks,,True,Matched broad public screener and configured penny/microcap filters.
NNY,Nuveen New York Municipal Value Fund Common Stock,7.81,0.0,112003.0,,874743.4299999999,NYSE,Finance,Investment Managers,,True,Matched broad public screener and configured penny/microcap filters.
RCS,PIMCO Strategic Income Fund Inc.,5.05,0.0,172952.0,,873407.6,NYSE,Finance,Investment Managers,,True,Matched broad public screener and configured penny/microcap filters.
MXF,Mexico Fund Inc. (The) Common Stock,19.87,0.0,43445.0,,863252.15,NYSE,Finance,Trusts Except Educational Religious and Charitable,,True,Matched broad public screener and configured penny/microcap filters.
VHCP,Vine Hill Capital Investment Corp. II Class A Ordinary Shares,10.07,0.0,85230.0,,858266.1,NASDAQ,,,,True,Matched broad public screener and configured penny/microcap filters.
IDE,Voya Infrastructure Industrials and Materials Fund Common Shares of Beneficial Interest,12.04,0.0,71217.0,,857452.6799999999,NYSE,Finance,Finance/Investors Services,,True,Matched broad public screener and configured penny/microcap filters.
TRGS,TRG Latin America Acquisitions Corp. Class A Ordinary Shares,9.96,0.0,85227.0,,848860.92,NASDAQ,Finance,Blank Checks,,True,Matched broad public screener and configured penny/microcap filters.
AXIN,Axiom Intelligence Acquisition Corp 1 Class A Ordinary Shares,10.345,0.0,81727.0,,845465.8150000001,NASDAQ,Finance,Blank Checks,,True,Matched broad public screener and configured penny/microcap filters.
CXII,Churchill Capital Corp XII Class A Ordinary Shares,10.8,0.0,77417.0,,836103.6000000001,NASDAQ,Finance,Blank Checks,,True,Matched broad public screener and configured penny/microcap filters.
NPCT,Nuveen Core Plus Impact Fund Common Shares of Beneficial Interest,9.18,0.0,90905.0,,834507.9,NYSE,Finance,Investment Managers,,True,Matched broad public screener and configured penny/microcap filters.
JCE,Nuveen Core Equity Alpha Fund Common Shares of Beneficial Interest,16.85,0.0,49298.0,,830671.3,NYSE,Finance,Trusts Except Educational Religious and Charitable,,True,Matched broad public screener and configured penny/microcap filters.
TMUSI,T-Mobile US Inc. 5.500% Senior Notes due June 2070,19.0299,0.0,43220.0,,822472.278,NASDAQ,Telecommunications,Telecommunications Equipment,,True,Matched broad public screener and configured penny/microcap filters.
GTEN,Gores Holdings X Inc. Class A ordinary shares,10.49,0.0,78342.0,,821807.5800000001,NASDAQ,,,,True,Matched broad public screener and configured penny/microcap filters.
EHI,Western Asset Global High Income Fund Inc Common Stock,5.43,0.0,150256.0,,815890.08,NYSE,Finance,Investment Managers,,True,Matched broad public screener and configured penny/microcap filters.
KEYY,Keystone Acquisition Corp. Class A Ordinary Shares,9.92,0.0,80978.0,,803301.76,NASDAQ,Finance,Blank Checks,,True,Matched broad public screener and configured penny/microcap filters.
HGLB,Highland Global Allocation Fund Common Stock,6.69,0.0,119657.0,,800505.3300000001,NYSE,Finance,Trusts Except Educational Religious and Charitable,,True,Matched broad public screener and configured penny/microcap filters.
AACP,Apogee Acquisition Corp Class A Ordinary Shares,10.08,0.0,79195.0,,798285.6,NASDAQ,Finance,Blank Checks,,True,Matched broad public screener and configured penny/microcap filters.
PNI,Pimco New York Municipal Income Fund II Common Shares of Beneficial Interest,6.17,0.0,127868.0,,788945.5599999999,NYSE,Finance,Trusts Except Educational Religious and Charitable,,True,Matched broad public screener and configured penny/microcap filters.
OACC,Oaktree Acquisition Corp. III Life Sciences Class A Ordinary Share,10.78,0.0,73056.0,,787543.6799999999,NASDAQ,Finance,Blank Checks,,True,Matched broad public screener and configured penny/microcap filters.
AACI,Armada Acquisition Corp. III Class A Ordinary Share,10.06,0.0,76663.0,,771229.78,NASDAQ,Finance,Blank Checks,,True,Matched broad public screener and configured penny/microcap filters.
STEW,SRH Total Return Fund Inc. Common Stock,17.52,0.0,43398.0,,760332.96,NYSE,Finance,Investment Managers,,True,Matched broad public screener and configured penny/microcap filters.
RIV,RiverNorth Opportunities Fund Inc. Common Stock,10.39,0.0,73069.0,,759186.91,NYSE,Finance,Finance Companies,,True,Matched broad public screener and configured penny/microcap filters.
NPV,Nuveen Virginia Quality Municipal Income Fund Common Stock,9.31,0.0,81159.0,,755590.29,NYSE,Finance,Investment Managers,,True,Matched broad public screener and configured penny/microcap filters.
NHIV,NewHold Investment Corp IV Class A Ordinary Shares,10.05,0.0,75058.0,,754332.9,NASDAQ,Finance,Blank Checks,,True,Matched broad public screener and configured penny/microcap filters.
FWAC,Futurewave Acquisition Corporation Ordinary Shares,9.95,0.0,75656.0,,752777.2,NASDAQ,Finance,Blank Checks,,True,Matched broad public screener and configured penny/microcap filters.
IACO,Idea Acquisition Corp. Class A Ordinary Shares,10.0,0.0,74942.0,,749420.0,NASDAQ,Finance,Blank Checks,,True,Matched broad public screener and configured penny/microcap filters.
GCGR,General Catalyst Global Resilience Merger Corp. Class A Ordinary Shares,10.135,0.0,73371.0,,743615.085,NASDAQ,,,,True,Matched broad public screener and configured penny/microcap filters.
ALUB,Alussa Energy Acquisition Corp. II Class A Ordinary Shares,10.14,0.0,73162.0,,741862.68,NYSE,,,,True,Matched broad public screener and configured penny/microcap filters.
ZKP,Lafayette Digital Acquisition Corp. I Class A Ordinary Shares,10.03,0.0,73053.0,,732721.59,NASDAQ,Finance,Blank Checks,,True,Matched broad public screener and configured penny/microcap filters.
KFII,K&F Growth Acquisition Corp. II Class A Ordinary shares,10.68,0.0,68518.0,,731772.24,NASDAQ,Finance,Blank Checks,,True,Matched broad public screener and configured penny/microcap filters.
SHOT,RMG ML Sports Holdings Class A Ordinary Shares,9.86,0.0,73205.0,,721801.2999999999,NASDAQ,,,,True,Matched broad public screener and configured penny/microcap filters.
ISNR,Snow Rothschild Acquisition Corp. Class A Ordinary Shares,9.83,0.0,73054.0,,718120.82,NASDAQ,Finance,Blank Checks,,True,Matched broad public screener and configured penny/microcap filters.
DHF,BNY Mellon High Yield Strategies Fund Common Stock,2.22,0.0,322171.0,,715219.6200000001,NYSE,Finance,Finance Companies,,True,Matched broad public screener and configured penny/microcap filters.
JLS,Nuveen Mortgage and Income Fund,16.3,0.0,42982.0,,700606.6,NYSE,Finance,Investment Managers,,True,Matched broad public screener and configured penny/microcap filters.
NWAX,New America Acquisition I Corp. Class A Common Stock,10.085,0.0,69125.0,,697125.6250000001,NYSE,Finance,Blank Checks,,True,Matched broad public screener and configured penny/microcap filters.
NRO,Neuberger Real Estate Securities Income Fund Inc. Common Stock,2.58,0.0,264292.0,,681873.36,AMEX,Finance,Finance/Investors Services,,True,Matched broad public screener and configured penny/microcap filters.
MRCO,Mercator Acquisition Corp. Class A Ordinary Shares,9.86,0.0,68035.0,,670825.1,NASDAQ,Finance,Blank Checks,,True,Matched broad public screener and configured penny/microcap filters.
OHAC,Oceanhawk Acquisition Corp. Class A Ordinary Shares,9.99,0.0,66986.0,,669190.14,NASDAQ,,,,True,Matched broad public screener and configured penny/microcap filters.
RTAC,Renatus Tactical Acquisition Corp I Class A Ordinary Shares,10.44,0.0,63484.0,,662772.96,NASDAQ,Finance,Blank Checks,,True,Matched broad public screener and configured penny/microcap filters.
SVCC,Stellar V Capital Corp. Class A Ordinary Shares,10.72,0.0,60878.0,,652612.16,NASDAQ,,,,True,Matched broad public screener and configured penny/microcap filters.
NPAC,New Providence Acquisition Corp. III Class A Ordinary Shares,10.53,0.0,61213.0,,644572.89,NASDAQ,Finance,Blank Checks,,True,Matched broad public screener and configured penny/microcap filters.
AEXA,American Exceptionalism Acquisition Corp. A Class A Ordinary Shares,11.12,0.0,57551.0,,639967.12,NYSE,,,,True,Matched broad public screener and configured penny/microcap filters.
PCM,PCM Fund Inc. Common Stock,5.02,0.0,127093.0,,638006.86,NYSE,Finance,Trusts Except Educational Religious and Charitable,,True,Matched broad public screener and configured penny/microcap filters.
CEPF,Cantor Equity Partners IV Inc. Class A Ordinary Shares,10.27,0.0,62042.0,,637171.34,NASDAQ,Finance,Blank Checks,,True,Matched broad public screener and configured penny/microcap filters.
DRDB,Roman DBDR Acquisition Corp. II Ordinary shares,10.73,0.0,59278.0,,636052.9400000001,NASDAQ,,,,True,Matched broad public screener and configured penny/microcap filters.
VBF,Invesco Bond Fund Common Stock,14.23,0.0,44599.0,,634643.77,NYSE,Finance,Trusts Except Educational Religious and Charitable,,True,Matched broad public screener and configured penny/microcap filters.
TVAI,Thayer Ventures Acquisition Corporation II Class A Ordinary Shares,10.4,0.0,60889.0,,633245.6,NASDAQ,,,,True,Matched broad public screener and configured penny/microcap filters.
CGO,Calamos Global Total Return Fund Common Stock,12.64,0.0,50027.0,,632341.28,NASDAQ,Finance,Investment Managers,,True,Matched broad public screener and configured penny/microcap filters.
OBA,Oxley Bridge Acquisition Limited Class A Ordinary Shares,10.35,0.0,60880.0,,630108.0,NASDAQ,Finance,Blank Checks,,True,Matched broad public screener and configured penny/microcap filters.
SOCA,Solarius Capital Acquisition Corp. Class A Ordinary Share,10.34,0.0,60880.0,,629499.2,NASDAQ,,,,True,Matched broad public screener and configured penny/microcap filters.
TLNC,Talon Capital Corp. Class A Ordinary Shares,10.2797,0.0,61072.0,,627801.8384,NASDAQ,Finance,Blank Checks,,True,Matched broad public screener and configured penny/microcap filters.
MBVI,M3-Brigade Acquisition VI Corp. Class A Ordinary Shares,10.25,0.0,61134.0,,626623.5,NASDAQ,,,,True,Matched broad public screener and configured penny/microcap filters.
KOYN,CSLM Digital Asset Acquisition Corp III Class A Ordinary Shares,10.27,0.0,60944.0,,625894.88,NASDAQ,,,,True,Matched broad public screener and configured penny/microcap filters.
HVMC,Highview Merger Corp. Class A Ordinary Share,10.27,0.0,60893.0,,625371.11,NASDAQ,,,,True,Matched broad public screener and configured penny/microcap filters.
AEAQU,Activate Energy Acquisition Corp. Unit,10.19,0.0,60872.0,,620285.6799999999,NASDAQ,,,,True,Matched broad public screener and configured penny/microcap filters.
DSAC,Daedalus Special Acquisition Corp. Class A Ordinary Shares,10.14,0.0,60903.0,,617556.42,NASDAQ,Finance,Blank Checks,,True,Matched broad public screener and configured penny/microcap filters.
QADR,QDRO Acquisition Corp. Class A Ordinary Shares,10.015,0.0,60996.0,,610874.9400000001,NASDAQ,Finance,Blank Checks,,True,Matched broad public screener and configured penny/microcap filters.
CRAQ,Cal Redwood Acquisition Corp. Class A Ordinary Shares,10.41,0.0,58511.0,,609099.51,NASDAQ,Finance,Blank Checks,,True,Matched broad public screener and configured penny/microcap filters.
AACO,Abony Acquisition Corp. I Class A Ordinary Share,10.0,0.0,60882.0,,608820.0,NASDAQ,,,,True,Matched broad public screener and configured penny/microcap filters.
FTHA,Forefront Tech Holdings Acquisition Corp Class A Ordinary Shares,9.98,0.0,60913.0,,607911.74,NASDAQ,Finance,Blank Checks,,True,Matched broad public screener and configured penny/microcap filters.
WLCO,Wilco 63 Corporation Class A Ordinary Shares,9.9,0.0,60980.0,,603702.0,NASDAQ,Finance,Blank Checks,,True,Matched broad public screener and configured penny/microcap filters.
MCN,XAI Madison Equity Premium Income Fund Common Shares,5.26,0.0,114670.0,,603164.2,NYSE,,,,True,Matched broad public screener and configured penny/microcap filters.
CATL, Catalyst Acquisition Corp. Class A Ordinary Share,9.78,0.0,61612.0,,602565.36,NASDAQ,Finance,Blank Checks,,True,Matched broad public screener and configured penny/microcap filters.
SCD,LMP Capital and Income Fund Inc. Common Stock,14.7,0.0,40409.0,,594012.2999999999,NYSE,Finance,Trusts Except Educational Religious and Charitable,,True,Matched broad public screener and configured penny/microcap filters.
FJDI,ARC Group Securities Acquisition I Class A Ordinary Shares,9.865,0.0,59707.0,,589009.555,NASDAQ,,,,True,Matched broad public screener and configured penny/microcap filters.
CCCT,Columbus Circle Capital Corp III Class A Ordinary Shares,9.84,0.0,58786.0,,578454.24,NASDAQ,,,,True,Matched broad public screener and configured penny/microcap filters.
KBON,Karbon Capital Partners Corp. Class A Ordinary Shares,10.11,0.0,57145.0,,577735.95,NASDAQ,Finance,Blank Checks,,True,Matched broad public screener and configured penny/microcap filters.
FDMM,Freedom Metals Acquisition Corp. Class A Ordinary Shares,9.82,0.0,58794.0,,577357.0800000001,NASDAQ,Finance,Blank Checks,,True,Matched broad public screener and configured penny/microcap filters.
CCIF,Carlyle Credit Income Fund Shares of Beneficial Interest,2.4,0.0,237436.0,,569846.4,NYSE,Finance,Finance/Investors Services,,True,Matched broad public screener and configured penny/microcap filters.
VII,Viking Acquisition Corp. II Class A Ordinary Shares,9.83,0.0,57806.0,,568232.98,NYSE,,,,True,Matched broad public screener and configured penny/microcap filters.
EVAC,EQV Ventures Acquisition Corp. II Class A Ordinary Shares,10.31,0.0,54638.0,,563317.78,NYSE,Industrials,Fluid Controls,,True,Matched broad public screener and configured penny/microcap filters.
RNGT,Range Capital Acquisition Corp II Class A Ordinary Shares,10.19,0.0,54792.0,,558330.48,NASDAQ,Finance,Blank Checks,,True,Matched broad public screener and configured penny/microcap filters.
MIAC,Meridian3 Industrials Acquisition Corp Class A Ordinary Shares,9.82,0.0,56299.0,,552856.18,NASDAQ,,,,True,Matched broad public screener and configured penny/microcap filters.
CAQ,Cambridge Acquisition Corp. Class A Ordinary Shares,10.01,0.0,54794.0,,548487.94,NASDAQ,,,,True,Matched broad public screener and configured penny/microcap filters.
MTAK,Market Technology Acquisition Corp Class A Ordinary Shares,9.86,0.0,55542.0,,547644.12,NASDAQ,,,,True,Matched broad public screener and configured penny/microcap filters.
TMUSZ,T-Mobile US Inc. 5.500% Senior Notes due March 2070,18.77,0.0,28764.0,,539900.28,NASDAQ,Telecommunications,Telecommunications Equipment,,True,Matched broad public screener and configured penny/microcap filters.
PNAQ,Pinnacle Acquisition Corporation Class A Ordinary Shares,9.85,0.0,54091.0,,532796.35,NYSE,,,,True,Matched broad public screener and configured penny/microcap filters.
PFD,Flaherty & Crumrine Preferred and Income Fund Incorporated,10.75,0.0,49350.0,,530512.5,NYSE,Finance,Investment Managers,,True,Matched broad public screener and configured penny/microcap filters.
MSD,Morgan Stanley Emerging Markets Debt Fund Inc. Common Stock,6.77,0.0,77683.0,,525913.9099999999,NYSE,Finance,Trusts Except Educational Religious and Charitable,,True,Matched broad public screener and configured penny/microcap filters.
GLQ,Clough Global Equity Fund Clough Global Equity Fund Common Shares of Beneficial Interest,7.51,0.0,69716.0,,523567.16,AMEX,Finance,Finance/Investors Services,,True,Matched broad public screener and configured penny/microcap filters.
GSHR,Gesher Acquisition Corp. II Class A Ordinary Shares,10.57,0.0,48705.0,,514811.85000000003,NASDAQ,,,,True,Matched broad public screener and configured penny/microcap filters.
HYI,Western Asset High Yield Opportunity Fund Inc. Common Stock,9.89,0.0,51172.0,,506091.08,NYSE,Finance,Investment Managers,,True,Matched broad public screener and configured penny/microcap filters.
GLO,Clough Global Opportunities Fund Common Stock,5.39,0.0,93590.0,,504450.1,AMEX,Finance,Finance/Investors Services,,True,Matched broad public screener and configured penny/microcap filters.
CHEC,Chenghe Acquisition III Co. Class A Ordinary Share,10.29,0.0,48955.0,,503746.94999999995,NASDAQ,,,,True,Matched broad public screener and configured penny/microcap filters.
BGX,Blackstone Long Short Credit Income Fund Common Shares,10.52,0.0,47605.0,,500804.6,NYSE,Finance,Trusts Except Educational Religious and Charitable,,True,Matched broad public screener and configured penny/microcap filters.
FVAV,Fortress Value Acquisition Corp. V Class A Ordinary Shares,10.25,0.0,48709.0,,499267.25,NASDAQ,,,,True,Matched broad public screener and configured penny/microcap filters.
LPCV,Launchpad Cadenza Acquisition Corp I Class A Ordinary Share,10.08,0.0,49105.0,,494978.4,NASDAQ,,,,True,Matched broad public screener and configured penny/microcap filters.
ARCI,Archimedes Tech SPAC Partners III Co. Ordinary Share,10.1,0.0,48822.0,,493102.2,NASDAQ,,,,True,Matched broad public screener and configured penny/microcap filters.
ADAC,American Drive Acquisition Company Class A Ordinary Shares,10.12,0.0,48713.0,,492975.55999999994,NASDAQ,,,,True,Matched broad public screener and configured penny/microcap filters.
IPVV,InterPrivate Investment Partners V Inc. Class A Ordinary Shares,9.84,0.0,50025.0,,492246.0,NASDAQ,Finance,Blank Checks,,True,Matched broad public screener and configured penny/microcap filters.
BIII,Black Spade Acquisition III Co Class A Ordinary Shares,10.06,0.0,48901.0,,491944.06,NYSE,Finance,Blank Checks,,True,Matched broad public screener and configured penny/microcap filters.
CGCF,Cartesian Growth Corporation IV Class A Ordinary Shares,9.815,0.0,50044.0,,491181.86,NASDAQ,Finance,Blank Checks,,True,Matched broad public screener and configured penny/microcap filters.
NIM,Nuveen Select Maturities Municipal Fund Common Stock,8.71,0.0,56365.0,,490939.15,NYSE,Finance,Trusts Except Educational Religious and Charitable,,True,Matched broad public screener and configured penny/microcap filters.
MZYX,MOZAYYX Acquisition Corp. Class A Ordinary Shares,9.99,0.0,48992.0,,489430.08,NYSE,,,,True,Matched broad public screener and configured penny/microcap filters.
FVN,Future Vision II Acquisition Corporation Ordinary shares,9.6,0.0,50905.0,,488688.0,NASDAQ,,,,True,Matched broad public screener and configured penny/microcap filters.
XCBE,X3 Acquisition Corp. Ltd. Class A Ordinary Shares,10.025,0.0,48707.0,,488287.675,NASDAQ,,,,True,Matched broad public screener and configured penny/microcap filters.
PALO,Paloma Acquisition Corp I Class A Ordinary Shares,9.97,0.0,48925.0,,487782.25000000006,NASDAQ,Finance,Blank Checks,,True,Matched broad public screener and configured penny/microcap filters.
LEDRU,Leader's Advantage Acquisition Corp. Units,9.96,0.0,48952.0,,487561.92000000004,NASDAQ,Finance,Blank Checks,,True,Matched broad public screener and configured penny/microcap filters.
TSI,TCW Strategic Income Fund Inc. Common Stock,4.28,0.0,113889.0,,487444.92000000004,NYSE,Finance,Investment Managers,,True,Matched broad public screener and configured penny/microcap filters.
ERH,Allspring Utilities and High Income Fund Common Shares,10.21,0.0,47530.0,,485281.30000000005,AMEX,Finance,Finance/Investors Services,,True,Matched broad public screener and configured penny/microcap filters.
MUZE,Muzero Acquisition Corp Class A Ordinary Shares,10.01,0.0,48431.0,,484794.31,NASDAQ,Finance,Blank Checks,,True,Matched broad public screener and configured penny/microcap filters.
TVIV,Texas Ventures Acquisition IV Corp Class A Ordinary Shares,9.95,0.0,48707.0,,484634.64999999997,NASDAQ,,,,True,Matched broad public screener and configured penny/microcap filters.
GDO,Western Asset Global Corporate Opportunity Fund Inc. Common Stock,9.66,0.0,50166.0,,484603.56,NYSE,Finance,Finance Companies,,True,Matched broad public screener and configured penny/microcap filters.
GSRV,GSR V Acquisition Corp. Class A ordinary shares,9.885,0.0,48967.0,,484038.795,NASDAQ,Finance,Blank Checks,,True,Matched broad public screener and configured penny/microcap filters.
BID,Tribeca Strategic Acquisition Corp. Class A Ordinary Shares,9.91,0.0,48706.0,,482676.46,NASDAQ,Finance,Blank Checks,,True,Matched broad public screener and configured penny/microcap filters.
WIA,Western Asset Inflation-Linked Income Fund,7.65,0.0,63009.0,,482018.85000000003,NYSE,Finance,Trusts Except Educational Religious and Charitable,,True,Matched broad public screener and configured penny/microcap filters.
XTER,Karman Line Acquisition Corp. Class A Ordinary Shares,9.78,0.0,48980.0,,479024.39999999997,NASDAQ,Finance,Blank Checks,,True,Matched broad public screener and configured penny/microcap filters.
DYNC,Dynamix Corporation Class A Ordinary Shares,10.91,0.0,43618.0,,475872.38,NASDAQ,,,,True,Matched broad public screener and configured penny/microcap filters.
PGZ,Principal Real Estate Income Fund Common Shares of Beneficial Interest,8.93,0.0,52616.0,,469860.88,NYSE,Finance,Investment Managers,,True,Matched broad public screener and configured penny/microcap filters.
IHD,Voya Emerging Markets High Income Dividend Equity Fund Common Shares,7.53,0.0,60912.0,,458667.36000000004,NYSE,Finance,Investment Managers,,True,Matched broad public screener and configured penny/microcap filters.
JOF,Japan Smaller Capitalization Fund Inc Common Stock,12.51,0.0,36570.0,,457490.7,NYSE,Finance,Trusts Except Educational Religious and Charitable,,True,Matched broad public screener and configured penny/microcap filters.
SABA,Saba Capital Income & Opportunities Fund II Shares of Beneficial Interest,7.94,0.0,57384.0,,455628.96,NYSE,,,,True,Matched broad public screener and configured penny/microcap filters.
TLAC,Three Lions Acquisition Corp. Ordinary Shares,9.84,0.0,46251.0,,455109.83999999997,NASDAQ,,,,True,Matched broad public screener and configured penny/microcap filters.
NAZ,Nuveen Arizona Quality Municipal Income Fund Common Stock,10.81,0.0,42093.0,,455025.33,NYSE,Finance,Finance/Investors Services,,True,Matched broad public screener and configured penny/microcap filters.
MPA,Blackrock MuniYield Pennsylvania Quality Fund Common Stock,9.74,0.0,45555.0,,443705.7,NYSE,Finance,Finance Companies,,True,Matched broad public screener and configured penny/microcap filters.
OTGA,OTG Acquisition Corp. I Class A Ordinary Share ,10.27,0.0,42846.0,,440028.42,NASDAQ,Finance,Blank Checks,,True,Matched broad public screener and configured penny/microcap filters.
LFACU,Leapfrog Acquisition Corporation Units,10.18,0.0,42611.0,,433779.98,NASDAQ,,,,True,Matched broad public screener and configured penny/microcap filters.
FCRS,FutureCrest Acquisition Corp. Class A Ordinary Shares,10.24,0.0,42033.0,,430417.92,NYSE,Finance,Blank Checks,,True,Matched broad public screener and configured penny/microcap filters.
SAC,Safeguard Acquisition Corp. Class A Ordinary Shares,10.1,0.0,41844.0,,422624.39999999997,NYSE,Finance,Blank Checks,,True,Matched broad public screener and configured penny/microcap filters.
AMAC,AMR Resources Acquisition Corp Class A Ordinary Shares,9.8,0.0,42774.0,,419185.2,NASDAQ,Finance,Blank Checks,,True,Matched broad public screener and configured penny/microcap filters.
CHAR,Charlton Aria Acquisition Corporation Class A Ordinary Shares,10.97,0.0,37724.0,,413832.28,NASDAQ,,,,True,Matched broad public screener and configured penny/microcap filters.
LGI,Lazard Global Total Return and Income Fund Common Stock,17.01,0.0,24123.0,,410332.23000000004,NYSE,,,,True,Matched broad public screener and configured penny/microcap filters.
SPE,Special Opportunities Fund Inc Common Stock,12.61,0.0,31859.0,,401741.99,NYSE,Finance,Finance/Investors Services,,True,Matched broad public screener and configured penny/microcap filters.
SOUL,Soulpower Acquisition Corporation Class A Ordinary Shares,10.49,0.0,38193.0,,400644.57,NYSE,Consumer Discretionary,Publishing,,True,Matched broad public screener and configured penny/microcap filters.
WEA,Western Asset Bond Fund Share of Beneficial Interest,9.79,0.0,40371.0,,395232.08999999997,NYSE,Finance,Trusts Except Educational Religious and Charitable,,True,Matched broad public screener and configured penny/microcap filters.
IPXG,Inflection Point Acquisition Corp. VII Class A Ordinary Shares,10.055,0.0,38584.0,,387962.12,NASDAQ,Finance,Blank Checks,,True,Matched broad public screener and configured penny/microcap filters.
PAII,Pyrophyte Acquisition Corp. II Class A Ordinary Shares,10.33,0.0,37075.0,,382984.75,NYSE,,,,True,Matched broad public screener and configured penny/microcap filters.
CCXIW,Churchill Capital Corp XI Warrants,5.6899,0.0,66313.0,,377314.33869999996,NASDAQ,,,,True,Matched broad public screener and configured penny/microcap filters.
YCY,AA Mission Acquisition Corp. II Class A Ordinary Shares,10.26,0.0,36634.0,,375864.83999999997,NYSE,,,,True,Matched broad public screener and configured penny/microcap filters.
VGI,Virtus Global Multi-Sector Income Fund Common Shares of Beneficial Interest,6.7,0.0,55651.0,,372861.7,NYSE,Finance,Investment Managers,,True,Matched broad public screener and configured penny/microcap filters.
APMC,AmperCap Acquisition Company Ordinary Shares,9.96,0.0,36535.0,,363888.60000000003,NASDAQ,Finance,Blank Checks,,True,Matched broad public screener and configured penny/microcap filters.
FTRA,FutureCorp Space Acquisition 1 Class A Ordinary Shares,9.88,0.0,36667.0,,362269.96,NYSE,,,,True,Matched broad public screener and configured penny/microcap filters.
GUAC,Berto Acquisition Corp. II Ordinary Shares,9.915,0.0,36312.0,,360033.48,NASDAQ,Finance,Blank Checks,,True,Matched broad public screener and configured penny/microcap filters.
NMT,Nuveen Massachusetts Quality Municipal Income Fund Common Stock,10.49,0.0,34108.0,,357792.92,NYSE,Finance,Finance/Investors Services,,True,Matched broad public screener and configured penny/microcap filters.
TCGX,TCGX Acquisition Corp. Class A Ordinary Shares,12.25,0.0,28942.0,,354539.5,NASDAQ,,,,True,Matched broad public screener and configured penny/microcap filters.
IAE,Voya Asia Pacific High Dividend Equity Income Fund ING Asia Pacific High Dividend Equity Income Fund Common Shares of Beneficial Interest,8.79,0.0,40279.0,,354052.41,NYSE,Finance,Trusts Except Educational Religious and Charitable,,True,Matched broad public screener and configured penny/microcap filters.
ONCH,1RT Acquisition Corp. Class A Ordinary Share,10.34,0.0,33487.0,,346255.58,NASDAQ,,,,True,Matched broad public screener and configured penny/microcap filters.
DTSQ,DT Cloud Star Acquisition Corporation Ordinary Shares,11.58,0.0,29835.0,,345489.3,NASDAQ,,,,True,Matched broad public screener and configured penny/microcap filters.
IAF,abrdn Australia Equity Fund Inc. Common Stock,12.3,0.0,27951.0,,343797.30000000005,AMEX,Finance,Finance/Investors Services,,True,Matched broad public screener and configured penny/microcap filters.
HFRO,Highland Opportunities and Income Fund Common Shares of Beneficial Interest,6.82,0.0,49856.0,,340017.92000000004,NYSE,Finance,Finance/Investors Services,,True,Matched broad public screener and configured penny/microcap filters.
BSL,Blackstone Senior Floating Rate 2027 Term Fund Common Shares of Beneficial Interest,12.92,0.0,25894.0,,334550.48,NYSE,Finance,Trusts Except Educational Religious and Charitable,,True,Matched broad public screener and configured penny/microcap filters.
BLRK,Bluerock Acquisition Corp. Class A Ordinary Shares,10.12,0.0,33053.0,,334496.36,NASDAQ,,,,True,Matched broad public screener and configured penny/microcap filters.
MLAA,Mountain Lake Acquisition Corp. II Class A Ordinary Shares,10.01,0.0,32676.0,,327086.76,NASDAQ,Finance,Blank Checks,,True,Matched broad public screener and configured penny/microcap filters.
CCAQ,Collective Acquisition Corp. Class A Ordinary Shares,10.69,0.0,30448.0,,325489.12,NASDAQ,Finance,Blank Checks,,True,Matched broad public screener and configured penny/microcap filters.
CTGG,Qwest Corporation 6.500% Senior Notes due 2051 (denominations of $25),15.89,0.0,20324.0,,322948.36,NYSE,Telecommunications,Telecommunications Equipment,,True,Matched broad public screener and configured penny/microcap filters.
IRAB,Iris Acquisition Corp II Class A Ordinary Shares,10.15,0.0,31383.0,,318537.45,NYSE,,,,True,Matched broad public screener and configured penny/microcap filters.
WENC,West Enclave Merger Corp. Ordinary Shares,10.01,0.0,31662.0,,316936.62,NYSE,Finance,Blank Checks,,True,Matched broad public screener and configured penny/microcap filters.
SVIV,Spring Valley Acquisition Corp. IV Class A Ordinary Shares,10.09,0.0,31009.0,,312880.81,NASDAQ,Finance,Blank Checks,,True,Matched broad public screener and configured penny/microcap filters.
PGP,Pimco Global StocksPlus & Income Fund Common Shares of Beneficial Interest,8.23,0.0,37329.0,,307217.67000000004,NYSE,Finance,Finance Companies,,True,Matched broad public screener and configured penny/microcap filters.
SPEG,Silver Pegasus Acquisition Corp Class A Ordinary Shares,10.42,0.0,29231.0,,304587.02,NASDAQ,,,,True,Matched broad public screener and configured penny/microcap filters.
BDCI,BTC Development Corp. Class A Ordinary Shares,10.15,0.0,29883.0,,303312.45,NASDAQ,Finance,Blank Checks,,True,Matched broad public screener and configured penny/microcap filters.
ATII,Archimedes Tech SPAC Partners II Co. Ordinary Shares,10.69,0.0,28351.0,,303072.19,NASDAQ,,,,True,Matched broad public screener and configured penny/microcap filters.
RREV,RRE Ventures Acquisition Corp. Class A Ordinary Shares,9.92,0.0,30477.0,,302331.84,NASDAQ,Finance,Blank Checks,,True,Matched broad public screener and configured penny/microcap filters.
COPL,Copley Acquisition Corp Ordinary Shares,10.585,0.0,28483.0,,301492.55500000005,NYSE,,,,True,Matched broad public screener and configured penny/microcap filters.
LAFA,LaFayette Acquisition Corp. Ordinary Share,10.19,0.0,29356.0,,299137.64,NASDAQ,,,,True,Matched broad public screener and configured penny/microcap filters.
NMS,Nuveen Minnesota Quality Municipal Income Fund ,9.97,0.0,29603.0,,295141.91000000003,NYSE,Finance,Finance Companies,,True,Matched broad public screener and configured penny/microcap filters.
EEA,The European Equity Fund Inc. Common Stock,10.3,0.0,28557.0,,294137.10000000003,NYSE,Finance,Trusts Except Educational Religious and Charitable,,True,Matched broad public screener and configured penny/microcap filters.
RIBBU,Ribbon Acquisition Corp Unit,16.89,0.0,17373.0,,293429.97000000003,NASDAQ,,,,True,Matched broad public screener and configured penny/microcap filters.
SZZL,Sizzle Acquisition Corp. II Class A ordinary shares,10.48,0.0,27419.0,,287351.12,NASDAQ,Finance,Blank Checks,,True,Matched broad public screener and configured penny/microcap filters.
SPMC,Sound Point Meridian Capital Inc. Common Stock,8.22,0.0,34293.0,,281888.46,NYSE,,,,True,Matched broad public screener and configured penny/microcap filters.
MKLY,McKinley Acquisition Corporation Class A Ordinary Shares,10.27,0.0,26930.0,,276571.1,NASDAQ,Finance,Blank Checks,,True,Matched broad public screener and configured penny/microcap filters.
EVG,Eaton Vance Short Diversified Income Fund Eaton Vance Short Duration Diversified Income Fund Common Shares of Beneficial Interest,9.93,0.0,27787.0,,275924.91,NYSE,Finance,Investment Managers,,True,Matched broad public screener and configured penny/microcap filters.
PTOR,Praetorian Acquisition Corp. Class A Ordinary Shares,9.955,0.0,27461.0,,273374.255,NASDAQ,Finance,Blank Checks,,True,Matched broad public screener and configured penny/microcap filters.
AFJKU,Aimei Health Technology Co. Ltd Unit,11.19,0.0,24254.0,,271402.26,NASDAQ,,,,True,Matched broad public screener and configured penny/microcap filters.
RAC,Rithm Acquisition Corp. Class A Ordinary Shares,10.55,0.0,25318.0,,267104.9,NYSE,,,,True,Matched broad public screener and configured penny/microcap filters.
MEVO,M Evo Global Acquisition Corp II Class A Ordinary Shares,10.01,0.0,26483.0,,265094.83,NASDAQ,Finance,Blank Checks,,True,Matched broad public screener and configured penny/microcap filters.
JACS,Jackson Acquisition Company II Class A Ordinary Shares,10.83,0.0,24476.0,,265075.08,NYSE,,,,True,Matched broad public screener and configured penny/microcap filters.
BIXI,Bitcoin Infrastructure Acquisition Corp Ltd. Class A Ordinary Shares,10.13,0.0,25118.0,,254445.34000000003,NASDAQ,,,,True,Matched broad public screener and configured penny/microcap filters.
WENN,Wen Acquisition Corp Class A Ordinary Shares,10.42,0.0,24364.0,,253872.88,NASDAQ,,,,True,Matched broad public screener and configured penny/microcap filters.
OYSE,Oyster Enterprises II Acquisition Corp Class A Ordinary Shares,10.405,0.0,24369.0,,253559.44499999998,NASDAQ,Finance,Blank Checks,,True,Matched broad public screener and configured penny/microcap filters.
WLII,Willow Lane Acquisition Corp. II Class A Ordinary Shares,10.29,0.0,24620.0,,253339.8,NASDAQ,Finance,Blank Checks,,True,Matched broad public screener and configured penny/microcap filters.
LPBB,Launch Two Acquisition Corp. Class A Ordinary Shares,10.83,0.0,23390.0,,253313.7,NASDAQ,,,,True,Matched broad public screener and configured penny/microcap filters.
HACQ,HCM IV Acquisition Corp. Class A Ordinary Share,10.04,0.0,25227.0,,253279.08,NASDAQ,Finance,Blank Checks,,True,Matched broad public screener and configured penny/microcap filters.
FIGX,FIGX Capital Acquisition Corp. Class A Ordinary Share,10.32,0.0,24389.0,,251694.48,NASDAQ,Finance,Blank Checks,,True,Matched broad public screener and configured penny/microcap filters.
ARTC,Art Technology Acquisition Corp. Class A Ordinary Shares,10.02,0.0,25048.0,,250980.96,NASDAQ,Finance,Blank Checks,,True,Matched broad public screener and configured penny/microcap filters.
TMTS,Spartacus Acquisition Corp. II Class A Ordinary Shares,10.025,0.0,24917.0,,249792.92500000002,NASDAQ,,,,True,Matched broad public screener and configured penny/microcap filters.
ALOV,Aldabra 4 Liquidity Opportunity Vehicle Inc. Class A Ordinary Shares,10.01,0.0,24911.0,,249359.11,NASDAQ,,,,True,Matched broad public screener and configured penny/microcap filters.
SAAQ,Space Asset Acquisition Corp. Class A Ordinary Shares,10.06,0.0,24741.0,,248894.46000000002,NASDAQ,Finance,Blank Checks,,True,Matched broad public screener and configured penny/microcap filters.
DNMXU,Dynamix Corporation III Unit,10.1301,0.0,24557.0,,248764.86570000002,NASDAQ,Finance,Blank Checks,,True,Matched broad public screener and configured penny/microcap filters.
MEVOU,M Evo Global Acquisition Corp II Units,10.19,0.0,24349.0,,248116.31,NASDAQ,Finance,Blank Checks,,True,Matched broad public screener and configured penny/microcap filters.
TWLVU,Twelve Seas Investment Company III Units,10.16,0.0,24349.0,,247385.84,NASDAQ,Finance,Blank Checks,,True,Matched broad public screener and configured penny/microcap filters.
TDWD,Tailwind 2.0 Acquisition Corp. Class A Ordinary Shares,10.14,0.0,24362.0,,247030.68000000002,NASDAQ,Finance,Blank Checks,,True,Matched broad public screener and configured penny/microcap filters.
IGAC,Invest Green Acquisition Corporation Class A Ordinary Shares,10.09,0.0,24479.0,,246993.11,NASDAQ,Finance,Blank Checks,,True,Matched broad public screener and configured penny/microcap filters.
ITHA,ITHAX Acquisition Corp III Class A Ordinary Shares,10.08,0.0,24416.0,,246113.28,NASDAQ,,,,True,Matched broad public screener and configured penny/microcap filters.
SCPQ,Social Commerce Partners Corporation Class A Ordinary Shares,10.095,0.0,24360.0,,245914.2,NASDAQ,,,,True,Matched broad public screener and configured penny/microcap filters.
SORN,Soren Acquisition Corp. Class A Ordinary Shares,10.02,0.0,24369.0,,244177.37999999998,NASDAQ,Finance,Blank Checks,,True,Matched broad public screener and configured penny/microcap filters.
YICC,Yorkville International Capital Corp. Class A Ordinary Shares,9.925,0.0,24360.0,,241773.00000000003,NASDAQ,Finance,Blank Checks,,True,Matched broad public screener and configured penny/microcap filters.
HEQ,John Hancock Diversified Income Fund Common Shares of Beneficial Interest,11.0,0.0,21242.0,,233662.0,NYSE,Finance,Investment Managers,,True,Matched broad public screener and configured penny/microcap filters.
CAES,Cantor Equity Partners VII Inc. Class A Ordinary Shares,10.05,0.0,23215.0,,233310.75000000003,NASDAQ,Finance,Blank Checks,,True,Matched broad public screener and configured penny/microcap filters.
GF,New Germany Fund Inc. (The) Common Stock,10.68,0.0,21829.0,,233133.72,NYSE,Finance,Investment Managers,,True,Matched broad public screener and configured penny/microcap filters.
PFO,Flaherty & Crumrine Preferred and Income Opportunity Fund Incorporated,8.62,0.0,26275.0,,226490.49999999997,NYSE,Finance,Finance Companies,,True,Matched broad public screener and configured penny/microcap filters.
VLT,Invesco High Income Trust II,9.04,0.0,24937.0,,225430.47999999998,NYSE,Finance,Trusts Except Educational Religious and Charitable,,True,Matched broad public screener and configured penny/microcap filters.
TDF,Templeton Dragon Fund Inc. Common Stock,9.63,0.0,23095.0,,222404.85,NYSE,Finance,Finance/Investors Services,,True,Matched broad public screener and configured penny/microcap filters.
KRSP,Rice Acquisition Corporation 3 Class A Ordinary Shares,10.63,0.0,20791.0,,221008.33000000002,NYSE,,,,True,Matched broad public screener and configured penny/microcap filters.
HERZ,Herzfeld Credit Income Fund Inc. Common Stock,15.4599,0.0,14066.0,,217458.9534,NASDAQ,Finance,Investment Managers,,True,Matched broad public screener and configured penny/microcap filters.
GPAC,General Purpose Acquisition Corp. Class A Ordinary Shares,10.09,0.0,21061.0,,212505.49,NASDAQ,,,,True,Matched broad public screener and configured penny/microcap filters.
ACAAW,Averin Capital Acquisition Corp. Warrants,0.65,0.0,317807.0,,206574.55000000002,NASDAQ,Finance,Blank Checks,,True,Matched broad public screener and configured penny/microcap filters.
PAI,Western Asset Investment Grade Income Fund Inc.,11.35,0.0,18022.0,,204549.69999999998,NYSE,Finance,Trusts Except Educational Religious and Charitable,,True,Matched broad public screener and configured penny/microcap filters.
CEE,The Central and Eastern Europe Fund Inc. (The) Common Stock,18.13,0.0,11128.0,,201750.63999999998,NYSE,Finance,Finance Companies,,True,Matched broad public screener and configured penny/microcap filters.
ATLQ,JAB Acquisition Corp I Class A Ordinary Shares,9.985,0.0,19981.0,,199510.28499999997,NASDAQ,Finance,Blank Checks,,True,Matched broad public screener and configured penny/microcap filters.
OSPR,Osprey Acquisition Corp. III Class A Ordinary Shares,9.82,0.0,19870.0,,195123.4,NASDAQ,Finance,Blank Checks,,True,Matched broad public screener and configured penny/microcap filters.
BCSS,Bain Capital GSS Investment Corp. Class A Ordinary Shares,10.29,0.0,18556.0,,190941.24,NYSE,,,,True,Matched broad public screener and configured penny/microcap filters.
INAC,Indigo Acquisition Corp. Ordinary Shares,10.38,0.0,18279.0,,189736.02000000002,NASDAQ,,,,True,Matched broad public screener and configured penny/microcap filters.
FVNNU,Future Vision II Acquisition Corporation Units,9.99,0.0,17246.0,,172287.54,NASDAQ,,,,True,Matched broad public screener and configured penny/microcap filters.
ZCMD,Zhongchao Inc. Class A Ordinary Shares,0.8766,0.0,193309.0,,169454.6694,NASDAQ,Real Estate,Other Consumer Services,,True,Matched broad public screener and configured penny/microcap filters.
JATT,JATT II Acquisition Corp Ordinary Shares,10.81,0.0,15365.0,,166095.65,NASDAQ,Finance,Blank Checks,,True,Matched broad public screener and configured penny/microcap filters.
WPAC,White Pearl Acquisition Corp. Class A Ordinary Shares,10.09,0.0,16267.0,,164134.03,NYSE,Finance,Blank Checks,,True,Matched broad public screener and configured penny/microcap filters.
BEAGR,Bold Eagle Acquisition Corp. Right,0.231,0.0,704535.0,,162747.58500000002,NASDAQ,Finance,Blank Checks,,True,Matched broad public screener and configured penny/microcap filters.
ALIS,Calisa Acquisition Corp Ordinary shares,10.31,0.0,13433.0,,138494.23,NASDAQ,,,,True,Matched broad public screener and configured penny/microcap filters.
THEO,BOA Acquisition Corp. II Class A Ordinary Shares,9.905,0.0,13201.0,,130755.90499999998,NASDAQ,Finance,Blank Checks,,True,Matched broad public screener and configured penny/microcap filters.
SPKL,Spark I Acquisition Corp. Class A Ordinary Share,11.47,0.0,10863.0,,124598.61,NASDAQ,Miscellaneous,Industrial Machinery/Components,,True,Matched broad public screener and configured penny/microcap filters.
RDAC,Rising Dragon Acquisition Corp. Ordinary Shares,5.39,0.0,22556.0,,121576.84,NASDAQ,,,,True,Matched broad public screener and configured penny/microcap filters.
CAF,Morgan Stanley China A Share Fund Inc. Common Stock,17.592,0.0,6584.0,,115825.72799999999,NYSE,Finance,Investment Managers,,True,Matched broad public screener and configured penny/microcap filters.
IGI,Western Asset Investment Grade Opportunity Trust Inc. Common Stock,15.69,0.0,6679.0,,104793.51,NYSE,Finance,Investment Managers,,True,Matched broad public screener and configured penny/microcap filters.
RFAM,RF Acquisition Corp III Ordinary Shares,9.99,0.0,10301.0,,102906.99,NASDAQ,,,,True,Matched broad public screener and configured penny/microcap filters.
XFLH,XFLH Capital Corporation Ordinary Shares,10.06,0.0,10033.0,,100931.98000000001,NYSE,Finance,Blank Checks,,True,Matched broad public screener and configured penny/microcap filters.
JMM,Nuveen Multi-Market Income Fund (MA),5.54,0.0,18155.0,,100578.7,NYSE,Finance,Trusts Except Educational Religious and Charitable,,True,Matched broad public screener and configured penny/microcap filters.
KEYYW,Keystone Acquisition Corp. Warrants,0.395,0.0,240473.0,,94986.835,NASDAQ,Finance,Blank Checks,,True,Matched broad public screener and configured penny/microcap filters.
QETA,Quetta Acquisition Corporation Common Stock,11.79,0.0,8003.0,,94355.37,NASDAQ,Finance,Blank Checks,,True,Matched broad public screener and configured penny/microcap filters.
ALISU,Calisa Acquisition Corp Units,11.7,0.0,7793.0,,91178.09999999999,NASDAQ,,,,True,Matched broad public screener and configured penny/microcap filters.
ASPC,A SPAC III Acquisition Corp. Class A Ordinary Shares,10.89,0.0,8291.0,,90288.99,NASDAQ,Finance,Blank Checks,,True,Matched broad public screener and configured penny/microcap filters.
IEAGR,Infinite Eagle Acquisition Corp. Rights,0.2,0.0,422093.0,,84418.6,NASDAQ,Finance,Blank Checks,,True,Matched broad public screener and configured penny/microcap filters.
CTHH,Qwest Corporation 6.750% Senior Notes due 2052 (denominations of $25),16.4,0.0,5067.0,,83098.79999999999,NYSE,Telecommunications,Telecommunications Equipment,,True,Matched broad public screener and configured penny/microcap filters.
AFJK,Aimei Health Technology Co. Ltd Ordinary Share,12.59,0.0,6572.0,,82741.48,NASDAQ,,,,True,Matched broad public screener and configured penny/microcap filters.
EWAVU,East West Ave Acquisition Corp. Units,10.05,0.0,8024.0,,80641.20000000001,NASDAQ,Finance,Blank Checks,,True,Matched broad public screener and configured penny/microcap filters.
SWZ,Total Return Securities Fund Common Stock,5.72,0.0,13558.0,,77551.76,NYSE,Finance,Finance Companies,,True,Matched broad public screener and configured penny/microcap filters.
LPAA,Launch One Acquisition Corp. Class A Ordinary shares,10.85,0.0,6824.0,,74040.4,NASDAQ,,,,True,Matched broad public screener and configured penny/microcap filters.
SDHI,Siddhi Acquisition Corp Class A Common stock,10.56,0.0,6811.0,,71924.16,NASDAQ,Finance,Blank Checks,,True,Matched broad public screener and configured penny/microcap filters.
ORIQ,Origin Investment Corp I Ordinary Shares,10.42,0.0,6582.0,,68584.44,NASDAQ,,,,True,Matched broad public screener and configured penny/microcap filters.
MCAHU,Mountain Crest Acquisition 6 Corp. Units,10.2501,0.0,6679.0,,68460.4179,NASDAQ,Finance,Blank Checks,,True,Matched broad public screener and configured penny/microcap filters.
DMA,Destra Multi-Alternative Fund Common Stock,7.47,0.0,8837.0,,66012.39,NYSE,Finance,Trusts Except Educational Religious and Charitable,,True,Matched broad public screener and configured penny/microcap filters.
KPET,KPET Ultra Paceline Corporation Class A Ordinary Shares,10.02,0.0,5604.0,,56152.079999999994,NYSE,,,,True,Matched broad public screener and configured penny/microcap filters.
GIW,GigCapital8 Corp. Class A Ordinary Shares,10.18,0.0,5330.0,,54259.4,NASDAQ,Finance,Blank Checks,,True,Matched broad public screener and configured penny/microcap filters.
LKSPR,Lake Superior Acquisition Corp. Rights,1.5,0.0,35549.0,,53323.5,NASDAQ,,,,True,Matched broad public screener and configured penny/microcap filters.
CHPG,ChampionsGate Acquisition Corporation Class A Ordinary Share,10.48,0.0,5052.0,,52944.96,NASDAQ,,,,True,Matched broad public screener and configured penny/microcap filters.
BWIV,Blue Water Acquisition Corp. IV Class A Ordinary Shares,9.98,0.0,5076.0,,50658.48,NYSE,Finance,Blank Checks,,True,Matched broad public screener and configured penny/microcap filters.
RCG,RENN Fund Inc Common Stock,2.9601,0.0,17033.0,,50419.3833,AMEX,Finance,Investment Managers,,True,Matched broad public screener and configured penny/microcap filters.
PDCC,Pearl Diver Credit Company Inc. Common Stock,8.52,0.0,5897.0,,50242.439999999995,NYSE,,,,True,Matched broad public screener and configured penny/microcap filters.
QSEA,Quartzsea Acquisition Corporation Ordinary Shares,10.71,0.0,4555.0,,48784.05,NASDAQ,Finance,Blank Checks,,True,Matched broad public screener and configured penny/microcap filters.
MCGA,Yorkville Acquisition Corp. Class A Ordinary Share,10.35,0.0,4638.0,,48003.299999999996,NASDAQ,Utilities,Electric Utilities: Central,,True,Matched broad public screener and configured penny/microcap filters.
NTWOW,Newbury Street II Acquisition Corp Warrant,0.95,0.0,48406.0,,45985.7,NASDAQ,,,,True,Matched broad public screener and configured penny/microcap filters.
MCAH,Mountain Crest Acquisition 6 Corp. Ordinary Shares,10.0461,0.0,4564.0,,45850.4004,NASDAQ,Finance,Blank Checks,,True,Matched broad public screener and configured penny/microcap filters.
RNAQ,Rainier Acquisition Corporation Class A Ordinary Shares,10.03,0.0,4246.0,,42587.38,NASDAQ,Finance,Blank Checks,,True,Matched broad public screener and configured penny/microcap filters.
OTGAU,OTG Acquisition Corp. I Unit,10.4,0.0,3842.0,,39956.8,NASDAQ,Finance,Blank Checks,,True,Matched broad public screener and configured penny/microcap filters.
BCCQW,Bleichroeder Acquisition Corp. III Warrant,0.865,0.0,44217.0,,38247.705,NASDAQ,Finance,Blank Checks,,True,Matched broad public screener and configured penny/microcap filters.
FJDIU,ARC Group Securities Acquisition I Units,10.04,0.0,3704.0,,37188.159999999996,NASDAQ,,,,True,Matched broad public screener and configured penny/microcap filters.
PLMK,Plum Acquisition Corp. IV Class A Ordinary Shares,10.69,0.0,3354.0,,35854.259999999995,NASDAQ,,,,True,Matched broad public screener and configured penny/microcap filters.
BHV,BlackRock Virginia Municipal Bond Trust,11.21,0.0,2989.0,,33506.69,NYSE,Finance,Finance/Investors Services,,True,Matched broad public screener and configured penny/microcap filters.
APURR,Aperture AC Rights,0.3,0.0,104380.0,,31314.0,NASDAQ,Finance,Blank Checks,,True,Matched broad public screener and configured penny/microcap filters.
VLOS,Velos Acquisition I Corp. Class A Ordinary shares,10.715,0.0,2893.0,,30998.495,NASDAQ,,,,True,Matched broad public screener and configured penny/microcap filters.
TDAC,Translational Development Acquisition Corp. Ordinary Shares,10.845,0.0,2723.0,,29530.935,NASDAQ,,,,True,Matched broad public screener and configured penny/microcap filters.
GJH,Synthetic Fixed-Income Securities Inc 6.375% (STRATS) Cl A-1,9.3214,0.0,3093.0,,28831.090200000002,NYSE,Finance,Finance: Consumer Services,,True,Matched broad public screener and configured penny/microcap filters.
FMY,First Trust Mortgage Income Fund Common Shares of Beneficial Interest,11.08,0.0,2566.0,,28431.28,NYSE,Finance,Finance/Investors Services,,True,Matched broad public screener and configured penny/microcap filters.
MYX,Maywood Acquisition Corp. 2 Class A Ordinary Share,10.03,0.0,2706.0,,27141.179999999997,NASDAQ,Finance,Blank Checks,,True,Matched broad public screener and configured penny/microcap filters.
SIMA,SIM Acquisition Corp. I Class A Ordinary Shares,10.92,0.0,2388.0,,26076.96,NASDAQ,Miscellaneous,Industrial Machinery/Components,,True,Matched broad public screener and configured penny/microcap filters.
CFND,C1 Fund Inc. Common Stock,3.03,0.0,8590.0,,26027.699999999997,NYSE,,,,True,Matched broad public screener and configured penny/microcap filters.
DYOR,Insight Digital Partners II Class A Ordinary Shares,10.15,0.0,2550.0,,25882.5,NASDAQ,Finance,Blank Checks,,True,Matched broad public screener and configured penny/microcap filters.
SUMAR,SUMA Acquisition Corporation Rights,0.235,0.0,109570.0,,25748.949999999997,NASDAQ,Finance,Blank Checks,,True,Matched broad public screener and configured penny/microcap filters.
SCII,SC II Acquisition Corp. Class A ordinary share,10.18,0.0,2515.0,,25602.7,NASDAQ,,,,True,Matched broad public screener and configured penny/microcap filters.
RNAQU,Rainier Acquisition Corporation Units,10.065,0.0,2451.0,,24669.315,NASDAQ,Finance,Blank Checks,,True,Matched broad public screener and configured penny/microcap filters.
GDL,GDL Fund The Common Shares of Beneficial Interest,8.35,0.0,2889.0,,24123.149999999998,NYSE,Finance,Investment Managers,,True,Matched broad public screener and configured penny/microcap filters.
GSRFR,GSR IV Acquisition Corp. Rights,2.26,0.0,10281.0,,23235.059999999998,NASDAQ,,,,True,Matched broad public screener and configured penny/microcap filters.
GRF,Eagle Capital Growth Fund Inc. Common Stock,10.1586,0.0,2283.0,,23192.0838,AMEX,Finance,Finance/Investors Services,,True,Matched broad public screener and configured penny/microcap filters.
NSAI,NorthStrive Acquisition Corp I. Class A Ordinary Shares,9.93,0.0,2295.0,,22789.35,NASDAQ,,,,True,Matched broad public screener and configured penny/microcap filters.
FMACU,Future Money Acquisition Corporation Units,10.16,0.0,2215.0,,22504.4,NASDAQ,Finance,Blank Checks,,True,Matched broad public screener and configured penny/microcap filters.
NOEMW,CO2 Energy Transition Corp. Warrant,0.14,0.0,153999.0,,21559.86,NASDAQ,,,,True,Matched broad public screener and configured penny/microcap filters.
PMTR,Perimeter Acquisition Corp. I Class A Ordinary Shares,10.43,0.0,2040.0,,21277.2,NASDAQ,Finance,Blank Checks,,True,Matched broad public screener and configured penny/microcap filters.
DAAQ,Digital Asset Acquisition Corp. Class A Ordinary shares,10.47,0.0,1963.0,,20552.61,NASDAQ,Finance,Blank Checks,,True,Matched broad public screener and configured penny/microcap filters.
BRTMW,B&R Technology Merger Corp. Warrants,0.3121,0.0,65272.0,,20371.3912,NASDAQ,Finance,Blank Checks,,True,Matched broad public screener and configured penny/microcap filters.
MXE,Mexico Equity and Income Fund Inc. (The) Common Stock,12.235,0.0,1631.0,,19955.285,NYSE,Finance,Finance Companies,,True,Matched broad public screener and configured penny/microcap filters.
ATIIW,Archimedes Tech SPAC Partners II Co. Warrant,1.15,0.0,15986.0,,18383.899999999998,NASDAQ,Finance,Blank Checks,,True,Matched broad public screener and configured penny/microcap filters.
SCATU,Southern Cross Acquisition II Corp. Units,10.04,0.0,1790.0,,17971.6,NASDAQ,Finance,Blank Checks,,True,Matched broad public screener and configured penny/microcap filters.
ACGCU,ACP Holdings Acquisition Corp. Units,10.25,0.0,1705.0,,17476.25,NASDAQ,Finance,Blank Checks,,True,Matched broad public screener and configured penny/microcap filters.
GHXIW,Gores Holdings XI Inc. Warrant,0.58,0.0,29958.0,,17375.64,NASDAQ,,,,True,Matched broad public screener and configured penny/microcap filters.
KRAQW,KRAKacquisition Corp Warrants,0.4309,0.0,39675.0,,17095.9575,NASDAQ,,,,True,Matched broad public screener and configured penny/microcap filters.
TPTS,Terra Property Trust Inc. 7.00% Senior Secured Notes due 2029,14.49,0.0,1159.0,,16793.91,NYSE,Real Estate,Real Estate Investment Trusts,,True,Matched broad public screener and configured penny/microcap filters.
WTGUU,Wintergreen Acquisition Corp. Unit,11.35,0.0,1474.0,,16729.899999999998,NASDAQ,,,,True,Matched broad public screener and configured penny/microcap filters.
ARCLU,ARC Group Acquisition I Corp Unit,10.2,0.0,1640.0,,16728.0,NASDAQ,Finance,Blank Checks,,True,Matched broad public screener and configured penny/microcap filters.
OTAI,Starlink AI Acquisition Corporation Ordinary Shares,10.0,0.0,1622.0,,16220.0,NYSE,,,,True,Matched broad public screener and configured penny/microcap filters.
TLACU,Three Lions Acquisition Corp. Units,9.97,0.0,1495.0,,14905.150000000001,NASDAQ,,,,True,Matched broad public screener and configured penny/microcap filters.
CRAC,Crown Reserve Acquisition Corp. I Class A Ordinary Shares,10.24,0.0,1438.0,,14725.12,NASDAQ,,,,True,Matched broad public screener and configured penny/microcap filters.
FERA,Fifth Era Acquisition Corp I Class A Ordinary Shares,10.55,0.0,1331.0,,14042.050000000001,NASDAQ,,,,True,Matched broad public screener and configured penny/microcap filters.
XIIIW,Churchill Capital Corp XIII Warrants,1.55,0.0,8944.0,,13863.2,NASDAQ,,,,True,Matched broad public screener and configured penny/microcap filters.
BCCQU,Bleichroeder Acquisition Corp. III Units,10.25,0.0,1314.0,,13468.5,NASDAQ,Finance,Blank Checks,,True,Matched broad public screener and configured penny/microcap filters.
IEAGU,Infinite Eagle Acquisition Corp. Unit,10.36,0.0,1290.0,,13364.4,NASDAQ,,,,True,Matched broad public screener and configured penny/microcap filters.
OIMAW,OneIM Acquisition Corp. Warrant,0.655,0.0,20372.0,,13343.66,NASDAQ,,,,True,Matched broad public screener and configured penny/microcap filters.
RACD,Research Alliance Corporation IV Class A Ordinary Shares,12.12,0.0,1059.0,,12835.08,NASDAQ,,,,True,Matched broad public screener and configured penny/microcap filters.
TRGSR,TRG Latin America Acquisitions Corp. Rights,0.1503,0.0,85221.0,,12808.716299999998,NASDAQ,Finance,Blank Checks,,True,Matched broad public screener and configured penny/microcap filters.
LTGRW,Long Table Growth Corp. Warrants,0.26,0.0,48857.0,,12702.82,NASDAQ,,,,True,Matched broad public screener and configured penny/microcap filters.
IDACW,Iron Dome Acquisition I Corp. Warrant,0.26,0.0,48697.0,,12661.220000000001,NASDAQ,,,,True,Matched broad public screener and configured penny/microcap filters.
BLZRW,Trailblazer Acquisition Corp. Warrant,0.3799,0.0,32664.0,,12409.053600000001,NASDAQ,Finance,Blank Checks,,True,Matched broad public screener and configured penny/microcap filters.
CAIIW,Collective Acquisition Corp. II Warrants,0.16,0.0,72754.0,,11640.64,NASDAQ,Finance,Blank Checks,,True,Matched broad public screener and configured penny/microcap filters.
CATLR,Catalyst Acquisition Corp. Rights,0.1961,0.0,59244.0,,11617.7484,NASDAQ,Finance,Blank Checks,,True,Matched broad public screener and configured penny/microcap filters.
NHIVW,NewHold Investment Corp IV Warrants,0.4604,0.0,24349.0,,11210.2796,NASDAQ,Finance,Blank Checks,,True,Matched broad public screener and configured penny/microcap filters.
GCGRU,General Catalyst Global Resilience Merger Corp. Units,10.32,0.0,1059.0,,10928.880000000001,NASDAQ,,,,True,Matched broad public screener and configured penny/microcap filters.
AACIW,Armada Acquisition Corp. III Warrant,0.25,0.0,43554.0,,10888.5,NASDAQ,Finance,Blank Checks,,True,Matched broad public screener and configured penny/microcap filters.
SPKLW,Spark I Acquisition Corp. Warrant,0.9599,0.0,11071.0,,10627.0529,NASDAQ,Miscellaneous,Industrial Machinery/Components,,True,Matched broad public screener and configured penny/microcap filters.
SAAQW,Space Asset Acquisition Corp. Warrants,0.4499,0.0,23405.0,,10529.9095,NASDAQ,Finance,Blank Checks,,True,Matched broad public screener and configured penny/microcap filters.
HCICR,Hennessy Capital Investment Corp. VIII Share Rights,0.0862,0.0,122119.0,,10526.657799999999,NASDAQ,,,,True,Matched broad public screener and configured penny/microcap filters.
DMAA,Drugs Made In America Acquisition Corp. Ordinary Shares,10.89,0.0,926.0,,10084.140000000001,NASDAQ,,,,True,Matched broad public screener and configured penny/microcap filters.
BRKH,Burtech Acquisition Corp II Class A Ordinary Shares,10.011,0.0,1004.0,,10051.044,NASDAQ,Finance,Blank Checks,,True,Matched broad public screener and configured penny/microcap filters.
RDAGW,Republic Digital Acquisition Company Warrants,0.25,0.0,38803.0,,9700.75,NASDAQ,Finance,Blank Checks,,True,Matched broad public screener and configured penny/microcap filters.
PLUN,Plutonian Acquisition Corp II Class A Ordinary Shares,10.08,0.0,930.0,,9374.4,NYSE,,,,True,Matched broad public screener and configured penny/microcap filters.
VHCPW,Vine Hill Capital Investment Corp. II Warrants,0.33,0.0,28407.0,,9374.310000000001,NASDAQ,,,,True,Matched broad public screener and configured penny/microcap filters.
DNMX,Dynamix Corporation III Class A Ordinary Shares,10.08,0.0,919.0,,9263.52,NASDAQ,Finance,Blank Checks,,True,Matched broad public screener and configured penny/microcap filters.
PTACW,Patriot Acquisition Corp. Warrants,0.1901,0.0,48697.0,,9257.2997,NASDAQ,Finance,Blank Checks,,True,Matched broad public screener and configured penny/microcap filters.
ARCL,ARC Group Acquisition I Corp Class A Ordinary Shares,10.0,0.0,918.0,,9180.0,NASDAQ,Finance,Blank Checks,,True,Matched broad public screener and configured penny/microcap filters.
SHOTR,RMG ML Sports Holdings Rights,0.125,0.0,73046.0,,9130.75,NASDAQ,,,,True,Matched broad public screener and configured penny/microcap filters.
APUR,Aperture AC Class A Ordinary Shares,10.04,0.0,907.0,,9106.279999999999,NASDAQ,Finance,Blank Checks,,True,Matched broad public screener and configured penny/microcap filters.
WTG,Wintergreen Acquisition Corp. Ordinary Shares,10.67,0.0,831.0,,8866.77,NASDAQ,Finance,Blank Checks,,True,Matched broad public screener and configured penny/microcap filters.
RIBB,Ribbon Acquisition Corp Class A Ordinary Shares,8.4,0.0,1033.0,,8677.2,NASDAQ,,,,True,Matched broad public screener and configured penny/microcap filters.
WLCOW,Wilco 63 Corporation Warrant,0.28,0.0,30436.0,,8522.08,NASDAQ,Finance,Blank Checks,,True,Matched broad public screener and configured penny/microcap filters.
ISNRW,Snow Rothschild Acquisition Corp. Warrants,0.23,0.0,36613.0,,8420.99,NASDAQ,Finance,Blank Checks,,True,Matched broad public screener and configured penny/microcap filters.
RTACW,Renatus Tactical Acquisition Corp I Warrant,0.5,0.0,16816.0,,8408.0,NASDAQ,Finance,Blank Checks,,True,Matched broad public screener and configured penny/microcap filters.
POLE,Andretti Acquisition Corp. II Class A Ordinary Shares,10.74,0.0,778.0,,8355.72,NASDAQ,,,,True,Matched broad public screener and configured penny/microcap filters.
SOCAW,Solarius Capital Acquisition Corp. Warrant,0.1999,0.0,41450.0,,8285.855,NASDAQ,,,,True,Matched broad public screener and configured penny/microcap filters.
OCLT,OceanLight Acquisition Corporation Ordinary Shares,9.91,0.0,834.0,,8264.94,NASDAQ,Finance,Blank Checks,,True,Matched broad public screener and configured penny/microcap filters.
OCAC,Ocean Capital Acquisition Corporation Ordinary Shares,10.0,0.0,822.0,,8220.0,NYSE,Finance,Blank Checks,,True,Matched broad public screener and configured penny/microcap filters.
OHACU,Oceanhawk Acquisition Corp. Units,10.2,0.0,802.0,,8180.4,NASDAQ,,,,True,Matched broad public screener and configured penny/microcap filters.
AMAN,Amanat Acquisition Corp Class A Ordinary Shares,10.64,0.0,765.0,,8139.6,NASDAQ,Finance,Blank Checks,,True,Matched broad public screener and configured penny/microcap filters.
AACOW,Abony Acquisition Corp. I Warrants,0.4,0.0,20291.0,,8116.400000000001,NASDAQ,,,,True,Matched broad public screener and configured penny/microcap filters.
RFAIR,RF Acquisition Corp II Right,0.16,0.0,50467.0,,8074.72,NASDAQ,Technology,Computer Software: Prepackaged Software,,True,Matched broad public screener and configured penny/microcap filters.
HCACR,Hall Chadwick Acquisition Corp Rights,0.23,0.0,34439.0,,7920.97,NASDAQ,,,,True,Matched broad public screener and configured penny/microcap filters.
DMIIR,Drugs Made In America Acquisition II Corp. Right,0.0642,0.0,122306.0,,7852.0452,NASDAQ,Finance,Blank Checks,,True,Matched broad public screener and configured penny/microcap filters.
PALOW,Paloma Acquisition Corp I Warrants,0.32,0.0,24349.0,,7791.68,NASDAQ,Finance,Blank Checks,,True,Matched broad public screener and configured penny/microcap filters.
NCOOR,Southern Cross Acquisition I Corp. Rights,0.1701,0.0,43000.0,,7314.3,NASDAQ,Finance,Blank Checks,,True,Matched broad public screener and configured penny/microcap filters.
QADRW,QDRO Acquisition Corp. Warrant,0.24,0.0,30436.0,,7304.639999999999,NASDAQ,Finance,Blank Checks,,True,Matched broad public screener and configured penny/microcap filters.
CCCTW,Columbus Circle Capital Corp III Warrants,0.37,0.0,19581.0,,7244.97,NASDAQ,,,,True,Matched broad public screener and configured penny/microcap filters.
DGAC,Disciplined Growth Acquisition Corporation Class A Ordinary Shares,10.0,0.0,714.0,,7140.0,NYSE,,,,True,Matched broad public screener and configured penny/microcap filters.
IBAC,IB Acquisition Corp. Common Stock,10.9101,0.0,653.0,,7124.2953,NASDAQ,Finance,Blank Checks,,True,Matched broad public screener and configured penny/microcap filters.
JTTT,JATT III Acquisition Corp Ordinary Shares,10.85,0.0,647.0,,7019.95,NASDAQ,Finance,Blank Checks,,True,Matched broad public screener and configured penny/microcap filters.
APXTW,Apex Treasury Corporation Warrants,0.2801,0.0,25033.0,,7011.7433,NASDAQ,Finance,Blank Checks,,True,Matched broad public screener and configured penny/microcap filters.
MCGAU,Yorkville Acquisition Corp. Unit,10.42,0.0,671.0,,6991.82,NASDAQ,Finance,Blank Checks,,True,Matched broad public screener and configured penny/microcap filters.
DBCAW,D. Boral Acquisition I Corp. Warrants,0.35,0.0,19732.0,,6906.2,NASDAQ,Finance,Blank Checks,,True,Matched broad public screener and configured penny/microcap filters.
MKLYR,McKinley Acquisition Corporation Rights,0.2778,0.0,24550.0,,6819.99,NASDAQ,Finance,Blank Checks,,True,Matched broad public screener and configured penny/microcap filters.
FWACR,Futurewave Acquisition Corporation Rights,0.12,0.0,56410.0,,6769.2,NASDAQ,Finance,Blank Checks,,True,Matched broad public screener and configured penny/microcap filters.
ALDF,Aldel Financial II Inc. Class A Ordinary Shares,10.8201,0.0,623.0,,6740.9223,NASDAQ,,,,True,Matched broad public screener and configured penny/microcap filters.
MIACW,Meridian3 Industrials Acquisition Corp Warrant,0.34,0.0,19581.0,,6657.540000000001,NASDAQ,,,,True,Matched broad public screener and configured penny/microcap filters.
CEPS,Cantor Equity Partners VI Inc. Class A Ordinary Shares,10.28,0.0,632.0,,6496.96,NASDAQ,Finance,Blank Checks,,True,Matched broad public screener and configured penny/microcap filters.
XTERW,Karman Line Acquisition Corp. Warrants,0.2601,0.0,24476.0,,6366.2076,NASDAQ,Finance,Blank Checks,,True,Matched broad public screener and configured penny/microcap filters.
DMIIU,Drugs Made In America Acquisition II Corp. Unit,10.2,0.0,622.0,,6344.4,NASDAQ,,,,True,Matched broad public screener and configured penny/microcap filters.
RDACR,Rising Dragon Acquisition Corp. Rights,0.093,0.0,68111.0,,6334.323,NASDAQ,Finance,Blank Checks,,True,Matched broad public screener and configured penny/microcap filters.
FJDIR,ARC Group Securities Acquisition I Rights,0.1525,0.0,40311.0,,6147.4275,NASDAQ,,,,True,Matched broad public screener and configured penny/microcap filters.
FDMMW,Freedom Metals Acquisition Corp. Warrants,0.31,0.0,19582.0,,6070.42,NASDAQ,Finance,Blank Checks,,True,Matched broad public screener and configured penny/microcap filters.
ADACW,American Drive Acquisition Company Warrant,0.37,0.0,16233.0,,6006.21,NASDAQ,,,,True,Matched broad public screener and configured penny/microcap filters.
MRCOW,Mercator Acquisition Corp. Warrant,0.3,0.0,19581.0,,5874.3,NASDAQ,Finance,Blank Checks,,True,Matched broad public screener and configured penny/microcap filters.
EVOXW,Evolution Global Acquisition Corp Warrants,0.31,0.0,18714.0,,5801.34,NASDAQ,Finance,Blank Checks,,True,Matched broad public screener and configured penny/microcap filters.
CAQUW,Cambridge Acquisition Corp. Warrants,0.3156,0.0,18288.0,,5771.6928,NASDAQ,,,,True,Matched broad public screener and configured penny/microcap filters.
GSRVR,GSR V Acquisition Corp. Rights,1.26,0.0,4528.0,,5705.28,NASDAQ,Finance,Blank Checks,,True,Matched broad public screener and configured penny/microcap filters.
LCCCU,Lakeshore Acquisition III Corp. Unit,10.8,0.0,523.0,,5648.400000000001,NASDAQ,Finance,Blank Checks,,True,Matched broad public screener and configured penny/microcap filters.
BIDWR,Tribeca Strategic Acquisition Corp. Rights,0.115,0.0,48790.0,,5610.85,NASDAQ,Finance,Blank Checks,,True,Matched broad public screener and configured penny/microcap filters.
KOYNW,CSLM Digital Asset Acquisition Corp III Warrants,0.18,0.0,30436.0,,5478.48,NASDAQ,,,,True,Matched broad public screener and configured penny/microcap filters.
TVIVW,Texas Ventures Acquisition IV Corp Warrant,0.2216,0.0,24349.0,,5395.7384,NASDAQ,,,,True,Matched broad public screener and configured penny/microcap filters.
GUACU,Berto Acquisition Corp. II Unit,10.06,0.0,505.0,,5080.3,NASDAQ,Finance,Blank Checks,,True,Matched broad public screener and configured penny/microcap filters.
XCBEW,X3 Acquisition Corp. Ltd. Warrant,0.2056,0.0,24349.0,,5006.1544,NASDAQ,Finance,Blank Checks,,True,Matched broad public screener and configured penny/microcap filters.
LPCVW,Launchpad Cadenza Acquisition Corp I Warrant,0.305,0.0,16280.0,,4965.4,NASDAQ,,,,True,Matched broad public screener and configured penny/microcap filters.
KBONW,Karbon Capital Partners Corp. Warrant,0.62,0.0,7680.0,,4761.6,NASDAQ,Finance,Blank Checks,,True,Matched broad public screener and configured penny/microcap filters.
ZKPW,Lafayette Digital Acquisition Corp. I Warrant,0.25,0.0,18262.0,,4565.5,NASDAQ,Finance,Blank Checks,,True,Matched broad public screener and configured penny/microcap filters.
OCLTU,OceanLight Acquisition Corporation Units,10.1341,0.0,446.0,,4519.8086,NASDAQ,Finance,Blank Checks,,True,Matched broad public screener and configured penny/microcap filters.
MESHW,Meshflow Acquisition Corp. Warrants,0.22,0.0,20294.0,,4464.68,NASDAQ,,,,True,Matched broad public screener and configured penny/microcap filters.
VLOSU,Velos Acquisition I Corp. Units,10.78,0.0,406.0,,4376.679999999999,NASDAQ,Finance,Blank Checks,,True,Matched broad public screener and configured penny/microcap filters.
ACAAU,Averin Capital Acquisition Corp. Units,10.15,0.0,429.0,,4354.35,NASDAQ,Finance,Blank Checks,,True,Matched broad public screener and configured penny/microcap filters.
SUMAU,SUMA Acquisition Corporation Units,10.249,0.0,419.0,,4294.331,NASDAQ,Finance,Blank Checks,,True,Matched broad public screener and configured penny/microcap filters.
MTAKW,Market Technology Acquisition Corp Warrants,0.1751,0.0,24476.0,,4285.7476,NASDAQ,,,,True,Matched broad public screener and configured penny/microcap filters.
IRHOR,Iron Horse Acquisitions Corp. II Rights,0.17,0.0,25172.0,,4279.240000000001,NASDAQ,Finance,Blank Checks,,True,Matched broad public screener and configured penny/microcap filters.
NSAIU,NorthStrive Acquisition Corp I. Units,10.0407,0.0,423.0,,4247.2161,NASDAQ,,,,True,Matched broad public screener and configured penny/microcap filters.
MUZEW,Muzero Acquisition Corp Warrant,0.23,0.0,18342.0,,4218.66,NASDAQ,Finance,Blank Checks,,True,Matched broad public screener and configured penny/microcap filters.
SCPQW,Social Commerce Partners Corporation Warrant,0.34,0.0,12174.0,,4139.16,NASDAQ,,,,True,Matched broad public screener and configured penny/microcap filters.
CATLU,Catalyst Acquisition Corp. Units,9.96,0.0,410.0,,4083.6000000000004,NASDAQ,Finance,Blank Checks,,True,Matched broad public screener and configured penny/microcap filters.
AMACW,AMR Resources Acquisition Corp Warrants,0.2325,0.0,17456.0,,4058.5200000000004,NASDAQ,Finance,Blank Checks,,True,Matched broad public screener and configured penny/microcap filters.
XTERU,Karman Line Acquisition Corp. Units,9.9001,0.0,407.0,,4029.3407,NASDAQ,,,,True,Matched broad public screener and configured penny/microcap filters.
BREZR,Breeze Acquisition Corp. II Right,0.29,0.0,13553.0,,3930.37,NASDAQ,Finance,Blank Checks,,True,Matched broad public screener and configured penny/microcap filters.
PACHW,Pioneer Acquisition I Corp Warrants,0.1286,0.0,30440.0,,3914.584,NASDAQ,,,,True,Matched broad public screener and configured penny/microcap filters.
CCIIU,Cohen Circle Acquisition Corp. II Unit,10.46,0.0,373.0,,3901.5800000000004,NASDAQ,,,,True,Matched broad public screener and configured penny/microcap filters.
IGACR,Invest Green Acquisition Corporation Rights,0.16,0.0,24349.0,,3895.84,NASDAQ,,,,True,Matched broad public screener and configured penny/microcap filters.
ARTCW,Art Technology Acquisition Corp. Warrants,0.3,0.0,12788.0,,3836.3999999999996,NASDAQ,,,,True,Matched broad public screener and configured penny/microcap filters.
PAACW,Proem Acquisition Corp I Warrants,0.425,0.0,9022.0,,3834.35,NASDAQ,Finance,Investment Managers,,True,Matched broad public screener and configured penny/microcap filters.
BACCR,Blue Acquisition Corp. Right ,0.41,0.0,9250.0,,3792.5,NASDAQ,Finance,Blank Checks,,True,Matched broad public screener and configured penny/microcap filters.
PLCI,Pelican Acquisition II Corporation Ordinary Shares,9.92,0.0,364.0,,3610.88,NASDAQ,Finance,Blank Checks,,True,Matched broad public screener and configured penny/microcap filters.
TLACW,Three Lions Acquisition Corp. Warrants,0.152,0.0,23421.0,,3559.9919999999997,NASDAQ,,,,True,Matched broad public screener and configured penny/microcap filters.
RREVW,RRE Ventures Acquisition Corp. Warrants,0.3501,0.0,10146.0,,3552.1146000000003,NASDAQ,Finance,Blank Checks,,True,Matched broad public screener and configured penny/microcap filters.
AACPW,Apogee Acquisition Corp Warrant,0.0568,0.0,61611.0,,3499.5048,NASDAQ,Finance,Blank Checks,,True,Matched broad public screener and configured penny/microcap filters.
ARCIW,Archimedes Tech SPAC Partners III Co. Warrant,0.41,0.0,8252.0,,3383.3199999999997,NASDAQ,,,,True,Matched broad public screener and configured penny/microcap filters.
TMTSW,Spartacus Acquisition Corp. II Warrants,0.4,0.0,8304.0,,3321.6000000000004,NASDAQ,,,,True,Matched broad public screener and configured penny/microcap filters.
APMCR,AmperCap Acquisition Company Right,0.0901,0.0,36747.0,,3310.9047,NASDAQ,Finance,Blank Checks,,True,Matched broad public screener and configured penny/microcap filters.
BDCIU,BTC Development Corp. Unit,10.29,0.0,315.0,,3241.35,NASDAQ,Finance,Blank Checks,,True,Matched broad public screener and configured penny/microcap filters.
DAAQU,Digital Asset Acquisition Corp. Units,10.9,0.0,293.0,,3193.7000000000003,NASDAQ,Finance,Blank Checks,,True,Matched broad public screener and configured penny/microcap filters.
TONT,Graf Global Corp. Class A ordinary shares,10.89,0.0,292.0,,3179.88,AMEX,,,,True,Matched broad public screener and configured penny/microcap filters.
IPVVW,InterPrivate Investment Partners V Inc. Warrants,0.3101,0.0,10226.0,,3171.0825999999997,NASDAQ,Finance,Blank Checks,,True,Matched broad public screener and configured penny/microcap filters.
PACHU,Pioneer Acquisition I Corp Units,10.38,0.0,304.0,,3155.5200000000004,NASDAQ,,,,True,Matched broad public screener and configured penny/microcap filters.
FIGXU,FIGX Capital Acquisition Corp. Units,10.3601,0.0,300.0,,3108.0299999999997,NASDAQ,Finance,Blank Checks,,True,Matched broad public screener and configured penny/microcap filters.
ALFUW,Centurion Acquisition Corp. Warrant,0.2756,0.0,11100.0,,3059.1600000000003,NASDAQ,Finance,Blank Checks,,True,Matched broad public screener and configured penny/microcap filters.
TVACU,Texas Ventures Acquisition III Corp Unit,10.7,0.0,283.0,,3028.1,NASDAQ,Finance,Blank Checks,,True,Matched broad public screener and configured penny/microcap filters.
ALOVW,Aldabra 4 Liquidity Opportunity Vehicle Inc. Warrants,0.365,0.0,8256.0,,3013.44,NASDAQ,,,,True,Matched broad public screener and configured penny/microcap filters.
IPFXW,Inflection Point Acquisition Corp. VI Warrant,0.7,0.0,4301.0,,3010.7,NASDAQ,Finance,Blank Checks,,True,Matched broad public screener and configured penny/microcap filters.
ILLUW,Illumination Acquisition Corp I Warrant,0.37,0.0,8116.0,,3002.92,NASDAQ,,,,True,Matched broad public screener and configured penny/microcap filters.
ACGCW,ACP Holdings Acquisition Corp. Warrants,0.45,0.0,6656.0,,2995.2000000000003,NASDAQ,Finance,Blank Checks,,True,Matched broad public screener and configured penny/microcap filters.
LWACW,LightWave Acquisition Corp. Warrants,0.1221,0.0,24355.0,,2973.7455,NASDAQ,Finance,Blank Checks,,True,Matched broad public screener and configured penny/microcap filters.
BACC,Blue Acquisition Corp. Class A Ordinary Shares,10.5,0.0,280.0,,2940.0,NASDAQ,Finance,Blank Checks,,True,Matched broad public screener and configured penny/microcap filters.
YICCW,Yorkville International Capital Corp. Warrants,0.36,0.0,8115.0,,2921.4,NASDAQ,Finance,Blank Checks,,True,Matched broad public screener and configured penny/microcap filters.
RANG,Range Capital Acquisition Corp. Ordinary Shares,10.86,0.0,269.0,,2921.3399999999997,NASDAQ,Finance,Blank Checks,,True,Matched broad public screener and configured penny/microcap filters.
FERAR,Fifth Era Acquisition Corp I Rights,0.2621,0.0,11140.0,,2919.794,NASDAQ,,,,True,Matched broad public screener and configured penny/microcap filters.
BRTMU,B&R Technology Merger Corp. Units,10.03,0.0,290.0,,2908.7,NASDAQ,,,,True,Matched broad public screener and configured penny/microcap filters.
LKSPU,Lake Superior Acquisition Corp. Units,10.6,0.0,258.0,,2734.7999999999997,NASDAQ,,,,True,Matched broad public screener and configured penny/microcap filters.
HACQW,HCM IV Acquisition Corp. Warrants,0.43,0.0,6298.0,,2708.14,NASDAQ,Finance,Blank Checks,,True,Matched broad public screener and configured penny/microcap filters.
MLAAW,Mountain Lake Acquisition Corp. II Warrants,0.175,0.0,15218.0,,2663.1499999999996,NASDAQ,Finance,Blank Checks,,True,Matched broad public screener and configured penny/microcap filters.
RACC,Research Alliance Corporation III Class A Ordinary Shares,10.83,0.0,243.0,,2631.69,NASDAQ,Finance,Blank Checks,,True,Matched broad public screener and configured penny/microcap filters.
BKHAU,Black Hawk Acquisition Corporation Units,12.79,0.0,200.0,,2558.0,NASDAQ,,,,True,Matched broad public screener and configured penny/microcap filters.
GIX,GigCapital9 Corp. Class A Ordinary Share,10.01,0.0,251.0,,2512.5099999999998,NASDAQ,Finance,Blank Checks,,True,Matched broad public screener and configured penny/microcap filters.
NOEM,CO2 Energy Transition Corp. Common Stock,10.59,0.0,237.0,,2509.83,NASDAQ,,,,True,Matched broad public screener and configured penny/microcap filters.
QUMS,Quantumsphere Acquisition Corp. Ordinary Shares,10.36,0.0,242.0,,2507.12,NASDAQ,,,,True,Matched broad public screener and configured penny/microcap filters.
TDWDR,Tailwind 2.0 Acquisition Corp. Rights,0.102,0.0,24349.0,,2483.598,NASDAQ,Finance,Blank Checks,,True,Matched broad public screener and configured penny/microcap filters.
TDACU,Translational Development Acquisition Corp. Units,12.11,0.0,202.0,,2446.22,NASDAQ,,,,True,Matched broad public screener and configured penny/microcap filters.
CCXIU,Churchill Capital Corp XI Units,12.5,0.0,195.0,,2437.5,NASDAQ,Finance,Blank Checks,,True,Matched broad public screener and configured penny/microcap filters.
EURK,Eureka Acquisition Corp Class A Ordinary Share,11.55,0.0,203.0,,2344.65,NASDAQ,,,,True,Matched broad public screener and configured penny/microcap filters.
GPACW,General Purpose Acquisition Corp. Warrant,0.2468,0.0,9376.0,,2313.9968,NASDAQ,Industrials,Major Chemicals,,True,Matched broad public screener and configured penny/microcap filters.
OSPRW,Osprey Acquisition Corp. III Warrants,0.35,0.0,6527.0,,2284.45,NASDAQ,Finance,Blank Checks,,True,Matched broad public screener and configured penny/microcap filters.
IACOW,Idea Acquisition Corp. Warrants,0.275,0.0,8116.0,,2231.9,NASDAQ,Finance,Blank Checks,,True,Matched broad public screener and configured penny/microcap filters.
HAVA,Harvard Ave Acquisition Corporation Class A Ordinary Share,10.24,0.0,216.0,,2211.84,NASDAQ,Finance,Blank Checks,,True,Matched broad public screener and configured penny/microcap filters.
ITHAW,ITHAX Acquisition Corp III Warrants,0.18,0.0,12273.0,,2209.14,NASDAQ,,,,True,Matched broad public screener and configured penny/microcap filters.
OACCW,Oaktree Acquisition Corp. III Life Sciences Warrant,0.86,0.0,2536.0,,2180.96,NASDAQ,Finance,Blank Checks,,True,Matched broad public screener and configured penny/microcap filters.
INACR,Indigo Acquisition Corp. Right,0.1177,0.0,18262.0,,2149.4374,NASDAQ,,,,True,Matched broad public screener and configured penny/microcap filters.
DYNCW,Dynamix Corporation Warrant,0.1,0.0,20741.0,,2074.1,NASDAQ,,,,True,Matched broad public screener and configured penny/microcap filters.
HCICU,Hennessy Capital Investment Corp. VIII Units,10.15,0.0,201.0,,2040.15,NASDAQ,,,,True,Matched broad public screener and configured penny/microcap filters.
TVIVU,Texas Ventures Acquisition IV Corp Units,10.04,0.0,200.0,,2007.9999999999998,NASDAQ,,,,True,Matched broad public screener and configured penny/microcap filters.
WLCOU,Wilco 63 Corporation Units,9.99,0.0,198.0,,1978.02,NASDAQ,Finance,Blank Checks,,True,Matched broad public screener and configured penny/microcap filters.
CCAQW,Collective Acquisition Corp. Warrants,0.155,0.0,12638.0,,1958.8899999999999,NASDAQ,Finance,Blank Checks,,True,Matched broad public screener and configured penny/microcap filters.
PTORW,Praetorian Acquisition Corp. Warrant,0.305,0.0,6382.0,,1946.51,NASDAQ,Finance,Blank Checks,,True,Matched broad public screener and configured penny/microcap filters.
MCGAW,Yorkville Acquisition Corp. Warrant,0.2998,0.0,6043.0,,1811.6914000000002,NASDAQ,,,,True,Matched broad public screener and configured penny/microcap filters.
FVNNR,Future Vision II Acquisition Corporation Right,0.18,0.0,9774.0,,1759.32,NASDAQ,Finance,Blank Checks,,True,Matched broad public screener and configured penny/microcap filters.
SORNW,Soren Acquisition Corp. Warrant,0.2127,0.0,8134.0,,1730.1018,NASDAQ,Finance,Blank Checks,,True,Matched broad public screener and configured penny/microcap filters.
LAFAR,LaFayette Acquisition Corp. Rights,0.0702,0.0,24349.0,,1709.2998,NASDAQ,,,,True,Matched broad public screener and configured penny/microcap filters.
PCAP,ProCap Acquisition Corp Class A Ordinary Shares,10.41,0.0,158.0,,1644.78,NASDAQ,Finance,Blank Checks,,True,Matched broad public screener and configured penny/microcap filters.
SSACR,SPACSphere Acquisition Corp. Rights,0.18,0.0,9050.0,,1629.0,NASDAQ,Finance,Blank Checks,,True,Matched broad public screener and configured penny/microcap filters.
PMTRW,Perimeter Acquisition Corp. I Warrant,0.7,0.0,2305.0,,1613.5,NASDAQ,Finance,Blank Checks,,True,Matched broad public screener and configured penny/microcap filters.
BKHA,Black Hawk Acquisition Corporation Class A Ordinary Shares,12.35,0.0,123.0,,1519.05,NASDAQ,Health Care,Biotechnology: Biological Products (No Diagnostic Substances),,True,Matched broad public screener and configured penny/microcap filters.
CCCTU,Columbus Circle Capital Corp III Units,10.03,0.0,145.0,,1454.35,NASDAQ,,,,True,Matched broad public screener and configured penny/microcap filters.
CHECW,Chenghe Acquisition III Co. Warrants,0.0899,0.0,16084.0,,1445.9515999999999,NASDAQ,,,,True,Matched broad public screener and configured penny/microcap filters.
CXIIW,Churchill Capital Corp XII Warrants,1.81,0.0,768.0,,1390.08,NASDAQ,Finance,Blank Checks,,True,Matched broad public screener and configured penny/microcap filters.
ALF,Centurion Acquisition Corp. Class A Ordinary Shares,10.92,0.0,122.0,,1332.24,NASDAQ,,,,True,Matched broad public screener and configured penny/microcap filters.
WLIIW,Willow Lane Acquisition Corp. II Warrants,0.69,0.0,1903.0,,1313.07,NASDAQ,Finance,Blank Checks,,True,Matched broad public screener and configured penny/microcap filters.
SZZLR,Sizzle Acquisition Corp. II Right,0.13,0.0,10000.0,,1300.0,NASDAQ,Finance,Blank Checks,,True,Matched broad public screener and configured penny/microcap filters.
LWACU,LightWave Acquisition Corp. Units,10.36,0.0,123.0,,1274.28,NASDAQ,Finance,Blank Checks,,True,Matched broad public screener and configured penny/microcap filters.
UYSCU,UY Scuti Acquisition Corp. Units,11.49,0.0,110.0,,1263.9,NASDAQ,,,,True,Matched broad public screener and configured penny/microcap filters.
SPKLU,Spark I Acquisition Corp. Unit,12.42,0.0,100.0,,1242.0,NASDAQ,Miscellaneous,Industrial Machinery/Components,,True,Matched broad public screener and configured penny/microcap filters.
GPAT,GP-Act III Acquisition Corp. Class A Ordinary Share,11.115,0.0,109.0,,1211.535,NASDAQ,,,,True,Matched broad public screener and configured penny/microcap filters.
AIIA,AI Infrastructure Acquisition Corp. Class A Ordinary Shares,10.32,0.0,116.0,,1197.1200000000001,NYSE,Finance,Blank Checks,,True,Matched broad public screener and configured penny/microcap filters.
BLZRU,Trailblazer Acquisition Corp. Unit,10.345,0.0,112.0,,1158.64,NASDAQ,,,,True,Matched broad public screener and configured penny/microcap filters.
DYNCU,Dynamix Corporation Unit,10.95,0.0,101.0,,1105.9499999999998,NASDAQ,,,,True,Matched broad public screener and configured penny/microcap filters.
TRAD,APEX Tech Acquisition Inc. Ordinary Shares,10.06,0.0,109.0,,1096.54,NYSE,Finance,Investment Bankers/Brokers/Service,,True,Matched broad public screener and configured penny/microcap filters.
AXINU,Axiom Intelligence Acquisition Corp 1 Units,10.53,0.0,103.0,,1084.59,NASDAQ,Finance,Blank Checks,,True,Matched broad public screener and configured penny/microcap filters.
NPACU,New Providence Acquisition Corp. III Units,10.5,0.0,100.0,,1050.0,NASDAQ,Finance,Blank Checks,,True,Matched broad public screener and configured penny/microcap filters.
HCMAU,HCM III Acquisition Corp. Units,10.47,0.0,100.0,,1047.0,NASDAQ,,,,True,Matched broad public screener and configured penny/microcap filters.
SCPQU,Social Commerce Partners Corporation Unit,10.3,0.0,100.0,,1030.0,NASDAQ,,,,True,Matched broad public screener and configured penny/microcap filters.
GPACU,General Purpose Acquisition Corp. Units,10.2,0.0,100.0,,1019.9999999999999,NASDAQ,,,,True,Matched broad public screener and configured penny/microcap filters.
SSACW,SPACSphere Acquisition Corp. Warrant,0.07,0.0,12754.0,,892.7800000000001,NASDAQ,Finance,Blank Checks,,True,Matched broad public screener and configured penny/microcap filters.
FXAC,FortuneX Acquisition Corporation Ordinary shares,10.08,0.0,86.0,,866.88,NASDAQ,Finance,Blank Checks,,True,Matched broad public screener and configured penny/microcap filters.
FGII,FG Imperii Acquisition Corp. Class A Ordinary Shares,10.02,0.0,80.0,,801.5999999999999,NASDAQ,Finance,Blank Checks,,True,Matched broad public screener and configured penny/microcap filters.
KRAQU,KRAKacquisition Corp Unit,10.14,0.0,78.0,,790.9200000000001,NASDAQ,,,,True,Matched broad public screener and configured penny/microcap filters.
BPAC,Blueport Acquisition Ltd Class A Ordinary Shares,10.19,0.0,71.0,,723.49,NASDAQ,,,,True,Matched broad public screener and configured penny/microcap filters.
LPBBU,Launch Two Acquisition Corp. Unit,10.87,0.0,66.0,,717.42,NASDAQ,Finance,Blank Checks,,True,Matched broad public screener and configured penny/microcap filters.
IACQ,Irenic Acquisition Corp. Class A Ordinary Shares,9.95,0.0,70.0,,696.5,NASDAQ,Finance,Blank Checks,,True,Matched broad public screener and configured penny/microcap filters.
RDAG,Republic Digital Acquisition Company Class A Ordinary Shares,10.44,0.0,63.0,,657.7199999999999,NASDAQ,Finance,Blank Checks,,True,Matched broad public screener and configured penny/microcap filters.
IDACU,Iron Dome Acquisition I Corp. Units,10.06,0.0,61.0,,613.6600000000001,NASDAQ,,,,True,Matched broad public screener and configured penny/microcap filters.
GCGRW,General Catalyst Global Resilience Merger Corp. Warrants,0.61,0.0,1000.0,,610.0,NASDAQ,,,,True,Matched broad public screener and configured penny/microcap filters.
PCAPW,ProCap Acquisition Corp Warrant,0.2995,0.0,1913.0,,572.9435,NASDAQ,Finance,Blank Checks,,True,Matched broad public screener and configured penny/microcap filters.
EGHAR,EGH Acquisition Corp. Rights,0.3129,0.0,1762.0,,551.3298,NASDAQ,Finance,Finance/Investors Services,,True,Matched broad public screener and configured penny/microcap filters.
AFJKR,Aimei Health Technology Co. Ltd Right,0.1199,0.0,4558.0,,546.5042000000001,NASDAQ,,,,True,Matched broad public screener and configured penny/microcap filters.
CGCFU,Cartesian Growth Corporation IV Unit,9.9067,0.0,43.0,,425.98810000000003,NASDAQ,Finance,Blank Checks,,True,Matched broad public screener and configured penny/microcap filters.
HLXC,Helix Acquisition Corp. III Class A Ordinary Shares,10.62,0.0,40.0,,424.79999999999995,NASDAQ,,,,True,Matched broad public screener and configured penny/microcap filters.
TLNCW,Talon Capital Corp. Warrants,0.48,0.0,805.0,,386.4,NASDAQ,,,,True,Matched broad public screener and configured penny/microcap filters.
RDACU,Rising Dragon Acquisition Corp. Unit,9.95,0.0,37.0,,368.15,NASDAQ,Finance,Blank Checks,,True,Matched broad public screener and configured penny/microcap filters.
GTERU,Globa Terra Acquisition Corporation Units,10.45,0.0,35.0,,365.75,NASDAQ,Finance,Blank Checks,,True,Matched broad public screener and configured penny/microcap filters.
OCLTW,OceanLight Acquisition Corporation Warrants,0.035,0.0,10001.0,,350.035,NASDAQ,Finance,Blank Checks,,True,Matched broad public screener and configured penny/microcap filters.
OSPRU,Osprey Acquisition Corp. III Units,9.99,0.0,34.0,,339.66,NASDAQ,Finance,Blank Checks,,True,Matched broad public screener and configured penny/microcap filters.
FSHP,Flag Ship Acquisition Corp. Ordinary Shares,11.29,0.0,26.0,,293.53999999999996,NASDAQ,,,,True,Matched broad public screener and configured penny/microcap filters.
DMAAR,Drugs Made In America Acquisition Corp. Rights,0.1264,0.0,2156.0,,272.51840000000004,NASDAQ,Finance,Blank Checks,,True,Matched broad public screener and configured penny/microcap filters.
PGAC,Pantages Capital Acquisition Corporation Class A Ordinary Shares,10.78,0.0,25.0,,269.5,NASDAQ,,,,True,Matched broad public screener and configured penny/microcap filters.
ARCLW,ARC Group Acquisition I Corp Warrants,0.0616,0.0,4273.0,,263.21680000000003,NASDAQ,Finance,Blank Checks,,True,Matched broad public screener and configured penny/microcap filters.
CXIIU,Churchill Capital Corp XII Units,11.17,0.0,23.0,,256.91,NASDAQ,Finance,Blank Checks,,True,Matched broad public screener and configured penny/microcap filters.
LKSP,Lake Superior Acquisition Corp. Class A Ordinary Shares,10.25,0.0,24.0,,246.0,NASDAQ,,,,True,Matched broad public screener and configured penny/microcap filters.
AACPR,Apogee Acquisition Corp Rights,0.18,0.0,1345.0,,242.1,NASDAQ,Finance,Blank Checks,,True,Matched broad public screener and configured penny/microcap filters.
PONO,Pono Capital Four Inc. Class A Ordinary Shares,10.02,0.0,24.0,,240.48,NASDAQ,Finance,Blank Checks,,True,Matched broad public screener and configured penny/microcap filters.
IPXGW,Inflection Point Acquisition Corp. VII Warrant,0.6,0.0,400.0,,240.0,NASDAQ,Finance,Blank Checks,,True,Matched broad public screener and configured penny/microcap filters.
TAVI,Tavia Acquisition Corp. Ordinary Shares,10.77,0.0,22.0,,236.94,NASDAQ,Finance,Blank Checks,,True,Matched broad public screener and configured penny/microcap filters.
YHNA,YHN Acquisition I Limited Ordinary Shares,11.21,0.0,20.0,,224.20000000000002,NASDAQ,,,,True,Matched broad public screener and configured penny/microcap filters.
WENNU,Wen Acquisition Corp Unit,10.64,0.0,20.0,,212.8,NASDAQ,Finance,Blank Checks,,True,Matched broad public screener and configured penny/microcap filters.
KCHV,Kochav Defense Acquisition Corp. Class A Ordinary Shares,10.46,0.0,20.0,,209.20000000000002,NASDAQ,,,,True,Matched broad public screener and configured penny/microcap filters.
NMP,NMP Acquisition Corp. Class A Ordinary Shares,10.38,0.0,20.0,,207.60000000000002,NASDAQ,Finance,Blank Checks,,True,Matched broad public screener and configured penny/microcap filters.
IRHOU,Iron Horse Acquisitions II Corp. Units,10.16,0.0,20.0,,203.2,NASDAQ,Finance,Blank Checks,,True,Matched broad public screener and configured penny/microcap filters.
TWLV,Twelve Seas Investment Company III Class A Ordinary Shares,10.075,0.0,20.0,,201.5,NASDAQ,Finance,Blank Checks,,True,Matched broad public screener and configured penny/microcap filters.
QSEAR,Quartzsea Acquisition Corporation Rights,0.2498,0.0,753.0,,188.0994,NASDAQ,Finance,Blank Checks,,True,Matched broad public screener and configured penny/microcap filters.
FMAC,Future Money Acquisition Corporation Ordinary Shares,10.06,0.0,18.0,,181.08,NASDAQ,Finance,Blank Checks,,True,Matched broad public screener and configured penny/microcap filters.
EWAV,East West Ave Acquisition Corp. Common Stock,9.91,0.0,18.0,,178.38,NASDAQ,Finance,Blank Checks,,True,Matched broad public screener and configured penny/microcap filters.
SVIVW,Spring Valley Acquisition Corp. IV Warrants,0.7251,0.0,246.0,,178.3746,NASDAQ,Finance,Blank Checks,,True,Matched broad public screener and configured penny/microcap filters.
QRED,QuasarEdge Acquisition Corporation Ordinary Shares,10.05,0.0,17.0,,170.85000000000002,NYSE,Finance,Blank Checks,,True,Matched broad public screener and configured penny/microcap filters.
GLED,GalaxyEdge Acquisition Corporation Ordinary Shares,10.02,0.0,17.0,,170.34,NYSE,Finance,Blank Checks,,True,Matched broad public screener and configured penny/microcap filters.
KCHVR,Kochav Defense Acquisition Corp. Right,0.1,0.0,1701.0,,170.10000000000002,NASDAQ,Finance,Blank Checks,,True,Matched broad public screener and configured penny/microcap filters.
NCO,Southern Cross Acquisition I Corp. Ordinary Shares,9.92,0.0,17.0,,168.64,NASDAQ,,,,True,Matched broad public screener and configured penny/microcap filters.
ADACU,American Drive Acquisition Company Units,10.52,0.0,16.0,,168.32,NASDAQ,Finance,Blank Checks,,True,Matched broad public screener and configured penny/microcap filters.
NMPAR,NMP Acquisition Corp. Right,0.2348,0.0,700.0,,164.36,NASDAQ,Finance,Blank Checks,,True,Matched broad public screener and configured penny/microcap filters.
FACT,FACT II Acquisition Corp. Class A Ordinary Shares,10.7211,0.0,15.0,,160.8165,NASDAQ,,,,True,Matched broad public screener and configured penny/microcap filters.
WTGUR,Wintergreen Acquisition Corp. Rights,0.13,0.0,1225.0,,159.25,NASDAQ,Finance,Blank Checks,,True,Matched broad public screener and configured penny/microcap filters.
CTAA,ClearThink 1 Acquisition Corp. Class A Ordinary Shares,9.95,0.0,16.0,,159.2,NASDAQ,Finance,Blank Checks,,True,Matched broad public screener and configured penny/microcap filters.
RIBBR,Ribbon Acquisition Corp Rights,0.2225,0.0,715.0,,159.0875,NASDAQ,,,,True,Matched broad public screener and configured penny/microcap filters.
PCAPU,ProCap Acquisition Corp Unit,10.48,0.0,15.0,,157.20000000000002,NASDAQ,,,,True,Matched broad public screener and configured penny/microcap filters.
MMTX,Miluna Acquisition Corp Class A Ordinary Share,10.205,0.0,15.0,,153.075,NASDAQ,Finance,Blank Checks,,True,Matched broad public screener and configured penny/microcap filters.
LFAC,Leapfrog Acquisition Corporation Class A Ordinary Shares,10.07,0.0,14.0,,140.98000000000002,NASDAQ,Finance,Blank Checks,,True,Matched broad public screener and configured penny/microcap filters.
AEAQ,Activate Energy Acquisition Corp. Class A Ordinary Share,10.08,0.0,13.0,,131.04,NASDAQ,,,,True,Matched broad public screener and configured penny/microcap filters.
MRCOU,Mercator Acquisition Corp. Units,10.05,0.0,13.0,,130.65,NASDAQ,Finance,Blank Checks,,True,Matched broad public screener and configured penny/microcap filters.
RNAQW,Rainier Acquisition Corporation Warrants,0.42,0.0,300.0,,126.0,NASDAQ,Finance,Blank Checks,,True,Matched broad public screener and configured penny/microcap filters.
VNMEW,Vendome Acquisition Corporation I Warrant,0.2506,0.0,501.0,,125.55059999999999,NASDAQ,Finance,Blank Checks,,True,Matched broad public screener and configured penny/microcap filters.
MEVOW,M Evo Global Acquisition Corp II Warrants,0.29,0.0,399.0,,115.71,NASDAQ,Finance,Blank Checks,,True,Matched broad public screener and configured penny/microcap filters.
SSEA,Starry Sea Acquisition Corp	Ordinary Shares,10.35,0.0,11.0,,113.85,NASDAQ,Finance,Blank Checks,,True,Matched broad public screener and configured penny/microcap filters.
MACI,Melar Acquisition Corp. I Class A Ordinary Shares,11.0899,0.0,10.0,,110.899,NASDAQ,,,,True,Matched broad public screener and configured penny/microcap filters.
RTACU,Renatus Tactical Acquisition Corp I Unit,10.74,0.0,10.0,,107.4,NASDAQ,Finance,Blank Checks,,True,Matched broad public screener and configured penny/microcap filters.
LCCC,Lakeshore Acquisition III Corp. Ordinary Shares,10.54,0.0,10.0,,105.39999999999999,NASDAQ,Finance,Blank Checks,,True,Matched broad public screener and configured penny/microcap filters.
NOEMR,CO2 Energy Transition Corp. Right,0.17,0.0,600.0,,102.00000000000001,NASDAQ,,,,True,Matched broad public screener and configured penny/microcap filters.
GTERR,Globa Terra Acquisition Corporation Rights,0.065,0.0,1550.0,,100.75,NASDAQ,Finance,Blank Checks,,True,Matched broad public screener and configured penny/microcap filters.
AESP,Aeon Acquisition I Corp. Class A Ordinary Shares,9.9898,0.0,10.0,,99.89800000000001,NASDAQ,Finance,Blank Checks,,True,Matched broad public screener and configured penny/microcap filters.
GSRF,GSR IV Acquisition Corp. Class A ordinary share,10.25,0.0,9.0,,92.25,NASDAQ,,,,True,Matched broad public screener and configured penny/microcap filters.
IBACR,IB Acquisition Corp. Right,0.115,0.0,800.0,,92.0,NASDAQ,Finance,Blank Checks,,True,Matched broad public screener and configured penny/microcap filters.
ATLQU,JAB Acquisition Corp I Unit,10.12,0.0,9.0,,91.08,NASDAQ,Finance,Blank Checks,,True,Matched broad public screener and configured penny/microcap filters.
PTORU,Praetorian Acquisition Corp. Units,10.08,0.0,9.0,,90.72,NASDAQ,,,,True,Matched broad public screener and configured penny/microcap filters.
BREZ,Breeze Acquisition Corp. II Ordinary Shares,10.02,0.0,9.0,,90.17999999999999,NASDAQ,Finance,Blank Checks,,True,Matched broad public screener and configured penny/microcap filters.
UYSC,UY Scuti Acquisition Corp. Ordinary Shares,11.0,0.0,8.0,,88.0,NASDAQ,Finance,Blank Checks,,True,Matched broad public screener and configured penny/microcap filters.
VNME,Vendome Acquisition Corporation I Class A Ordinary Shares,10.33,0.0,8.0,,82.64,NASDAQ,Finance,Blank Checks,,True,Matched broad public screener and configured penny/microcap filters.
BIXIW,Bitcoin Infrastructure Acquisition Corp Ltd. Warrant,0.3797,0.0,200.0,,75.94,NASDAQ,,,,True,Matched broad public screener and configured penny/microcap filters.
TACHU,Titan Acquisition Corp. Units,10.75,0.0,7.0,,75.25,NASDAQ,Finance,Blank Checks,,True,Matched broad public screener and configured penny/microcap filters.
EMIS,Emmis Acquisition Corp. Class A Ordinary Shares,10.27,0.0,7.0,,71.89,NASDAQ,Health Care,Biotechnology: Pharmaceutical Preparations,,True,Matched broad public screener and configured penny/microcap filters.
SAAQU,Space Asset Acquisition Corp. Units,10.17,0.0,7.0,,71.19,NASDAQ,Finance,Blank Checks,,True,Matched broad public screener and configured penny/microcap filters.
PTACU,Patriot Acquisition Corp. Units,10.05,0.0,7.0,,70.35000000000001,NASDAQ,,,,True,Matched broad public screener and configured penny/microcap filters.
CAPN,Cayson Acquisition Corp Ordinary shares,11.25,0.0,6.0,,67.5,NASDAQ,,,,True,Matched broad public screener and configured penny/microcap filters.
AEAQW,Activate Energy Acquisition Corp. Warrant,0.305,0.0,204.0,,62.22,NASDAQ,,,,True,Matched broad public screener and configured penny/microcap filters.
IGACU,Invest Green Acquisition Corporation Units,10.1801,0.0,6.0,,61.0806,NASDAQ,Finance,Blank Checks,,True,Matched broad public screener and configured penny/microcap filters.
CTAAU,ClearThink 1 Acquisition Corp. Units,10.07,0.0,6.0,,60.42,NASDAQ,Finance,Blank Checks,,True,Matched broad public screener and configured penny/microcap filters.
VECA,Vernal Capital Acquisition Corp. Ordinary Shares,10.05,0.0,6.0,,60.300000000000004,NYSE,Finance,Blank Checks,,True,Matched broad public screener and configured penny/microcap filters.
PECE,Peace Acquisition Corp Ordinary Shares,10.02,0.0,6.0,,60.12,NASDAQ,Finance,Blank Checks,,True,Matched broad public screener and configured penny/microcap filters.
SAGU,Shreya Acquisition Group Class A Ordinary Shares,10.01,0.0,6.0,,60.06,NYSE,Finance,Blank Checks,,True,Matched broad public screener and configured penny/microcap filters.
CUBWW,Lionheart Holdings Warrant,0.15,0.0,400.0,,60.0,NASDAQ,Industrials,Industrial Machinery/Components,,True,Matched broad public screener and configured penny/microcap filters.
XSLL,Xsolla SPAC 1 Class A Ordinary Shares,10.0,0.0,6.0,,60.0,NASDAQ,Finance,Blank Checks,,True,Matched broad public screener and configured penny/microcap filters.
SIMAW,SIM Acquisition Corp. I Warrant,0.15,0.0,399.0,,59.849999999999994,NASDAQ,Finance,Blank Checks,,True,Matched broad public screener and configured penny/microcap filters.
RANGR,Range Capital Acquisition Corp. Rights,0.2742,0.0,200.0,,54.84,NASDAQ,Finance,Blank Checks,,True,Matched broad public screener and configured penny/microcap filters.
YHNAU,YHN Acquisition I Limited Unit,10.91,0.0,5.0,,54.55,NASDAQ,,,,True,Matched broad public screener and configured penny/microcap filters.
EWAVR,East West Ave Acquisition Corp. Rights,0.135,0.0,400.0,,54.0,NASDAQ,Finance,Blank Checks,,True,Matched broad public screener and configured penny/microcap filters.
ZKPU,Lafayette Digital Acquisition Corp. I Unit,10.08,0.0,5.0,,50.4,NASDAQ,Finance,Blank Checks,,True,Matched broad public screener and configured penny/microcap filters.
EURKR,Eureka Acquisition Corp Right,0.2701,0.0,184.0,,49.6984,NASDAQ,Consumer Discretionary,Marine Transportation,,True,Matched broad public screener and configured penny/microcap filters.
GPATW,GP-Act III Acquisition Corp. Warrants,0.0688,0.0,720.0,,49.536,NASDAQ,,,,True,Matched broad public screener and configured penny/microcap filters.
SIMAU,SIM Acquisition Corp. I Unit,11.25,0.0,4.0,,45.0,NASDAQ,Finance,Blank Checks,,True,Matched broad public screener and configured penny/microcap filters.
PMTRU,Perimeter Acquisition Corp. I Unit,11.0,0.0,4.0,,44.0,NASDAQ,Finance,Blank Checks,,True,Matched broad public screener and configured penny/microcap filters.
OYSER,Oyster Enterprises II Acquisition Corp Rights,0.1261,0.0,344.0,,43.3784,NASDAQ,Finance,Blank Checks,,True,Matched broad public screener and configured penny/microcap filters.
QUMSR,Quantumsphere Acquisition Corp. Rights,0.0602,0.0,702.0,,42.2604,NASDAQ,,,,True,Matched broad public screener and configured penny/microcap filters.
ALPXU,Alpex Acquisition Corporation Unit,10.23,0.0,4.0,,40.92,NASDAQ,Finance,Blank Checks,,True,Matched broad public screener and configured penny/microcap filters.
KEYYU,Keystone Acquisition Corp. Unit,10.15,0.0,4.0,,40.6,NASDAQ,Finance,Blank Checks,,True,Matched broad public screener and configured penny/microcap filters.
CAQUU,Cambridge Acquisition Corp. Unit,10.07,0.0,4.0,,40.28,NASDAQ,,,,True,Matched broad public screener and configured penny/microcap filters.
ISNRU,Snow Rothschild Acquisition Corp. Units,9.91,0.0,4.0,,39.64,NASDAQ,Finance,Blank Checks,,True,Matched broad public screener and configured penny/microcap filters.
MCAHR,Mountain Crest Acquisition 6 Corp. Rights,0.2501,0.0,150.0,,37.515,NASDAQ,Finance,Blank Checks,,True,Matched broad public screener and configured penny/microcap filters.
SSEAR,Starry Sea Acquisition Corp Rights,0.0542,0.0,685.0,,37.126999999999995,NASDAQ,Finance,Blank Checks,,True,Matched broad public screener and configured penny/microcap filters.
TWLVR,Twelve Seas Investment Company III Rights,0.1299,0.0,269.0,,34.943099999999994,NASDAQ,Finance,Blank Checks,,True,Matched broad public screener and configured penny/microcap filters.
CUBWU,Lionheart Holdings Unit,11.02,0.0,3.0,,33.06,NASDAQ,Finance,Blank Checks,,True,Matched broad public screener and configured penny/microcap filters.
BLRKW,Bluerock Acquisition Corp. Warrants,0.33,0.0,97.0,,32.01,NASDAQ,,,,True,Matched broad public screener and configured penny/microcap filters.
TDACW,Translational Development Acquisition Corp. Warrants,1.45,0.0,22.0,,31.9,NASDAQ,,,,True,Matched broad public screener and configured penny/microcap filters.
APACU,StoneBridge Acquisition II Corporation Units,10.45,0.0,3.0,,31.349999999999998,NASDAQ,Finance,Blank Checks,,True,Matched broad public screener and configured penny/microcap filters.
FXACU,FortuneX Acquisition Corporation Units,10.35,0.0,3.0,,31.049999999999997,NASDAQ,Finance,Blank Checks,,True,Matched broad public screener and configured penny/microcap filters.
SSACU,SPACSphere Acquisition Corp. Unit,10.31,0.0,3.0,,30.93,NASDAQ,Finance,Blank Checks,,True,Matched broad public screener and configured penny/microcap filters.
GTERW,Globa Terra Acquisition Corporation Warrants,0.0309,0.0,1000.0,,30.900000000000002,NASDAQ,Finance,Blank Checks,,True,Matched broad public screener and configured penny/microcap filters.
NOEMU,CO2 Energy Transition Corp. Unit,12.5,0.0,2.0,,25.0,NASDAQ,,,,True,Matched broad public screener and configured penny/microcap filters.
GPATU,GP-Act III Acquisition Corp. Units,10.99,0.0,2.0,,21.98,NASDAQ,,,,True,Matched broad public screener and configured penny/microcap filters.
PGACU,Pantages Capital Acquisition Corporation Unit,10.85,0.0,2.0,,21.7,NASDAQ,,,,True,Matched broad public screener and configured penny/microcap filters.
GSRFU,GSR IV Acquisition Corp. Units,10.58,0.0,2.0,,21.16,NASDAQ,,,,True,Matched broad public screener and configured penny/microcap filters.
KCHVU,Kochav Defense Acquisition Corp. Units,10.52,0.0,2.0,,21.04,NASDAQ,,,,True,Matched broad public screener and configured penny/microcap filters.
NCOOU,Southern Cross Acquisition I Corp. Units,10.0701,0.0,2.0,,20.1402,NASDAQ,Finance,Blank Checks,,True,Matched broad public screener and configured penny/microcap filters.
NSAIW,NorthStrive Acquisition Corp I. Warrants,0.05,0.0,379.0,,18.95,NASDAQ,,,,True,Matched broad public screener and configured penny/microcap filters.
AXINR,Axiom Intelligence Acquisition Corp 1 Right,0.1849,0.0,97.0,,17.9353,NASDAQ,Finance,Blank Checks,,True,Matched broad public screener and configured penny/microcap filters.
TVACW,Texas Ventures Acquisition III Corp Warrants,0.219,0.0,61.0,,13.359,NASDAQ,,,,True,Matched broad public screener and configured penny/microcap filters.
VLOSW,Velos Acquisition I Corp. Warrant,0.43,0.0,30.0,,12.9,NASDAQ,Finance,Blank Checks,,True,Matched broad public screener and configured penny/microcap filters.
DTSQR,DT Cloud Star Acquisition Corporation Right,0.12,0.0,101.0,,12.12,NASDAQ,Finance,Blank Checks,,True,Matched broad public screener and configured penny/microcap filters.
GSHRW,Gesher Acquisition Corp. II Warrants,0.29,0.0,40.0,,11.6,NASDAQ,Finance,Blank Checks,,True,Matched broad public screener and configured penny/microcap filters.
QETAU,Quetta Acquisition Corporation Unit,11.51,0.0,1.0,,11.51,NASDAQ,Finance,Blank Checks,,True,Matched broad public screener and configured penny/microcap filters.
IPXGU,Inflection Point Acquisition Corp. VII Unit,10.95,0.0,1.0,,10.95,NASDAQ,Finance,Blank Checks,,True,Matched broad public screener and configured penny/microcap filters.
CCAQU,Collective Acquisition Corp. Units,10.68,0.0,1.0,,10.68,NASDAQ,Finance,Blank Checks,,True,Matched broad public screener and configured penny/microcap filters.
EGHAU,EGH Acquisition Corp. Unit,10.66,0.0,1.0,,10.66,NASDAQ,Finance,Finance/Investors Services,,True,Matched broad public screener and configured penny/microcap filters.
WLIIU,Willow Lane Acquisition Corp. II Unit,10.4401,0.0,1.0,,10.4401,NASDAQ,,,,True,Matched broad public screener and configured penny/microcap filters.
AACIU,Armada Acquisition Corp. III Units,10.32,0.0,1.0,,10.32,NASDAQ,Finance,Blank Checks,,True,Matched broad public screener and configured penny/microcap filters.
GIXXU,GigCapital9 Corp. Units,10.2101,0.0,1.0,,10.2101,NASDAQ,Finance,Blank Checks,,True,Matched broad public screener and configured penny/microcap filters.
HACQU,HCM IV Acquisition Corp. Unit,10.15,0.0,1.0,,10.15,NASDAQ,,,,True,Matched broad public screener and configured penny/microcap filters.
MUZEU,Muzero Acquisition Corp Unit,10.1,0.0,1.0,,10.1,NASDAQ,Finance,Blank Checks,,True,Matched broad public screener and configured penny/microcap filters.
IACOU,Idea Acquisition Corp. Units,10.05,0.0,1.0,,10.05,NASDAQ,Finance,Blank Checks,,True,Matched broad public screener and configured penny/microcap filters.
CRANR,Crane Harbor Acquisition Corp. II Rights,0.1002,0.0,100.0,,10.02,NASDAQ,Finance,Blank Checks,,True,Matched broad public screener and configured penny/microcap filters.
FSHPR,Flag Ship Acquisition Corp. Right,0.1,0.0,100.0,,10.0,NASDAQ,,,,True,Matched broad public screener and configured penny/microcap filters.
DYORW,Insight Digital Partners II Warrants,0.2106,0.0,41.0,,8.6346,NASDAQ,Finance,Blank Checks,,True,Matched broad public screener and configured penny/microcap filters.
THEOR,BOA Acquisition Corp. II Rights,0.29,0.0,24.0,,6.959999999999999,NASDAQ,Finance,Blank Checks,,True,Matched broad public screener and configured penny/microcap filters.
CRACR,Crown Reserve Acquisition Corp. I Rights,0.1227,0.0,55.0,,6.7485,NASDAQ,,,,True,Matched broad public screener and configured penny/microcap filters.
KFIIR,K&F Growth Acquisition Corp. II Rights,0.1099,0.0,58.0,,6.3742,NASDAQ,,,,True,Matched broad public screener and configured penny/microcap filters.
RFAMR,RF Acquisition Corp III Rights,0.14,0.0,42.0,,5.880000000000001,NASDAQ,Finance,Blank Checks,,True,Matched broad public screener and configured penny/microcap filters.
JONER,Jones Ventures INTL Acquisition1 Corp Rights,0.1499,0.0,18.0,,2.6982,NASDAQ,Finance,Blank Checks,,True,Matched broad public screener and configured penny/microcap filters.
CHPGR,ChampionsGate Acquisition Corporation Rights,0.1206,0.0,17.0,,2.0502,NASDAQ,,,,True,Matched broad public screener and configured penny/microcap filters.
WENNW,Wen Acquisition Corp Warrant,0.24,0.0,6.0,,1.44,NASDAQ,Finance,Blank Checks,,True,Matched broad public screener and configured penny/microcap filters.
ARCLR,ARC Group Acquisition I Corp Right,0.1401,0.0,9.0,,1.2609,NASDAQ,Finance,Blank Checks,,True,Matched broad public screener and configured penny/microcap filters.
NSAIR,NorthStrive Acquisition Corp I. Rights,0.14,0.0,6.0,,0.8400000000000001,NASDAQ,,,,True,Matched broad public screener and configured penny/microcap filters.
SPEGR,Silver Pegasus Acquisition Corp Rights.,0.143,0.0,4.0,,0.572,NASDAQ,,,,True,Matched broad public screener and configured penny/microcap filters.
BRKHW,Burtech Acquisition Corp II Warrants,0.14,0.0,4.0,,0.56,NASDAQ,Finance,Blank Checks,,True,Matched broad public screener and configured penny/microcap filters.
SVAQW,Silicon Valley Acquisition Corp. Warrants,0.4157,0.0,1.0,,0.4157,NASDAQ,Finance,Blank Checks,,True,Matched broad public screener and configured penny/microcap filters.
LCCCR,Lakeshore Acquisition III Corp. Rights,0.1356,0.0,3.0,,0.4068,NASDAQ,Finance,Blank Checks,,True,Matched broad public screener and configured penny/microcap filters.
MYXXR,Maywood Acquisition Corp. 2 Rights,0.1823,0.0,1.0,,0.1823,NASDAQ,Finance,Blank Checks,,True,Matched broad public screener and configured penny/microcap filters.
TNONW,Tenon Medical Inc. Warrant,0.0066,6815.0,45355.0,,299.343,NASDAQ,Health Care,Medical/Dental Instruments,,True,Matched broad public screener and configured penny/microcap filters.
KIDZW,KIDZ AI Inc. Warrants,0.0089,7660.0,469.0,,4.1741,NASDAQ,Real Estate,Other Consumer Services,,True,Matched broad public screener and configured penny/microcap filters.
MLECW,Moolec Science SA Warrant,0.0128,9294.0,11184.0,,143.1552,NASDAQ,Finance,Blank Checks,,True,Matched broad public screener and configured penny/microcap filters.
SHFSW,SHF Holdings Inc. Warrants,0.0102,10483.0,34819.0,,355.15380000000005,NASDAQ,Finance,Finance: Consumer Services,,True,Matched broad public screener and configured penny/microcap filters.
LTRYW,Sports Entertainment Gaming Global Corporation Warrants,0.0033,10756.0,209624.0,,691.7592,NASDAQ,Technology,Computer Software: Prepackaged Software,,True,Matched broad public screener and configured penny/microcap filters.
HUBCW,Hub Cyber Security Ltd. Warrant 2/27/28,0.0095,12702.0,314047.0,,2983.4465,NASDAQ,Telecommunications,Computer Communications Equipment,,True,Matched broad public screener and configured penny/microcap filters.
CDTTW,CDT Equity Inc. Warrant,0.0118,13269.0,100.0,,1.18,NASDAQ,Health Care,Biotechnology: Pharmaceutical Preparations,,True,Matched broad public screener and configured penny/microcap filters.
SMXWW,SMX (Security Matters) Public Limited Company Warrant,0.0132,14370.0,19839.0,,261.8748,NASDAQ,Technology,Industrial Machinery/Components,,True,Matched broad public screener and configured penny/microcap filters.
KITTW,Nauticus Robotics Inc. Warrant,0.012,14944.0,28703.0,,344.43600000000004,NASDAQ,Industrials,Industrial Machinery/Components,,True,Matched broad public screener and configured penny/microcap filters.
HUBCZ,Hub Cyber Security Ltd. Warrant ,0.0116,15510.0,39.0,,0.45239999999999997,NASDAQ,Telecommunications,Computer Communications Equipment,,True,Matched broad public screener and configured penny/microcap filters.
SQFTW,Presidio Property Trust Inc. Series A Common Stock Purchase Warrants,0.0141,20225.0,12.0,,0.1692,NASDAQ,Real Estate,Real Estate Investment Trusts,,True,Matched broad public screener and configured penny/microcap filters.
DAICW,CID HoldCo Inc. Warrants,0.0092,21507.0,89423.0,,822.6916,NASDAQ,Technology,EDP Services,,True,Matched broad public screener and configured penny/microcap filters.
REVBW,Revelation Biosciences Inc. Warrant,0.0054,21510.0,505.0,,2.7270000000000003,NASDAQ,Health Care,Biotechnology: Pharmaceutical Preparations,,True,Matched broad public screener and configured penny/microcap filters.
CDIOW,Cardio Diagnostics Holdings Inc. Warrant,0.01,29595.0,13581.0,,135.81,NASDAQ,Health Care,Biotechnology: In Vitro & In Vivo Diagnostic Substances,,True,Matched broad public screener and configured penny/microcap filters.
ONFOW,Onfolio Holdings Inc. Warrant,0.0142,35489.0,43948.0,,624.0616,NASDAQ,Technology,EDP Services,,True,Matched broad public screener and configured penny/microcap filters.
PARAW,Banzai International Inc. Warrant,0.0082,36974.0,2468.0,,20.2376,NASDAQ,Technology,Computer Software: Prepackaged Software,,True,Matched broad public screener and configured penny/microcap filters.
CCGWW,Cheche Group Inc. Warrant,0.015,37581.0,1542.0,,23.13,NASDAQ,Finance,Specialty Insurers,,True,Matched broad public screener and configured penny/microcap filters.
APLMW,Apollomics Inc. Warrant,0.0134,38807.0,3820.0,,51.188,NASDAQ,Health Care,Biotechnology: Pharmaceutical Preparations,,True,Matched broad public screener and configured penny/microcap filters.
CYCUW,Cycurion Inc. Warrant,0.0148,47805.0,14348.0,,212.3504,NASDAQ,Technology,EDP Services,,True,Matched broad public screener and configured penny/microcap filters.
RVSNW,Rail Vision Ltd. Warrant,0.0235,51516.0,5073.0,,119.2155,NASDAQ,Industrials,Railroads,,True,Matched broad public screener and configured penny/microcap filters.
MSAIW,MultiSensor AI Holdings Inc. Warrant,0.0243,53597.0,660.0,,16.038,NASDAQ,Technology,Electronic Components,,True,Matched broad public screener and configured penny/microcap filters.
SAIHW,SAIHEAT Limited Warrant,0.0297,53768.0,7.0,,0.2079,NASDAQ,Technology,EDP Services,,True,Matched broad public screener and configured penny/microcap filters.
NIVFW,NewGenIvf Group Limited Warrants,0.0199,55513.0,2725.0,,54.227500000000006,NASDAQ,Health Care,Misc Health and Biotechnology Services,,True,Matched broad public screener and configured penny/microcap filters.
EDBLW,Edible Garden AG Incorporated Warrant,0.0316,61668.0,4020.0,,127.03200000000001,NASDAQ,Consumer Staples,Farming/Seeds/Milling,,True,Matched broad public screener and configured penny/microcap filters.
ERNAW,Ernexa Therapeutics Inc. Warrants,0.0385,62848.0,1577.0,,60.7145,NASDAQ,Health Care,Biotechnology: Pharmaceutical Preparations,,True,Matched broad public screener and configured penny/microcap filters.
SWAGW,Stran & Company Inc. Warrant,0.0036,67103.0,259.0,,0.9324,NASDAQ,Consumer Discretionary,Advertising,,True,Matched broad public screener and configured penny/microcap filters.
AMODW,Alpha Modus Holdings Inc. Warrant,0.014,69808.0,126649.0,,1773.086,NASDAQ,Miscellaneous,Multi-Sector Companies,,True,Matched broad public screener and configured penny/microcap filters.
ICUCW,SeaStar Medical Holding Corporation Warrant,0.0163,71832.0,69.0,,1.1246999999999998,NASDAQ,Health Care,Medical/Dental Instruments,,True,Matched broad public screener and configured penny/microcap filters.
CINGW,Cingulate Inc. Warrants,0.0051,74163.0,16.0,,0.0816,NASDAQ,Health Care,Biotechnology: Pharmaceutical Preparations,,True,Matched broad public screener and configured penny/microcap filters.
CXAIW,CXApp Inc. Warrant,0.0324,75732.0,4883.0,,158.20919999999998,NASDAQ,Technology,EDP Services,,True,Matched broad public screener and configured penny/microcap filters.
ANGHW,Anghami Inc. Warrants,0.0086,77957.0,2001.0,,17.2086,NASDAQ,Consumer Discretionary,Telecommunications Equipment,,True,Matched broad public screener and configured penny/microcap filters.
DSYWW,Big Tree Cloud Holdings Limited Warrants,0.0167,79356.0,103.0,,1.7201,NASDAQ,Consumer Discretionary,Containers/Packaging,,True,Matched broad public screener and configured penny/microcap filters.
PBMWW,Psyence Biomedical Ltd. Warrant,0.0211,80482.0,240062.0,,5065.3082,NASDAQ,Health Care,Biotechnology: Pharmaceutical Preparations,,True,Matched broad public screener and configured penny/microcap filters.
PIIIW,P3 Health Partners Inc. Warrant,0.0111,80597.0,753162.0,,8360.0982,NASDAQ,Health Care,Medical/Nursing Services,,True,Matched broad public screener and configured penny/microcap filters.
SLXNW,Silexion Therapeutics Corp Warrant,0.0076,83879.0,2371.0,,18.0196,NASDAQ,Health Care,Biotechnology: Biological Products (No Diagnostic Substances),,True,Matched broad public screener and configured penny/microcap filters.
AERTW,Aeries Technology Inc. Warrant,0.016,83966.0,20000.0,,320.0,NASDAQ,Consumer Discretionary,Professional Services,,True,Matched broad public screener and configured penny/microcap filters.
NRSNW,NeuroSense Therapeutics Ltd. Warrant,0.045,85361.0,6.0,,0.27,NASDAQ,Health Care,Biotechnology: Pharmaceutical Preparations,,True,Matched broad public screener and configured penny/microcap filters.
ACONW,Aclarion Inc. Warrant,0.0298,85895.0,4241.0,,126.3818,NASDAQ,Health Care,Medical Specialities,,True,Matched broad public screener and configured penny/microcap filters.
SXTPW,60 Degrees Pharmaceuticals Inc. Warrant,0.0252,88628.0,6.0,,0.1512,NASDAQ,Health Care,Biotechnology: Pharmaceutical Preparations,,True,Matched broad public screener and configured penny/microcap filters.
FGIWW,FGI Industries Ltd. Warrant,0.0477,92122.0,80.0,,3.816,NASDAQ,Industrials,Industrial Specialties,,True,Matched broad public screener and configured penny/microcap filters.
VWAVW,VisionWave Holdings Inc. Warrant,0.0416,98749.0,11152.0,,463.92319999999995,NASDAQ,Technology,Computer Software: Prepackaged Software,,True,Matched broad public screener and configured penny/microcap filters.
DFSCW,DEFSEC Technologies Inc. Warrant,0.0155,101821.0,30.0,,0.46499999999999997,NASDAQ,Technology,Computer Software: Prepackaged Software,,True,Matched broad public screener and configured penny/microcap filters.
VEEAW,Veea Inc. Warrant,0.034,105764.0,99124.0,,3370.2160000000003,NASDAQ,Technology,EDP Services,,True,Matched broad public screener and configured penny/microcap filters.
NXGLW,NexGel Inc Warrant,0.0122,118921.0,6.0,,0.0732,NASDAQ,Health Care,Medical/Dental Instruments,,True,Matched broad public screener and configured penny/microcap filters.
LNZAW,LanzaTech Global Inc. Warrant,0.0105,137436.0,5304.0,,55.692,NASDAQ,Industrials,Major Chemicals,,True,Matched broad public screener and configured penny/microcap filters.
BTBDW,BT Brands Inc. Warrant,0.0233,144104.0,6.0,,0.1398,NASDAQ,Consumer Discretionary,Restaurants,,True,Matched broad public screener and configured penny/microcap filters.
BFRIW,Biofrontera Inc. Warrants,0.0098,145553.0,85.0,,0.833,NASDAQ,Health Care,Biotechnology: Pharmaceutical Preparations,,True,Matched broad public screener and configured penny/microcap filters.
FRGT,Freight Technologies Inc. Ordinary Shares,0.259,148180.0,3486188.0,,902922.692,NASDAQ,Industrials,Integrated Freight & Logistics,,True,Matched broad public screener and configured penny/microcap filters.
DFNSW,T3 Defense Inc. Warrants,0.0555,157636.0,8302.0,,460.761,NASDAQ,Consumer Discretionary,Professional Services,,True,Matched broad public screener and configured penny/microcap filters.
BENFW,Beneficient Warrant,0.0103,159194.0,338882.0,,3490.4846000000002,NASDAQ,Finance,Finance: Consumer Services,,True,Matched broad public screener and configured penny/microcap filters.
AIXI,XIAO-I Corporation American Depositary Shares,1.215,159788.0,339889.0,,412965.135,NASDAQ,Technology,Computer Software: Prepackaged Software,,True,Matched broad public screener and configured penny/microcap filters.
ONMDW,OneMedNet Corp Warrant,0.0296,177973.0,33100.0,,979.76,NASDAQ,Health Care,Biotechnology: Commercial Physical & Biological Resarch,,True,Matched broad public screener and configured penny/microcap filters.
SWVLW,Swvl Holdings Corp Warrant,0.0062,185999.0,64995.0,,402.969,NASDAQ,Consumer Discretionary,Business Services,,True,Matched broad public screener and configured penny/microcap filters.
LGHL,Lion Group Holding Ltd. American Depositary Share,4.16,191959.0,240832.0,,1001861.12,NASDAQ,Finance,Investment Bankers/Brokers/Service,,True,Matched broad public screener and configured penny/microcap filters.
NVNIW,Nvni Group Limited Warrants,0.0171,199935.0,902.0,,15.4242,NASDAQ,Technology,Computer Software: Prepackaged Software,,True,Matched broad public screener and configured penny/microcap filters.
HSCSW,HeartSciences Inc. Warrant,0.0459,222335.0,8506.0,,390.4254,NASDAQ,Health Care,Industrial Specialties,,True,Matched broad public screener and configured penny/microcap filters.
NCPLW,Netcapital Inc. Warrants,0.0284,222880.0,21389.0,,607.4476000000001,NASDAQ,Finance,Finance: Consumer Services,,True,Matched broad public screener and configured penny/microcap filters.
SEATW,Vivid Seats Inc. Warrant,0.0201,235414.0,1000.0,,20.1,NASDAQ,Consumer Discretionary,Services-Misc. Amusement & Recreation,,True,Matched broad public screener and configured penny/microcap filters.
DFLIW,Dragonfly Energy Holdings Corp. Warrant,0.0168,251644.0,13402.0,,225.15359999999998,NASDAQ,Miscellaneous,Industrial Machinery/Components,,True,Matched broad public screener and configured penny/microcap filters.
LUCYW,Innovative Eyewear Inc. Series A Warrants 8/16/27,0.03,261368.0,12.0,,0.36,NASDAQ,Health Care,Ophthalmic Goods,,True,Matched broad public screener and configured penny/microcap filters.
IVDAW,Iveda Solutions Inc. Warrant,0.0212,265403.0,4000.0,,84.8,NASDAQ,Technology,Computer Software: Prepackaged Software,,True,Matched broad public screener and configured penny/microcap filters.
NIVF,NewGenIvf Group Limited Class A Ordinary Shares,0.101,281752.0,58336636.0,,5892000.2360000005,NASDAQ,Health Care,Misc Health and Biotechnology Services,,True,Matched broad public screener and configured penny/microcap filters.
BIAFW,bioAffinity Technologies Inc. Warrant,0.32,373320.0,47.0,,15.040000000000001,NASDAQ,Health Care,Biotechnology: Commercial Physical & Biological Resarch,,True,Matched broad public screener and configured penny/microcap filters.
COOTW,Australian Oilseeds Holdings Limited Warrant,0.0127,381871.0,2.0,,0.0254,NASDAQ,Consumer Staples,Packaged Foods,,True,Matched broad public screener and configured penny/microcap filters.
TVGNW,Tevogen Inc. Warrant,0.0605,393948.0,269982.0,,16333.911,NASDAQ,Health Care,Biotechnology: Biological Products (No Diagnostic Substances),,True,Matched broad public screener and configured penny/microcap filters.
BNAIW,Brand Engagement Network Inc. Warrant,0.0526,394667.0,1128.0,,59.3328,NASDAQ,Technology,EDP Services,,True,Matched broad public screener and configured penny/microcap filters.
MI,NFT Limited Class A Ordinary Share,0.885,451995.0,456367.0,,403884.795,AMEX,Finance,Finance: Consumer Services,,True,Matched broad public screener and configured penny/microcap filters.
BEATW,Heartbeam Inc. Warrant,0.0081,456428.0,12677.0,,102.68369999999999,NASDAQ,Health Care,Medical/Dental Instruments,,True,Matched broad public screener and configured penny/microcap filters.
FOXXW,Foxx Development Holdings Inc. Warrant,0.0653,461991.0,414.0,,27.0342,NASDAQ,Telecommunications,Computer Communications Equipment,,True,Matched broad public screener and configured penny/microcap filters.
BIOTW,Instinct Bio Technical Company Holdings Inc. Warrants,0.0168,483065.0,65382.0,,1098.4176,NASDAQ,Consumer Discretionary,Package Goods/Cosmetics,,True,Matched broad public screener and configured penny/microcap filters.
VGASW,Verde Clean Fuels Inc. Warrant,0.0111,494501.0,15203.0,,168.7533,NASDAQ,Industrials,Major Chemicals,,True,Matched broad public screener and configured penny/microcap filters.
RMSGW,Real Messenger Corporation Warrants,0.0315,509313.0,2839.0,,89.4285,NASDAQ,Technology,Computer Software: Programming Data Processing,,True,Matched broad public screener and configured penny/microcap filters.
SCAGW,Scage Future Warrants,0.0077,559094.0,1600.0,,12.32,NASDAQ,Consumer Discretionary,Construction/Ag Equipment/Trucks,,True,Matched broad public screener and configured penny/microcap filters.
MRNOW,Murano Global Investments PLC Warrants,0.0072,570549.0,44619.0,,321.2568,NASDAQ,Consumer Discretionary,Hotels/Resorts,,True,Matched broad public screener and configured penny/microcap filters.
XXII,22nd Century Group Inc. Common Stock,0.848,605467.0,54394.0,,46126.112,NASDAQ,Health Care, Medicinal Chemicals and Botanical Products ,,True,Matched broad public screener and configured penny/microcap filters.
BNCWW,BNB Standard Corporation Warrant,0.015,617608.0,6.0,,0.09,NASDAQ,Consumer Staples,Farming/Seeds/Milling,,True,Matched broad public screener and configured penny/microcap filters.
BRLSW,Borealis Foods Inc. Warrant,0.0311,667509.0,18052.0,,561.4172,NASDAQ,Consumer Staples,Packaged Foods,,True,Matched broad public screener and configured penny/microcap filters.
RKDA,Arcadia Biosciences Inc. Common Stock,0.284,684216.0,936307.0,,265911.18799999997,NASDAQ,Energy,Oil & Gas Production,,True,Matched broad public screener and configured penny/microcap filters.
MTEKW,Maris-Tech Ltd. Warrants,0.0746,723517.0,3000.0,,223.8,NASDAQ,Telecommunications,Telecommunications Equipment,,True,Matched broad public screener and configured penny/microcap filters.
ILLRW,Triller Group Inc. Warrant,0.035,748889.0,284.0,,9.940000000000001,NASDAQ,Finance,Investment Managers,,True,Matched broad public screener and configured penny/microcap filters.
AIMDW,Ainos Inc. Warrants,0.0879,751024.0,160.0,,14.064,NASDAQ,Technology,Computer peripheral equipment,,True,Matched broad public screener and configured penny/microcap filters.
BZFDW,BuzzFeed Inc. Warrant,0.0085,759345.0,87457.0,,743.3845,NASDAQ,Consumer Discretionary,Telecommunications Equipment,,True,Matched broad public screener and configured penny/microcap filters.
WALDW,Waldencast plc Warrant ,0.0064,823046.0,2285606.0,,14627.878400000001,NASDAQ,Consumer Discretionary,Package Goods/Cosmetics,,True,Matched broad public screener and configured penny/microcap filters.
ABLVW,Able View Global Inc. Warrant,0.0153,844879.0,300.0,,4.59,NASDAQ,Consumer Discretionary,Other Consumer Services,,True,Matched broad public screener and configured penny/microcap filters.
SCLXW,Scilex Holding Company Warrant,0.0999,848451.0,100.0,,9.99,NASDAQ,Health Care,Biotechnology: Biological Products (No Diagnostic Substances),,True,Matched broad public screener and configured penny/microcap filters.
STKH,Steakholder Foods Ltd. American Depositary Shares,0.7676,854822.0,17698238.0,,13585167.488799999,NASDAQ,Consumer Staples,Packaged Foods,,True,Matched broad public screener and configured penny/microcap filters.
HOLOW,MicroCloud Hologram Inc. Warrant,0.0375,859214.0,1183.0,,44.3625,NASDAQ,Technology,Computer Software: Programming Data Processing,,True,Matched broad public screener and configured penny/microcap filters.
EDVA,Endovia Health Sciences Inc. Common Stock,0.161,1032416.0,477176.0,,76825.336,AMEX,Consumer Staples,Beverages (Production/Distribution),,True,Matched broad public screener and configured penny/microcap filters.
ASTLW,Algoma Steel Group Inc. Warrant,0.0099,1043347.0,1056.0,,10.454400000000001,NASDAQ,Industrials,Steel/Iron Ore,,True,Matched broad public screener and configured penny/microcap filters.
LRHC,La Rosa Holdings Corp. Common Stock,1.84,1048136.0,3326596.0,,6120936.640000001,NASDAQ,Finance,Real Estate,,True,Matched broad public screener and configured penny/microcap filters.
CRGOW,Freightos Limited Warrants,0.0207,1077921.0,29709.0,,614.9763,NASDAQ,Industrials,Integrated Freight & Logistics,,True,Matched broad public screener and configured penny/microcap filters.
JZ,Jianzhi Education Technology Group Company Limited American Depositary Shs,0.449,1081333.0,178698.0,,80235.402,NASDAQ,Real Estate,Other Consumer Services,,True,Matched broad public screener and configured penny/microcap filters.
HLSQ,Tessera Defense and Homeland Security Inc. Common Stock,0.3848,1100528.0,437840.0,,168480.832,AMEX,Health Care,Biotechnology: Biological Products (No Diagnostic Substances),,True,Matched broad public screener and configured penny/microcap filters.
PFSA,Profusa Inc. Common Stock,1.87,1132560.0,584136.0,,1092334.32,NASDAQ,Health Care,Medical/Dental Instruments,,True,Matched broad public screener and configured penny/microcap filters.
PGYWW,Pagaya Technologies Ltd. Warrants,0.0141,1176304.0,23298.0,,328.5018,NASDAQ,Finance,Finance: Consumer Services,,True,Matched broad public screener and configured penny/microcap filters.
SUGP,SU Group Holdings Limited Class A Ordinary Shares,0.5093,1184886.0,467290.0,,237990.797,NASDAQ,Consumer Discretionary,Diversified Commercial Services,,True,Matched broad public screener and configured penny/microcap filters.
AKAN,Akanda Corp. Common Shares,2.21,1195259.0,288147.0,,636804.87,NASDAQ,Health Care, Medicinal Chemicals and Botanical Products ,,True,Matched broad public screener and configured penny/microcap filters.
GCTK,GlucoTrack Inc. Common Stock,1.41,1196567.0,634130.0,,894123.2999999999,NASDAQ,Health Care,Medical/Dental Instruments,,True,Matched broad public screener and configured penny/microcap filters.
WETO,Wetour Robotics Limited Ordinary Shares,1.12,1207137.0,3805931.0,,4262642.720000001,NASDAQ,Industrials,Other Transportation,,True,Matched broad public screener and configured penny/microcap filters.
DRCT,Direct Digital Holdings Inc. Class A Common Stock,1.51,1212118.0,6522.0,,9848.22,NASDAQ,Consumer Discretionary,Advertising,,True,Matched broad public screener and configured penny/microcap filters.
FCHL,Fitness Champs Holdings Limited Common Stock,0.9562,1260981.0,26336.0,,25182.483200000002,NASDAQ,Consumer Discretionary,Services-Misc. Amusement & Recreation,,True,Matched broad public screener and configured penny/microcap filters.
SABSW,SAB Biotherapeutics Inc. Warrant,0.014,1273809.0,29017.0,,406.238,NASDAQ,Health Care,Biotechnology: Biological Products (No Diagnostic Substances),,True,Matched broad public screener and configured penny/microcap filters.
SKYAW,SkyAI Inc. Warrant,0.0297,1284451.0,2223.0,,66.0231,NASDAQ,Technology,EDP Services,,True,Matched broad public screener and configured penny/microcap filters.
CISS,C3is Inc. Common Stock,0.8668,1289772.0,211653.0,,183460.8204,NASDAQ,Consumer Discretionary,Marine Transportation,,True,Matched broad public screener and configured penny/microcap filters.
OXBRW,Oxbridge Re Holdings Limited Warrant expiring 3/26/2029,0.1599,1301358.0,452.0,,72.2748,NASDAQ,Finance,Property-Casualty Insurers,,True,Matched broad public screener and configured penny/microcap filters.
FUSEW,Fusemachines Inc. Warrants,0.045,1304339.0,406.0,,18.27,NASDAQ,Technology,EDP Services,,True,Matched broad public screener and configured penny/microcap filters.
BBLG,Bone Biologics Corp Common Stock,0.475,1309127.0,23508.0,,11166.3,NASDAQ,Health Care,Industrial Specialties,,True,Matched broad public screener and configured penny/microcap filters.
MOBXW,Mobix Labs Inc Warrants,0.074,1328451.0,2500.0,,185.0,NASDAQ,Technology,Semiconductors,,True,Matched broad public screener and configured penny/microcap filters.
IPW,iPower Inc. Common Stock,1.1401,1328498.0,2187135.0,,2493552.6135,NASDAQ,Consumer Discretionary,RETAIL: Building Materials,,True,Matched broad public screener and configured penny/microcap filters.
BGLWW,Blue Gold Limited Warrant,0.0327,1335395.0,2504.0,,81.8808,NASDAQ,Basic Materials,Metal Mining,,True,Matched broad public screener and configured penny/microcap filters.
SHFS,SHF Holdings Inc. Class A Common Stock,1.3,1336070.0,846316.0,,1100210.8,NASDAQ,Finance,Finance: Consumer Services,,True,Matched broad public screener and configured penny/microcap filters.
UK,Ucommune International Ltd Class A Ordinary Shares,2.0195,1369122.0,5508.0,,11123.405999999999,NASDAQ,Consumer Discretionary,Business Services,,True,Matched broad public screener and configured penny/microcap filters.
MSS,Maison Solutions Inc. Class A Common Stock,1.61,1377096.0,83076.0,,133752.36000000002,NASDAQ,Consumer Staples,Food Chains,,True,Matched broad public screener and configured penny/microcap filters.
HUBC,Hub Cyber Security Ltd. Ordinary Shares,1.03,1377157.0,226366.0,,233156.98,NASDAQ,Telecommunications,Computer Communications Equipment,,True,Matched broad public screener and configured penny/microcap filters.
LBGJ,Li Bang International Corporation Class A Ordinary Shares,1.96,1392435.0,20254.0,,39697.84,NASDAQ,Industrials,Industrial Machinery/Components,,True,Matched broad public screener and configured penny/microcap filters.
OLOX,Olenox Industries Inc. Common Stock,0.84,1393851.0,126188.0,,105997.92,NASDAQ,Consumer Discretionary,RETAIL: Building Materials,,True,Matched broad public screener and configured penny/microcap filters.
CDT,CDT Equity Inc. Common Stock,1.25,1405644.0,268885.0,,336106.25,NASDAQ,Health Care,Biotechnology: Pharmaceutical Preparations,,True,Matched broad public screener and configured penny/microcap filters.
BCTXZ,BriaCell Therapeutics Corp. Warrant expiring 2030,0.162,1409365.0,30007.0,,4861.134,NASDAQ,Health Care,Biotechnology: Pharmaceutical Preparations,,True,Matched broad public screener and configured penny/microcap filters.
LNKS,Linkers Industries Limited Class A Ordinary Shares,0.9243,1484992.0,7035.0,,6502.4505,NASDAQ,Technology,Electrical Products,,True,Matched broad public screener and configured penny/microcap filters.
DXF,Eason Technology Limited American Depositary Shares (each representing sixty-thousand (60000) Ordinary Shares),0.4856,1571380.0,53855.0,,26151.987999999998,AMEX,Finance,Finance: Consumer Services,,True,Matched broad public screener and configured penny/microcap filters.
LESL,Leslie's Inc. Common Stock,0.168,1573400.0,66911450.0,,11241123.600000001,NASDAQ,Consumer Discretionary,Other Specialty Stores,,True,Matched broad public screener and configured penny/microcap filters.
IMTE,Integrated Media Technology Limited Ordinary Shares,0.4651,1602936.0,9858.0,,4584.9558,NASDAQ,Consumer Staples,Consumer Electronics/Appliances,,True,Matched broad public screener and configured penny/microcap filters.
NEXR,Nexera Technologies Ltd Ordinary Shares,1.0,1635990.0,344448.0,,344448.0,NASDAQ,Consumer Discretionary,Other Specialty Stores,,True,Matched broad public screener and configured penny/microcap filters.
YHC,LQR House Inc. Common Stock,1.28,1668937.0,50985.0,,65260.8,NASDAQ,Consumer Staples,Beverages (Production/Distribution),,True,Matched broad public screener and configured penny/microcap filters.
SMTK,SmartKem Inc. Common Stock,1.64,1698710.0,71253.0,,116854.92,NASDAQ,Technology,Semiconductors,,True,Matched broad public screener and configured penny/microcap filters.
AIIOW,Robo.ai Inc. Warrant,0.0143,1702209.0,36630.0,,523.809,NASDAQ,Industrials,Auto Manufacturing,,True,Matched broad public screener and configured penny/microcap filters.
SQFT,Presidio Property Trust Inc. Class A Common Stock,1.2,1721318.0,24513.0,,29415.6,NASDAQ,Real Estate,Real Estate Investment Trusts,,True,Matched broad public screener and configured penny/microcap filters.
HAO,Haoxi Health Technology Limited Class A Ordinary Shares,2.7,1721612.0,18601.0,,50222.700000000004,NASDAQ,Consumer Discretionary,Advertising,,True,Matched broad public screener and configured penny/microcap filters.
CRIS,Curis Inc. Common Stock,0.8307,1736227.0,37978.0,,31548.3246,NASDAQ,Health Care,Biotechnology: Biological Products (No Diagnostic Substances),,True,Matched broad public screener and configured penny/microcap filters.
NXGL,NexGel Inc Common Stock,0.1785,1739958.0,310950.0,,55504.575,NASDAQ,Health Care,Medical/Dental Instruments,,True,Matched broad public screener and configured penny/microcap filters.
SCNI,Scinai Immunotherapeutics Ltd. American Depositary Shares,1.31,1772729.0,43755.0,,57319.05,NASDAQ,Health Care,Biotechnology: Biological Products (No Diagnostic Substances),,True,Matched broad public screener and configured penny/microcap filters.
NCT,Intercont (Cayman) Limited Class A Ordinary shares,1.46,1787198.0,254248.0,,371202.08,NASDAQ,Consumer Discretionary,Restaurants,,True,Matched broad public screener and configured penny/microcap filters.
PMAX,Powell Max Limited Class A Ordinary Shares,0.9382,1840716.0,12469732.0,,11699102.5624,NASDAQ,Consumer Discretionary,Other Consumer Services,,True,Matched broad public screener and configured penny/microcap filters.
GMEX,GMEX ROBOTICS CORPORATION Class A Ordinary Shares,2.56,1926469.0,92019.0,,235568.64,NASDAQ,Consumer Discretionary,Recreational Games/Products/Toys,,True,Matched broad public screener and configured penny/microcap filters.
RAYA,Erayak Power Solution Group Inc. Class A Ordinary Shares,1.86,1961761.0,16681.0,,31026.66,NASDAQ,Consumer Discretionary,Metal Fabrications,,True,Matched broad public screener and configured penny/microcap filters.
KITT,Nauticus Robotics Inc. Common stock,1.58,1967617.0,582312.0,,920052.9600000001,NASDAQ,Industrials,Industrial Machinery/Components,,True,Matched broad public screener and configured penny/microcap filters.
GNLN,Greenlane Holdings Inc. Class A Common Stock,2.885,2003759.0,25737.0,,74251.245,NASDAQ,Consumer Discretionary,Durable Goods,,True,Matched broad public screener and configured penny/microcap filters.
ASPSZ,Altisource Portfolio Solutions S.A. Cash Exercise Stakeholder Warrants,0.176,2009956.0,15105.0,,2658.48,NASDAQ,Consumer Discretionary,Other Consumer Services,,True,Matched broad public screener and configured penny/microcap filters.
ATPC,Agape ATP Corporation Common Stock,2.02,2021265.0,18155.0,,36673.1,NASDAQ,Health Care,Medical/Nursing Services,,True,Matched broad public screener and configured penny/microcap filters.
KIDZ,KIDZ AI Inc. Class B Common Stock,2.41,2074232.0,106495.0,,256652.95,NASDAQ,Real Estate,Other Consumer Services,,True,Matched broad public screener and configured penny/microcap filters.
NXTS,Nexentis Technologies Inc. Common Stock,1.43,2078266.0,7212.0,,10313.16,NASDAQ,Industrials,Agricultural Chemicals,,True,Matched broad public screener and configured penny/microcap filters.
GCLWW,GCL Global Holdings Ltd Warrants,0.016,2082167.0,4100.0,,65.6,NASDAQ,Technology,Computer Software: Prepackaged Software,,True,Matched broad public screener and configured penny/microcap filters.
ARTL,Artelo Biosciences Inc. Common Stock,3.83,2097974.0,93028.0,,356297.24,NASDAQ,Health Care,Biotechnology: Pharmaceutical Preparations,,True,Matched broad public screener and configured penny/microcap filters.
GNPX,Genprex Inc. Common Stock,2.56,2098455.0,148272.0,,379576.32,NASDAQ,Health Care,Biotechnology: Pharmaceutical Preparations,,True,Matched broad public screener and configured penny/microcap filters.
CSAI,Cloudastructure Inc. Class A Common Stock,2.43,2107957.0,109065.0,,265027.95,NASDAQ,Technology,Computer Software: Programming Data Processing,,True,Matched broad public screener and configured penny/microcap filters.
IPDN,Professional Diversity Network Inc. Common Stock,3.19,2123937.0,52738.0,,168234.22,NASDAQ,Technology,Computer Software: Programming Data Processing,,True,Matched broad public screener and configured penny/microcap filters.
IPST,IP Strategy Holdings Inc. Common Stock,2.95,2128655.0,77145.0,,227577.75,NASDAQ,Consumer Staples,Beverages (Production/Distribution),,True,Matched broad public screener and configured penny/microcap filters.
IMCC,IM Cannabis Corp. Common Shares,2.17,2153712.0,210585.0,,456969.45,NASDAQ,Health Care, Medicinal Chemicals and Botanical Products ,,True,Matched broad public screener and configured penny/microcap filters.
OGEN,Oragenics Inc. Common Stock,0.48,2165739.0,32443.0,,15572.64,AMEX,Health Care,Biotechnology: Pharmaceutical Preparations,,True,Matched broad public screener and configured penny/microcap filters.
FLYE,Fly-E Group Inc. Common Stock,1.33,2171073.0,26379.0,,35084.07,NASDAQ,Industrials,Aerospace,,True,Matched broad public screener and configured penny/microcap filters.
LABT,Lakewood-Amedex Biotherapeutics Inc. Common Stock,0.9301,2204047.0,175027.0,,162792.6127,NASDAQ,Health Care,Biotechnology: Pharmaceutical Preparations,,True,Matched broad public screener and configured penny/microcap filters.
ONFO,Onfolio Holdings Inc. Common Stock,0.9091,2272066.0,321381.0,,292167.4671,NASDAQ,Technology,EDP Services,,True,Matched broad public screener and configured penny/microcap filters.
GSUN,Golden Sun Technology Group Limited Class A Ordinary Shares,0.2297,2303631.0,1356988.0,,311700.1436,NASDAQ,Real Estate,Other Consumer Services,,True,Matched broad public screener and configured penny/microcap filters.
COCHW,Envoy Medical Inc Warrant,0.03,2315838.0,133379.0,,4001.37,NASDAQ,Health Care,Industrial Specialties,,True,Matched broad public screener and configured penny/microcap filters.
EDBL,Edible Garden AG Incorporated Common Stock,1.19,2322296.0,88536.0,,105357.84,NASDAQ,Consumer Staples,Farming/Seeds/Milling,,True,Matched broad public screener and configured penny/microcap filters.
PWCM,PowerCompute Inc. Common Stock,0.9593,2322918.0,494881.0,,474739.3433,NASDAQ,Finance,Finance: Consumer Services,,True,Matched broad public screener and configured penny/microcap filters.
NXAT,Nexus Advanced Technologies Inc. Ordinary Shares,0.8604,2331902.0,49735.0,,42791.994000000006,NASDAQ,Consumer Discretionary,Movies/Entertainment,,True,Matched broad public screener and configured penny/microcap filters.
TCRT,Alaunos Therapeutics Inc. Common Stock,0.92,2342933.0,93774.0,,86272.08,NASDAQ,Health Care,Biotechnology: Pharmaceutical Preparations,,True,Matched broad public screener and configured penny/microcap filters.
MTNB,Matinas Biopharma Holdings Inc. Common Stock,2.42,2370438.0,45177.0,,109328.34,AMEX,Health Care,Biotechnology: Pharmaceutical Preparations,,True,Matched broad public screener and configured penny/microcap filters.
ASPSW,Altisource Portfolio Solutions S.A. Net Settle Stakeholder Warrants,0.21,2398243.0,37195.0,,7810.95,NASDAQ,Consumer Discretionary,Other Consumer Services,,True,Matched broad public screener and configured penny/microcap filters.
CIIT,Tianci International Inc. Common Stock,2.51,2428151.0,19856.0,,49838.56,NASDAQ,Telecommunications,Computer Communications Equipment,,True,Matched broad public screener and configured penny/microcap filters.
JEM,707 Cayman Holdings Limited Ordinary Shares,3.51,2440647.0,15739.0,,55243.89,NASDAQ,Consumer Discretionary,Clothing/Shoe/Accessory Stores,,True,Matched broad public screener and configured penny/microcap filters.
ITP,IT Tech Packaging Inc. Common Stock,0.1456,2470165.0,84533.0,,12308.0048,AMEX,Consumer Discretionary,Containers/Packaging,,True,Matched broad public screener and configured penny/microcap filters.
PPBT,Purple Biotech Ltd. American Depositary Shares,1.52,2472838.0,12273.0,,18654.96,NASDAQ,Health Care,Biotechnology: Pharmaceutical Preparations,,True,Matched broad public screener and configured penny/microcap filters.
RUBI,Rubico Inc. Common Stock,1.05,2495512.0,49909.0,,52404.450000000004,NASDAQ,Consumer Discretionary,Marine Transportation,,True,Matched broad public screener and configured penny/microcap filters.
VSME,VS Media Holdings Limited Class A Ordinary Shares,0.9102,2503764.0,24842.0,,22611.1884,NASDAQ,Consumer Discretionary,Advertising,,True,Matched broad public screener and configured penny/microcap filters.
NCI,Neo-Concept International Group Holdings Limited Class A Ordinary Shares,1.06,2506139.0,2155745.0,,2285089.7,NASDAQ,Consumer Discretionary,Apparel,,True,Matched broad public screener and configured penny/microcap filters.
PW,Power REIT (MD) Common Stock,6.95,2551484.0,11063.0,,76887.85,AMEX,Real Estate,Real Estate Investment Trusts,,True,Matched broad public screener and configured penny/microcap filters.
VIVK,Vivakor Inc. Common Stock,0.29,2604750.0,4701159.0,,1363336.1099999999,NASDAQ,Utilities,Environmental Services,,True,Matched broad public screener and configured penny/microcap filters.
ELAB,PMGC Holdings Inc. Common Stock,3.225,2610892.0,181975.0,,586869.375,NASDAQ,Health Care,Biotechnology: Pharmaceutical Preparations,,True,Matched broad public screener and configured penny/microcap filters.
SILO,Silo Pharma Inc. Common Stock,1.5,2629875.0,44296.0,,66444.0,NASDAQ,Health Care,Biotechnology: Pharmaceutical Preparations,,True,Matched broad public screener and configured penny/microcap filters.
SPRC,SciSparc Ltd. Ordinary Shares,4.55,2643427.0,1471.0,,6693.05,NASDAQ,Health Care,Biotechnology: Pharmaceutical Preparations,,True,Matched broad public screener and configured penny/microcap filters.
SGRX,SANGRIX INC. Class A Ordinary Shares,1.39,2645139.0,336399.0,,467594.61,NASDAQ,Finance,Finance: Consumer Services,,True,Matched broad public screener and configured penny/microcap filters.
BDRX,Biodexa Pharmaceuticals plc American Depositary Shs,0.6326,2653072.0,253131.0,,160130.6706,NASDAQ,Health Care,Biotechnology: Pharmaceutical Preparations,,True,Matched broad public screener and configured penny/microcap filters.
TGL,Treasure Global Inc. Common Stock,1.37,2678120.0,533848.0,,731371.76,NASDAQ,Consumer Discretionary,Business Services,,True,Matched broad public screener and configured penny/microcap filters.
DKI,DarkIris Inc. Class A Ordinary Shares,1.29,2705887.0,653779.0,,843374.91,NASDAQ,Technology,Computer Software: Prepackaged Software,,True,Matched broad public screener and configured penny/microcap filters.
NUWE,Nuwellis Inc. Common Stock,0.749,2731801.0,229018.0,,171534.482,NASDAQ,Health Care,Biotechnology: Electromedical & Electrotherapeutic Apparatus,,True,Matched broad public screener and configured penny/microcap filters.
BFRGW,Bullfrog AI Holdings Inc. Warrants,0.1492,2766414.0,6038.0,,900.8696,NASDAQ,Health Care,Biotechnology: Pharmaceutical Preparations,,True,Matched broad public screener and configured penny/microcap filters.
CHGA,Change Agents Corporation Common Stock,2.47,2766934.0,416049.0,,1027641.03,NASDAQ,Technology,EDP Services,,True,Matched broad public screener and configured penny/microcap filters.
XAIR,Beyond Air Inc. Common Stock,2.93,2805859.0,50791.0,,148817.63,NASDAQ,Health Care,Medical/Dental Instruments,,True,Matched broad public screener and configured penny/microcap filters.
ELPW,Elong Power Holding Limited Class A Ordinary Shares,3.03,2824230.0,38039.0,,115258.17,NASDAQ,Miscellaneous,Industrial Machinery/Components,,True,Matched broad public screener and configured penny/microcap filters.
ISPC,iSpecimen Inc. Common Stock,1.14,2871193.0,26086.0,,29738.039999999997,NASDAQ,Health Care,Biotechnology: Commercial Physical & Biological Resarch,,True,Matched broad public screener and configured penny/microcap filters.
KUST,Kustom Entertainment Inc. Common Stock,4.42,2876032.0,105069.0,,464404.98,NASDAQ,Technology,Radio And Television Broadcasting And Communications Equipment,,True,Matched broad public screener and configured penny/microcap filters.
VTAK,Catheter Precision Inc. Common Stock,0.152,2883751.0,259489.0,,39442.328,AMEX,Health Care,Medical/Dental Instruments,,True,Matched broad public screener and configured penny/microcap filters.
PRFX,PRF Technologies Ltd. Ordinary Shares,0.9503,2890651.0,22962.0,,21820.7886,NASDAQ,Health Care,Biotechnology: Pharmaceutical Preparations,,True,Matched broad public screener and configured penny/microcap filters.
CMND,Clearmind Medicine Inc. Common Shares,0.7158,2905595.0,221346.0,,158439.4668,NASDAQ,Health Care,Biotechnology: Pharmaceutical Preparations,,True,Matched broad public screener and configured penny/microcap filters.
IZM,ICZOOM Group Inc. Class A Ordinary Shares,1.21,2908383.0,6762.0,,8182.0199999999995,NASDAQ,Consumer Discretionary,Consumer Electronics/Video Chains,,True,Matched broad public screener and configured penny/microcap filters.
HTCR,Heartcore Enterprises Inc. Common Stock,1.925,2917006.0,393153.0,,756819.525,NASDAQ,Technology,EDP Services,,True,Matched broad public screener and configured penny/microcap filters.
RDHL,Redhill Biopharma Ltd. American Depositary Shares,0.48,2918842.0,564386.0,,270905.27999999997,NASDAQ,Health Care,Biotechnology: Pharmaceutical Preparations,,True,Matched broad public screener and configured penny/microcap filters.
MASK,3 E Network Technology Group Ltd Class A Ordinary Shares,0.809,2927840.0,128824.0,,104218.61600000001,NASDAQ,Technology,EDP Services,,True,Matched broad public screener and configured penny/microcap filters.
SBFM,Sunshine Biopharma Inc. Common Stock,0.6876,2963763.0,133900.0,,92069.64,NASDAQ,Health Care,Biotechnology: Pharmaceutical Preparations,,True,Matched broad public screener and configured penny/microcap filters.
SDSTW,Stardust Power Inc. Warrant,0.0731,2966180.0,20466.0,,1496.0646,NASDAQ,Industrials,Major Chemicals,,True,Matched broad public screener and configured penny/microcap filters.
VVOS,Vivos Therapeutics Inc. Common Stock,0.149,2997585.0,1198241.0,,178537.90899999999,NASDAQ,Health Care,Medical/Dental Instruments,,True,Matched broad public screener and configured penny/microcap filters.
VRAX,Virax Biolabs Group Limited Ordinary Shares,2.24,3012773.0,30888.0,,69189.12000000001,NASDAQ,Health Care,Biotechnology: In Vitro & In Vivo Diagnostic Substances,,True,Matched broad public screener and configured penny/microcap filters.
LXEH,Lixiang Education Holding Co. Ltd. American Depositary Shares,1.59,3047501.0,9572.0,,15219.480000000001,NASDAQ,Real Estate,Other Consumer Services,,True,Matched broad public screener and configured penny/microcap filters.
RBNE,Robin Energy Ltd. Common Stock,2.3,3064283.0,31767.0,,73064.09999999999,NASDAQ,Consumer Discretionary,Marine Transportation,,True,Matched broad public screener and configured penny/microcap filters.
TOPS,TOP Ships Inc. Common Stock,0.5536,3067869.0,551254.0,,305174.2144,AMEX,Consumer Discretionary,Marine Transportation,,True,Matched broad public screener and configured penny/microcap filters.
SLXN,Silexion Therapeutics Corp Ordinary Shares,0.279,3079253.0,3304075.0,,921836.925,NASDAQ,Health Care,Biotechnology: Biological Products (No Diagnostic Substances),,True,Matched broad public screener and configured penny/microcap filters.
RDGT,Ridgetech Inc. Ordinary Shares,0.85,3085109.0,25255.0,,21466.75,NASDAQ,Consumer Staples,Retail-Drug Stores and Proprietary Stores,,True,Matched broad public screener and configured penny/microcap filters.
TOPP,Toppoint Holdings Inc. Common Stock,0.125,3087500.0,73189.0,,9148.625,AMEX,Industrials,Trucking Freight/Courier Services,,True,Matched broad public screener and configured penny/microcap filters.
HCWB,HCW Biologics Inc. Common Stock,1.69,3103388.0,55710.0,,94149.9,NASDAQ,Health Care,Biotechnology: Pharmaceutical Preparations,,True,Matched broad public screener and configured penny/microcap filters.
OCG,Oriental Culture Holding LTD Ordinary Shares,1.61,3120682.0,28447.0,,45799.670000000006,NASDAQ,Consumer Discretionary,Other Consumer Services,,True,Matched broad public screener and configured penny/microcap filters.
BRTX,BioRestorative Therapies Inc. Common Stock (NV),2.27,3135161.0,21538.0,,48891.26,NASDAQ,Health Care,Managed Health Care,,True,Matched broad public screener and configured penny/microcap filters.
XRTX,XORTX Therapeutics Inc. Common Shares,1.73,3142657.0,22090.0,,38215.7,NASDAQ,Health Care,Biotechnology: Pharmaceutical Preparations,,True,Matched broad public screener and configured penny/microcap filters.
SSM,Sono Group N.V. Ordinary Shares,2.21,3148883.0,50481745.0,,111564656.45,NASDAQ,Technology,Semiconductors,,True,Matched broad public screener and configured penny/microcap filters.
VCIG,VCI Global Limited Ordinary Share,1.49,3149075.0,66117.0,,98514.33,NASDAQ,Consumer Discretionary,Diversified Commercial Services,,True,Matched broad public screener and configured penny/microcap filters.
TNMG,TNL Mediagene Ordinary Shares,4.15,3156378.0,54122.0,,224606.30000000002,NASDAQ,Consumer Discretionary,Advertising,,True,Matched broad public screener and configured penny/microcap filters.
APVO,Aptevo Therapeutics Inc. Common Stock,1.76,3171467.0,25088.0,,44154.88,NASDAQ,Health Care,Biotechnology: Pharmaceutical Preparations,,True,Matched broad public screener and configured penny/microcap filters.
PPCB,Propanc Biopharma Inc. Common Stock,0.501,3171889.0,83011.0,,41588.511,NASDAQ,Health Care,Biotechnology: Pharmaceutical Preparations,,True,Matched broad public screener and configured penny/microcap filters.
REVB,Revelation Biosciences Inc. Common Stock,0.801,3190716.0,60812.0,,48710.412000000004,NASDAQ,Health Care,Biotechnology: Pharmaceutical Preparations,,True,Matched broad public screener and configured penny/microcap filters.
GIPR,Generation Income Properties Inc. Common Stock,0.452,3214850.0,146278440.0,,66117854.88,NASDAQ,Real Estate,Real Estate Investment Trusts,,True,Matched broad public screener and configured penny/microcap filters.
VBIO,Valion Bio Inc. Common Stock,2.51,3226919.0,681455.0,,1710452.0499999998,NASDAQ,Health Care,Biotechnology: Electromedical & Electrotherapeutic Apparatus,,True,Matched broad public screener and configured penny/microcap filters.
FRSX,Foresight Autonomous Holdings Ltd. American Depositary Shares,1.09,3248540.0,17000.0,,18530.0,NASDAQ,Technology,Computer Software: Prepackaged Software,,True,Matched broad public screener and configured penny/microcap filters.
GOVX,GeoVax Labs Inc. Common Stock,0.3222,3255145.0,124519.0,,40120.021799999995,NASDAQ,Health Care,Biotechnology: Pharmaceutical Preparations,,True,Matched broad public screener and configured penny/microcap filters.
ONCO,Onconetix Inc. Common Stock,0.7441,3259546.0,884092.0,,657852.8572,NASDAQ,Health Care,Biotechnology: Pharmaceutical Preparations,,True,Matched broad public screener and configured penny/microcap filters.
EXYNW,Exyn Technologies Inc. Warrant,0.41,3261122.0,1440.0,,590.4,NASDAQ,Technology,Computer Software: Prepackaged Software,,True,Matched broad public screener and configured penny/microcap filters.
CTNT,Cheetah Net Supply Chain Service Inc Class A Common Stock,2.45,3266823.0,331577.0,,812363.65,NASDAQ,Consumer Discretionary,Motor Vehicles,,True,Matched broad public screener and configured penny/microcap filters.
AGMH,AGM Group Holdings Inc. Class A Ordinary Shares,0.6842,3281680.0,102284.0,,69982.71280000001,NASDAQ,Technology,EDP Services,,True,Matched broad public screener and configured penny/microcap filters.
BKYI,BIO-key International Inc. Common Stock,2.29,3289228.0,912702.0,,2090087.58,NASDAQ,Technology,Computer Software: Prepackaged Software,,True,Matched broad public screener and configured penny/microcap filters.
JUNS,Jupiter Neurosciences Inc. Common Stock,2.5,3296303.0,13387.0,,33467.5,NASDAQ,Health Care,Biotechnology: Pharmaceutical Preparations,,True,Matched broad public screener and configured penny/microcap filters.
TRNR,Interactive Strength Inc. Common Stock,2.1,3401374.0,16881.0,,35450.1,NASDAQ,Technology,Consumer Electronics/Appliances,,True,Matched broad public screener and configured penny/microcap filters.
DCOY,Decoy Therapeutics Inc. Common Stock,1.855,3412493.0,169470.0,,314366.85,NASDAQ,Health Care,Biotechnology: Pharmaceutical Preparations,,True,Matched broad public screener and configured penny/microcap filters.
GRRRW,Gorilla Technology Group Inc. Warrant,0.1231,3416945.0,1827.0,,224.90370000000001,NASDAQ,Technology,Computer Software: Prepackaged Software,,True,Matched broad public screener and configured penny/microcap filters.
LGCL,Lucas GC Limited Class A Ordinary Shares,2.62,3418193.0,61398.0,,160862.76,NASDAQ,Technology,Computer Software: Programming Data Processing,,True,Matched broad public screener and configured penny/microcap filters.
MGN,Megan Holdings Limited Class A Ordinary Shares,3.72,3441000.0,105746.0,,393375.12,NASDAQ,Consumer Staples,Farming/Seeds/Milling,,True,Matched broad public screener and configured penny/microcap filters.
VIVS,VivoSim Labs Inc. Common Stock,0.2075,3441698.0,186528.0,,38704.56,NASDAQ,Health Care,Biotechnology: Biological Products (No Diagnostic Substances),,True,Matched broad public screener and configured penny/microcap filters.
CVKD,Cadrenal Therapeutics Inc. Common Stock,0.97,3460564.0,111332.0,,107992.04,NASDAQ,Health Care,Biotechnology: Pharmaceutical Preparations,,True,Matched broad public screener and configured penny/microcap filters.
PAVS,Paranovus Entertainment Technology Ltd. Class A Ordinary Shares,3.98,3461159.0,9970.0,,39680.6,NASDAQ,Technology,EDP Services,,True,Matched broad public screener and configured penny/microcap filters.
ADGM,Adagio Medical Holdings Inc Common Stock,0.156,3464832.0,7729853.0,,1205857.068,NASDAQ,Health Care,Medical/Dental Instruments,,True,Matched broad public screener and configured penny/microcap filters.
RIME,Algorhythm Holdings Inc. Common Stock,0.1651,3478070.0,451406.0,,74527.1306,NASDAQ,Technology,EDP Services,,True,Matched broad public screener and configured penny/microcap filters.
MLEC,Moolec Science SA Ordinary Shares,4.81,3492628.0,8955.0,,43073.549999999996,NASDAQ,Finance,Blank Checks,,True,Matched broad public screener and configured penny/microcap filters.
BGLC,BioNexus Gene Lab Corp Common stock,1.2,3520130.0,40808.0,,48969.6,NASDAQ,Health Care,Medical Specialities,,True,Matched broad public screener and configured penny/microcap filters.
ICON,Icon Energy Corp. Common stock,0.94,3533755.0,13660.0,,12840.4,NASDAQ,Consumer Discretionary,Marine Transportation,,True,Matched broad public screener and configured penny/microcap filters.
MBIO,Mustang Bio Inc. Common Stock,0.4672,3540211.0,16106.0,,7524.7232,NASDAQ,Health Care,Biotechnology: Pharmaceutical Preparations,,True,Matched broad public screener and configured penny/microcap filters.
EOCN,Eocene Ltd. Ordinary Shares,3.405,3546529.0,12587.0,,42858.735,NASDAQ,Health Care,Biotechnology: Pharmaceutical Preparations,,True,Matched broad public screener and configured penny/microcap filters.
WLDS,Wearable Devices Ltd. Ordinary Share,1.45,3566624.0,63262.0,,91729.9,NASDAQ,Telecommunications,Computer Communications Equipment,,True,Matched broad public screener and configured penny/microcap filters.
FGL,Founder Group Limited Class A Ordinary Shares,4.36,3621830.0,15015.0,,65465.4,NASDAQ,Consumer Discretionary,Engineering & Construction,,True,Matched broad public screener and configured penny/microcap filters.
CYAB,Cyabra Inc. Common Stock,0.206,3624997.0,1474743.0,,303797.05799999996,NASDAQ,Technology,Computer Software: Prepackaged Software,,True,Matched broad public screener and configured penny/microcap filters.
CDTG,CDT Environmental Technology Investment Holdings Limited ordinary shares,1.2,3625200.0,50492.0,,60590.399999999994,NASDAQ,Industrials,Miscellaneous,,True,Matched broad public screener and configured penny/microcap filters.
SNES,SenesTech Inc. Common Stock,0.67,3633773.0,59878.0,,40118.26,NASDAQ,Industrials,Agricultural Chemicals,,True,Matched broad public screener and configured penny/microcap filters.
TRUG,TruGolf Holdings Inc. Class A Common Stock,2.94,3645600.0,153712.0,,451913.27999999997,NASDAQ,Consumer Discretionary,Recreational Games/Products/Toys,,True,Matched broad public screener and configured penny/microcap filters.
CHR,Cheer Holding Inc. Class A Ordinary Share,1.56,3658907.0,17955.0,,28009.8,NASDAQ,Technology,EDP Services,,True,Matched broad public screener and configured penny/microcap filters.
CETX,Cemtrex Inc. Common Stock,2.03,3668612.0,19288.0,,39154.64,NASDAQ,Technology,Electrical Products,,True,Matched broad public screener and configured penny/microcap filters.
IVDA,Iveda Solutions Inc. Common Stock,0.299,3743189.0,175677.0,,52527.422999999995,NASDAQ,Technology,Computer Software: Prepackaged Software,,True,Matched broad public screener and configured penny/microcap filters.
WHLR,Wheeler Real Estate Investment Trust Inc. Common Stock,2.85,3756719.0,155901.0,,444317.85000000003,NASDAQ,Real Estate,Real Estate Investment Trusts,,True,Matched broad public screener and configured penny/microcap filters.
BOXL,Boxlight Corporation Class A Common Stock,4.46,3766666.0,33107.0,,147657.22,NASDAQ,Real Estate,Other Consumer Services,,True,Matched broad public screener and configured penny/microcap filters.
IBG,Innovation Beverage Group Limited Ordinary Shares,0.8926,3767238.0,6215.0,,5547.509,NASDAQ,Consumer Staples,Beverages (Production/Distribution),,True,Matched broad public screener and configured penny/microcap filters.
BJDX,Bluejay Diagnostics Inc. Common Stock,0.8461,3780418.0,59840.0,,50630.623999999996,NASDAQ,Health Care,Medical/Dental Instruments,,True,Matched broad public screener and configured penny/microcap filters.
TAOP,Taoping Inc. Ordinary Shares ,0.4,3821113.0,16264.0,,6505.6,NASDAQ,Technology,Computer Software: Prepackaged Software,,True,Matched broad public screener and configured penny/microcap filters.
MKZR,MacKenzie Realty Capital Inc. Common Stock,1.38,3829069.0,96997.0,,133855.86,NASDAQ,Real Estate,Real Estate Investment Trusts,,True,Matched broad public screener and configured penny/microcap filters.
FMFC,Kandal M Venture Limited Class A Ordinary Shares,0.1801,3836130.0,87482.0,,15755.5082,NASDAQ,Consumer Discretionary,Apparel,,True,Matched broad public screener and configured penny/microcap filters.
SDST,Stardust Power Inc. Common Stock,0.095,3854817.0,22968471.0,,2182004.745,NASDAQ,Industrials,Major Chemicals,,True,Matched broad public screener and configured penny/microcap filters.
SVRE,SaverOne 2014 Ltd. American Depositary Shares,1.55,3874744.0,16229.0,,25154.95,NASDAQ,Technology,EDP Services,,True,Matched broad public screener and configured penny/microcap filters.
ABTS,Abits Group Inc Ordinary Shares,1.21,3889478.0,1582.0,,1914.22,NASDAQ,Finance,Finance: Consumer Services,,True,Matched broad public screener and configured penny/microcap filters.
ZNB,Zeta Network Group Class A Ordinary Shares,1.06,3895555.0,36540.0,,38732.4,NASDAQ,Real Estate,Other Consumer Services,,True,Matched broad public screener and configured penny/microcap filters.
KTWOR,K2 Capital Acquisition Corporation Rights,0.195,3908026.0,100.0,,19.5,NASDAQ,,,,True,Matched broad public screener and configured penny/microcap filters.
SXTC,China SXT Pharmaceuticals Inc. Class A Ordinary Shares,2.96,3911569.0,299683.0,,887061.6799999999,NASDAQ,Health Care,Biotechnology: Pharmaceutical Preparations,,True,Matched broad public screener and configured penny/microcap filters.
ATXG,Addentax Group Corp. Common Stock,3.3279,3920180.0,12853.0,,42773.498700000004,NASDAQ,Consumer Discretionary,Professional Services,,True,Matched broad public screener and configured penny/microcap filters.
CAPS,Capstone Holding Corp. Common Stock,0.1492,3936511.0,3366434.0,,502271.95279999997,NASDAQ,Health Care,Biotechnology: Pharmaceutical Preparations,,True,Matched broad public screener and configured penny/microcap filters.
EZRA,Reliance Global Group Inc. Common Stock,2.35,3947850.0,2299547.0,,5403935.45,NASDAQ,Finance,Specialty Insurers,,True,Matched broad public screener and configured penny/microcap filters.
CHSN,Chanson International Holding Class A Ordinary Shares,1.07,3969472.0,23359.0,,24994.13,NASDAQ,Consumer Staples,Packaged Foods,,True,Matched broad public screener and configured penny/microcap filters.
CLDI,Calidi Biotherapeutics Inc. Common Stock,1.08,3980717.0,15033.0,,16235.640000000001,AMEX,Health Care,Biotechnology: Biological Products (No Diagnostic Substances),,True,Matched broad public screener and configured penny/microcap filters.
EHGO,Eshallgo Inc. Class A Ordinary Shares,0.6797,4011982.0,161586.0,,109830.0042,NASDAQ,Consumer Discretionary,Diversified Commercial Services,,True,Matched broad public screener and configured penny/microcap filters.
NCRA,Nocera Inc. Common Stock,1.7,4039452.0,37502.0,,63753.4,NASDAQ,Consumer Staples,Farming/Seeds/Milling,,True,Matched broad public screener and configured penny/microcap filters.
IVF,INVO Fertility Inc. Common Stock,0.9006,4143988.0,128360.0,,115601.01599999999,NASDAQ,Health Care,Medical/Dental Instruments,,True,Matched broad public screener and configured penny/microcap filters.
HIHO,Highway Holdings Limited Common Stock,0.9,4164008.0,14424.0,,12981.6,NASDAQ,Industrials,Metal Fabrications,,True,Matched broad public screener and configured penny/microcap filters.
TNON,Tenon Medical Inc. Common Stock,4.04,4171615.0,2088063.0,,8435774.52,NASDAQ,Health Care,Medical/Dental Instruments,,True,Matched broad public screener and configured penny/microcap filters.
FAMI,Farmmi Inc. Class A Ordinary Shares,0.1313,4204092.0,1675331.0,,219970.9603,NASDAQ,Consumer Staples,Packaged Foods,,True,Matched broad public screener and configured penny/microcap filters.
AMPGZ,Amplitech Group Inc. Series B Right,0.1401,4209149.0,721.0,,101.0121,NASDAQ,Telecommunications,Telecommunications Equipment,,True,Matched broad public screener and configured penny/microcap filters.
SGLY,Singularity Future Technology Ltd. Common Stock,0.7792,4210632.0,33696.0,,26255.9232,NASDAQ,Industrials,Integrated Freight & Logistics,,True,Matched broad public screener and configured penny/microcap filters.
OMH,Ohmyhome Limited Class A Ordinary Shares,2.52,4255496.0,21375.0,,53865.0,NASDAQ,Finance,Real Estate,,True,Matched broad public screener and configured penny/microcap filters.
GRI,GRI Bio Inc. Common Stock,1.96,4284785.0,20281.0,,39750.76,NASDAQ,Health Care,Biotechnology: Pharmaceutical Preparations,,True,Matched broad public screener and configured penny/microcap filters.
SLDPW,Solid Power Inc. Warrant,0.019,4335443.0,137317.0,,2609.023,NASDAQ,Miscellaneous,Industrial Machinery/Components,,True,Matched broad public screener and configured penny/microcap filters.
PMCB,PharmaCyte  Biotech Inc. Common Stock,0.4039,4336129.0,82723.0,,33411.8197,NASDAQ,Health Care,Biotechnology: Biological Products (No Diagnostic Substances),,True,Matched broad public screener and configured penny/microcap filters.
XPON,Expion Energy Inc. Common Stock,4.3,4353741.0,21846.0,,93937.8,NASDAQ,Miscellaneous,Industrial Machinery/Components,,True,Matched broad public screener and configured penny/microcap filters.
BRNX,BrenX Ltd. Ordinary Shares,2.24,4361217.0,106585.0,,238750.40000000002,NASDAQ,Industrials,Building Products,,True,Matched broad public screener and configured penny/microcap filters.
GBR,New Concept Energy Inc Common Stock,0.85,4362144.0,1046237.0,,889301.45,AMEX,Energy,Oil & Gas Production,,True,Matched broad public screener and configured penny/microcap filters.
YYAI,AiRWA Inc. Common Stock,0.953,4366567.0,124579.0,,118723.787,NASDAQ,Technology,Computer Software: Programming Data Processing,,True,Matched broad public screener and configured penny/microcap filters.
LCFY,Locafy Limited Ordinary Share,2.3965,4384878.0,3786.0,,9073.149,NASDAQ,Technology,Computer Software: Programming Data Processing,,True,Matched broad public screener and configured penny/microcap filters.
VMAR,Vision Marine Technologies Inc. Common Shares,6.72,4388469.0,27188.0,,182703.36,NASDAQ,Industrials,Marine Transportation,,True,Matched broad public screener and configured penny/microcap filters.
SXTP,60 Degrees Pharmaceuticals Inc. Common Stock,1.25,4396235.0,137176.0,,171470.0,NASDAQ,Health Care,Biotechnology: Pharmaceutical Preparations,,True,Matched broad public screener and configured penny/microcap filters.
BAERW,Bridger Aerospace Group Holdings Inc. Warrant,0.075,4411961.0,14726.0,,1104.45,NASDAQ,Industrials,Aerospace,,True,Matched broad public screener and configured penny/microcap filters.
FCUV,Focus Universal Inc. Common Stock,4.495,4414144.0,39648.0,,178217.76,NASDAQ,Industrials,Industrial Machinery/Components,,True,Matched broad public screener and configured penny/microcap filters.
INLF,INLIF LIMITED Class A Ordinary Shares,4.06,4426610.0,76849.0,,312006.93999999994,NASDAQ,Industrials,Industrial Machinery/Components,,True,Matched broad public screener and configured penny/microcap filters.
INTJ,Intelligent Group Limited Class A Ordinary Shares ,2.88,4427994.0,1418.0,,4083.8399999999997,NASDAQ,Consumer Discretionary,Professional Services,,True,Matched broad public screener and configured penny/microcap filters.
UZX,Linkage Global Inc. Class A Ordinary Shares,1.33,4437159.0,36966.0,,49164.780000000006,NASDAQ,Consumer Discretionary,Catalog/Specialty Distribution,,True,Matched broad public screener and configured penny/microcap filters.
DRMA,Dermata Therapeutics Inc. Common Stock,1.11,4464579.0,21053.0,,23368.83,NASDAQ,Health Care,Biotechnology: Pharmaceutical Preparations,,True,Matched broad public screener and configured penny/microcap filters.
SCKT,Socket Mobile Inc. Common Stock,0.54,4477508.0,131812733.0,,71178875.82000001,NASDAQ,Technology,Computer Manufacturing,,True,Matched broad public screener and configured penny/microcap filters.
PCSA,Processa Pharmaceuticals Inc. Common Stock,1.62,4525285.0,10183.0,,16496.460000000003,NASDAQ,Health Care,Biotechnology: Pharmaceutical Preparations,,True,Matched broad public screener and configured penny/microcap filters.
EZGO,EZGO Technologies Ltd. Ordinary Shares,0.8534,4528054.0,43453.0,,37082.7902,NASDAQ,Consumer Discretionary,Motor Vehicles,,True,Matched broad public screener and configured penny/microcap filters.
MTR,Mesa Royalty Trust Common Stock,2.4319,4532065.0,1641.0,,3990.7479000000003,NYSE,Energy,Oil & Gas Production,,True,Matched broad public screener and configured penny/microcap filters.
WBUY,WEBUY GLOBAL LTD. Class A Ordinary Shares,0.833,4565760.0,185469.0,,154495.677,NASDAQ,Consumer Discretionary,Other Specialty Stores,,True,Matched broad public screener and configured penny/microcap filters.
OLB,The OLB Group Inc. Common Stock,0.1902,4571063.0,242213.0,,46068.9126,NASDAQ,Consumer Discretionary,Business Services,,True,Matched broad public screener and configured penny/microcap filters.
HYFM,Hydrofarm Holdings Group Inc. Common Stock,0.9518,4587032.0,12391.0,,11793.7538,NASDAQ,Consumer Discretionary,Consumer Specialties,,True,Matched broad public screener and configured penny/microcap filters.
ARBEW,Arbe Robotics Ltd. Warrant,0.036,4613010.0,1752200.0,,63079.2,NASDAQ,Technology,EDP Services,,True,Matched broad public screener and configured penny/microcap filters.
CNEY,CN Energy Group Inc. Class A Ordinary Shares,0.5651,4635689.0,41586.0,,23500.248600000003,NASDAQ,Industrials,Major Chemicals,,True,Matched broad public screener and configured penny/microcap filters.
XELB,Xcel Brands Inc. Common Stock,0.7085,4647954.0,7833.0,,5549.6805,NASDAQ,Miscellaneous,Multi-Sector Companies,,True,Matched broad public screener and configured penny/microcap filters.
MNDR,Mobile-health Network Solutions Class A Ordinary Shares,1.27,4666662.0,22439.0,,28497.53,NASDAQ,Technology,Computer Software: Prepackaged Software,,True,Matched broad public screener and configured penny/microcap filters.
RMSG,Real Messenger Corporation Ordinary Shares,0.2887,4667895.0,696865.0,,201184.9255,NASDAQ,Technology,Computer Software: Programming Data Processing,,True,Matched broad public screener and configured penny/microcap filters.
AQB,AquaBounty Technologies Inc. Common Stock,0.9102,4684985.0,62421.0,,56815.5942,NASDAQ,Consumer Staples,Meat/Poultry/Fish,,True,Matched broad public screener and configured penny/microcap filters.
GVH,Globavend Holdings Limited Ordinary Shares,1.1,4734594.0,26940.0,,29634.000000000004,NASDAQ,Industrials,Integrated Freight & Logistics,,True,Matched broad public screener and configured penny/microcap filters.
NTCL,NETCLASS TECHNOLOGY INC Class A Ordinary Shares,1.95,4736273.0,12771.0,,24903.45,NASDAQ,Technology,Computer Software: Prepackaged Software,,True,Matched broad public screener and configured penny/microcap filters.
DBGI,Digital Brands Group Inc. Common Stock,5.11,4770231.0,293596.0,,1500275.56,NASDAQ,Consumer Discretionary,Clothing/Shoe/Accessory Stores,,True,Matched broad public screener and configured penny/microcap filters.
BMGL,Basel Medical Group Ltd Ordinary Shares,3.02,4777975.0,10437.0,,31519.74,NASDAQ,Health Care,Medical/Nursing Services,,True,Matched broad public screener and configured penny/microcap filters.
CHNR,China Natural Resources Inc. Common Stock,3.9,4809562.0,6857.0,,26742.3,NASDAQ,Basic Materials,Precious Metals,,True,Matched broad public screener and configured penny/microcap filters.
POLA,Polar Power Inc. Common Stock,1.12,4826437.0,106059.0,,118786.08000000002,NASDAQ,Miscellaneous,Industrial Machinery/Components,,True,Matched broad public screener and configured penny/microcap filters.
ERNA,Ernexa Therapeutics Inc. Common Stock,2.96,4831937.0,35746.0,,105808.16,NASDAQ,Health Care,Biotechnology: Pharmaceutical Preparations,,True,Matched broad public screener and configured penny/microcap filters.
NCNA,NuCana plc American Depositary Share,1.17,4869506.0,804742.0,,941548.1399999999,NASDAQ,Health Care,Biotechnology: Pharmaceutical Preparations,,True,Matched broad public screener and configured penny/microcap filters.
SNTG,Sentage Holdings Inc. Class A Ordinary Shares,1.74,4881266.0,3454.0,,6009.96,NASDAQ,Finance,Finance: Consumer Services,,True,Matched broad public screener and configured penny/microcap filters.
STLNW,Starling Oncology Inc. Warrant,0.0488,4973506.0,12.0,,0.5856,NASDAQ,Health Care,Medical/Nursing Services,,True,Matched broad public screener and configured penny/microcap filters.
AMSS,AMASS Brands Inc. Common Stock,0.4315,5007592.0,559772.0,,241541.618,NASDAQ,Consumer Staples,Beverages (Production/Distribution),,True,Matched broad public screener and configured penny/microcap filters.
LIMN,Liminatus Pharma Inc. Class A Common Stock,3.75,5037030.0,28192.0,,105720.0,NASDAQ,Health Care,Biotechnology: Biological Products (No Diagnostic Substances),,True,Matched broad public screener and configured penny/microcap filters.
YCBD,cbdMD Inc. Common Stock,0.4505,5047873.0,41956.0,,18901.178,AMEX,Consumer Discretionary,Package Goods/Cosmetics,,True,Matched broad public screener and configured penny/microcap filters.
JAGX,Jaguar Health Inc. Common Stock,3.95,5063264.0,471322.0,,1861721.9000000001,NASDAQ,Health Care,Biotechnology: Pharmaceutical Preparations,,True,Matched broad public screener and configured penny/microcap filters.
ADXN,Addex Therapeutics Ltd American Depositary Shares,2.98,5077065.0,6909.0,,20588.82,NASDAQ,Health Care,Biotechnology: Pharmaceutical Preparations,,True,Matched broad public screener and configured penny/microcap filters.
DXST,Decent Holding Inc Class A Ordinary Shares,2.8,5082358.0,548758.0,,1536522.4,NASDAQ,Industrials,Miscellaneous,,True,Matched broad public screener and configured penny/microcap filters.
FBGL,FBS Global Limited Ordinary Shares,3.78,5103000.0,12131.0,,45855.18,NASDAQ,Consumer Discretionary,Homebuilding,,True,Matched broad public screener and configured penny/microcap filters.
TRIB,Trinity Biotech plc American Depositary Shares,6.32,5138994.0,15999.0,,101113.68000000001,NASDAQ,Health Care,Biotechnology: In Vitro & In Vivo Diagnostic Substances,,True,Matched broad public screener and configured penny/microcap filters.
GP,GreenPower Motor Company Inc. Common Shares,0.5863,5154634.0,264415.0,,155026.51450000002,NASDAQ,Consumer Discretionary,Construction/Ag Equipment/Trucks,,True,Matched broad public screener and configured penny/microcap filters.
YDKG,Yueda Digital Holding Class A Ordinary Share,0.9311,5160400.0,9609.0,,8946.939900000001,NASDAQ,Consumer Discretionary,Advertising,,True,Matched broad public screener and configured penny/microcap filters.
MRM,MEDIROM Healthcare Technologies Inc. American Depositary Share,0.66,5215287.0,10124.0,,6681.84,NASDAQ,Consumer Discretionary,Other Consumer Services,,True,Matched broad public screener and configured penny/microcap filters.
AIDX,20/20 Biolabs Inc. Common Stock,0.4089,5221777.0,51993.0,,21259.9377,NASDAQ,Health Care,Precision Instruments,,True,Matched broad public screener and configured penny/microcap filters.
XTLB,XTL Biopharmaceuticals Ltd. American Depositary Shares,2.13,5234396.0,7148.0,,15225.24,NASDAQ,Health Care,Biotechnology: Pharmaceutical Preparations,,True,Matched broad public screener and configured penny/microcap filters.
XBIO,Xenetic Biosciences Inc. Common Stock,2.24,5248725.0,13390.0,,29993.600000000002,NASDAQ,Health Care,Biotechnology: Pharmaceutical Preparations,,True,Matched broad public screener and configured penny/microcap filters.
DPU,Top KingWin Ltd Class A Ordinary Shares,1.52,5254274.0,2768.0,,4207.36,NASDAQ,Consumer Discretionary,Business Services,,True,Matched broad public screener and configured penny/microcap filters.
GURE,Gulf Resources Inc. (NV) Common Stock,2.91,5277375.0,141025.0,,410382.75,NASDAQ,Industrials,Major Chemicals,,True,Matched broad public screener and configured penny/microcap filters.
KAPA,Kairos Pharma Ltd. Common Stock,1.56,5281197.0,79154.0,,123480.24,AMEX,Health Care,Biotechnology: Pharmaceutical Preparations,,True,Matched broad public screener and configured penny/microcap filters.
AMBO,Ambow Education Holding Ltd. American Depository Shares (each representing twenty (20) Class A Ordinary Shares),1.86,5320199.0,1630.0,,3031.8,AMEX,Real Estate,Other Consumer Services,,True,Matched broad public screener and configured penny/microcap filters.
CPOP,Pop Culture Group Co. Ltd Class A Ordinary Shares,3.14,5362972.0,48409.0,,152004.26,NASDAQ,Consumer Discretionary,Services-Misc. Amusement & Recreation,,True,Matched broad public screener and configured penny/microcap filters.
JTAI,Jet.AI Inc. Common Stock,1.52,5407432.0,31833.0,,48386.16,NASDAQ,Consumer Discretionary,Transportation Services,,True,Matched broad public screener and configured penny/microcap filters.
HKPD,Cellyan Biotechnology Co. Ltd Class A Ordinary Shares,0.1118,5422295.0,217351.0,,24299.8418,NASDAQ,Health Care,Other Pharmaceuticals,,True,Matched broad public screener and configured penny/microcap filters.
CRE,Cre8 Enterprise Limited Class A Ordinary Shares,2.71,5457899.0,35951.0,,97427.20999999999,NASDAQ,Consumer Discretionary,Publishing,,True,Matched broad public screener and configured penny/microcap filters.
MITQ,Moving iMage Technologies Inc. Common Stock,0.5499,5472727.0,79881.0,,43926.56190000001,AMEX,Consumer Discretionary,Industrial Machinery/Components,,True,Matched broad public screener and configured penny/microcap filters.
INBS,Intelligent Bio Solutions Inc. Common Stock,1.66,5505893.0,34007.0,,56451.619999999995,NASDAQ,Health Care,Medical/Dental Instruments,,True,Matched broad public screener and configured penny/microcap filters.
GDC,GD Culture Group Limited Common Stock,1.34,5577750.0,185219.0,,248193.46000000002,NASDAQ,Industrials,Steel/Iron Ore,,True,Matched broad public screener and configured penny/microcap filters.
DUKRW,DUKE Robotics Corp. Warrant,1.63,5584344.0,17258.0,,28130.539999999997,NASDAQ,Industrials,Aerospace,,True,Matched broad public screener and configured penny/microcap filters.
NVNO,enVVeno Medical Corporation Common Stock,8.04,5586401.0,25189.0,,202519.55999999997,NASDAQ,Health Care,Medical/Dental Instruments,,True,Matched broad public screener and configured penny/microcap filters.
RENX,RenX Enterprises Corp. Common Stock,2.12,5609963.0,84885.0,,179956.2,NASDAQ,Utilities,Environmental Services,,True,Matched broad public screener and configured penny/microcap filters.
LHSW,Lianhe Sowell International Group Ltd Class A Ordinary Shares,0.515,5616675.0,196920.0,,101413.8,NASDAQ,Technology,Computer Software: Prepackaged Software,,True,Matched broad public screener and configured penny/microcap filters.
POAS,Phaos Technology Holdings (Cayman) Limited Class A Ordinary Shares,0.178,5619816.0,906644.0,,161382.63199999998,AMEX,Industrials,Industrial Machinery/Components,,True,Matched broad public screener and configured penny/microcap filters.
PULM,Pulmatrix Inc. Common Stock,1.54,5624519.0,7945.0,,12235.300000000001,NASDAQ,Health Care,Biotechnology: Pharmaceutical Preparations,,True,Matched broad public screener and configured penny/microcap filters.
CXAI,CXApp Inc. Class A Common Stock,2.43,5679897.0,123909.0,,301098.87,NASDAQ,Technology,EDP Services,,True,Matched broad public screener and configured penny/microcap filters.
CDIO,Cardio Diagnostics Holdings Inc. Common stock,1.92,5682180.0,16852.0,,32355.84,NASDAQ,Health Care,Biotechnology: In Vitro & In Vivo Diagnostic Substances,,True,Matched broad public screener and configured penny/microcap filters.
SOS,SOS Limited Class A Ordinary Shares,0.3129,5685493.0,160181.0,,50120.634900000005,NYSE,Finance,Investment Bankers/Brokers/Service,,True,Matched broad public screener and configured penny/microcap filters.
EJH,E-Home Household Service Holdings Limited Ordinary Shares,1.79,5728276.0,4175200.0,,7473608.0,NASDAQ,Consumer Discretionary,Other Consumer Services,,True,Matched broad public screener and configured penny/microcap filters.
ILAG,Intelligent Living Application Group Inc. Ordinary Shares,2.7802,5774331.0,519.0,,1442.9237999999998,NASDAQ,Consumer Discretionary,Office Equipment/Supplies/Services,,True,Matched broad public screener and configured penny/microcap filters.
ICCM,IceCure Medical Ltd. Ordinary Shares,1.69,5790574.0,157108.0,,265512.52,NASDAQ,Health Care,Medical/Dental Instruments,,True,Matched broad public screener and configured penny/microcap filters.
JWEL,Jowell Global Ltd. Ordinary Shares,2.44,5797760.0,18446.0,,45008.24,NASDAQ,Consumer Discretionary,Other Consumer Services,,True,Matched broad public screener and configured penny/microcap filters.
HCAI,Huachen AI Parking Management Technology Holding Co. Ltd. Class A Ordinary Shares,0.5325,5811319.0,418489.0,,222845.3925,NASDAQ,Consumer Discretionary,Miscellaneous manufacturing industries,,True,Matched broad public screener and configured penny/microcap filters.
GELS,Gelteq Limited Ordinary Shares,0.5428,5813963.0,202899.0,,110133.57719999999,NASDAQ,Health Care,Biotechnology: Pharmaceutical Preparations,,True,Matched broad public screener and configured penny/microcap filters.
AMOD,Alpha Modus Holdings Inc. Class A Common Stock,1.17,5833929.0,17429564.0,,20392589.88,NASDAQ,Miscellaneous,Multi-Sector Companies,,True,Matched broad public screener and configured penny/microcap filters.
VRXAW,Veraxa Biotech AG Warrants,0.0415,5868424.0,376431.0,,15621.8865,NASDAQ,Health Care,Biotechnology: Pharmaceutical Preparations,,True,Matched broad public screener and configured penny/microcap filters.
GXAI,Gaxos.ai Inc. Common Stock,0.5313,5872081.0,156701.0,,83255.2413,NASDAQ,Technology,Computer Software: Prepackaged Software,,True,Matched broad public screener and configured penny/microcap filters.
HXHX,Haoxin Holdings Limited Class A Ordinary Shares,0.4,5888000.0,14289219.0,,5715687.600000001,NASDAQ,Industrials,Trucking Freight/Courier Services,,True,Matched broad public screener and configured penny/microcap filters.
ILLR,Triller Group Inc. Common Stock,0.2767,5920503.0,2842033.0,,786390.5311,NASDAQ,Finance,Investment Managers,,True,Matched broad public screener and configured penny/microcap filters.
KRKR,36Kr Holdings Inc. American Depositary Shares,3.0,5921430.0,1774.0,,5322.0,NASDAQ,Consumer Discretionary,Business Services,,True,Matched broad public screener and configured penny/microcap filters.
YMAT,J-Star Holding Co. Ltd. Class A Ordinary Shares,1.48,5934952.0,44228.0,,65457.44,NASDAQ,Consumer Discretionary,Recreational Games/Products/Toys,,True,Matched broad public screener and configured penny/microcap filters.
CWD,CaliberCos Inc. Class A Common Stock,0.5719,5938983.0,626032.0,,358027.7008,NASDAQ,Finance,Real Estate,,True,Matched broad public screener and configured penny/microcap filters.
ORKT,Orangekloud Technology Inc. Class A Ordinary Shares,1.02,5956565.0,108334.0,,110500.68000000001,NASDAQ,Technology,Computer Software: Prepackaged Software,,True,Matched broad public screener and configured penny/microcap filters.
SNOA,Sonoma Pharmaceuticals Inc. Common Stock,1.25,5985531.0,35357.0,,44196.25,NASDAQ,Health Care,Medical/Dental Instruments,,True,Matched broad public screener and configured penny/microcap filters.
BGMS,Bio Green Med Solution Inc. Common Stock,0.9043,5988993.0,2226.0,,2012.9718,NASDAQ,Health Care,Biotechnology: Pharmaceutical Preparations,,True,Matched broad public screener and configured penny/microcap filters.
NWTG,Newton Golf Company Inc. Common Stock,1.06,5993747.0,35621.0,,37758.26,NASDAQ,Consumer Discretionary,Recreational Games/Products/Toys,,True,Matched broad public screener and configured penny/microcap filters.
GLXG,Galaxy Payroll Group Limited Class A Ordinary Shares,1.0087,6013380.0,16165.0,,16305.635499999999,NASDAQ,Industrials,Diversified Commercial Services,,True,Matched broad public screener and configured penny/microcap filters.
GCDT,Green Circle Decarbonize Technology Limited Class A Ordinary Shares,0.4465,6050613.0,933806.0,,416944.379,AMEX,Industrials,Industrial Machinery/Components,,True,Matched broad public screener and configured penny/microcap filters.
CCTG,CCSC Technology International Holdings Limited Class A Ordinary Shares,0.4501,6112442.0,43671.0,,19656.3171,NASDAQ,Consumer Discretionary,Building Products,,True,Matched broad public screener and configured penny/microcap filters.
AGRZ,Agroz Inc. Class A Ordinary Shares,3.23,6113337.0,32913.0,,106308.99,NASDAQ,Consumer Staples,Farming/Seeds/Milling,,True,Matched broad public screener and configured penny/microcap filters.
TWAV,TaoWeave Inc. Common Stock,1.58,6126006.0,48154.0,,76083.32,NASDAQ,Technology,Computer Software: Programming Data Processing,,True,Matched broad public screener and configured penny/microcap filters.
BQ,Boqii Holding Limited Class A Ordinary Shares,0.78,6146099.0,22686.0,,17695.08,AMEX,Consumer Discretionary,Other Specialty Stores,,True,Matched broad public screener and configured penny/microcap filters.
SONM,DNA X Inc. Common Stock,4.145,6168871.0,9373.0,,38851.085,NASDAQ,Utilities,Telecommunications Equipment,,True,Matched broad public screener and configured penny/microcap filters.
BNCWZ,BNB Standard Corporation Warrant,0.15,6176078.0,81.0,,12.15,NASDAQ,Consumer Staples,Farming/Seeds/Milling,,True,Matched broad public screener and configured penny/microcap filters.
AMST,Amesite Inc. Common Stock,0.9532,6243318.0,58630.0,,55886.116,NASDAQ,Technology,Computer Software: Prepackaged Software,,True,Matched broad public screener and configured penny/microcap filters.
LNAI,Lunai Bioworks Inc. Common Stock,1.38,6256768.0,38354.0,,52928.52,NASDAQ,Health Care,Biotechnology: Pharmaceutical Preparations,,True,Matched broad public screener and configured penny/microcap filters.
NXL,Nexalin Technology Inc. Common Stock,7.55,6261970.0,62336919.0,,470643738.45,NASDAQ,Health Care,Biotechnology: Electromedical & Electrotherapeutic Apparatus,,True,Matched broad public screener and configured penny/microcap filters.
WAFU,Wah Fu Education Group Limited Ordinary Shares,1.42,6262994.0,32607.0,,46301.939999999995,NASDAQ,Real Estate,Other Consumer Services,,True,Matched broad public screener and configured penny/microcap filters.
VSA,VisionSys AI Inc. American Depositary Shares,2.25,6284106.0,22080.0,,49680.0,NASDAQ,Real Estate,Other Consumer Services,,True,Matched broad public screener and configured penny/microcap filters.
OBAI,Our Bond Inc. Common Stock,0.2101,6297858.0,1828594.0,,384187.5994,NASDAQ,Consumer Discretionary,Telecommunications Equipment,,True,Matched broad public screener and configured penny/microcap filters.
GWH,ESS Tech Inc. Common Stock,0.1567,6310959.0,1523398.0,,238716.4666,NYSE,Miscellaneous,Industrial Machinery/Components,,True,Matched broad public screener and configured penny/microcap filters.
AUID,authID Inc. Common Stock,0.3775,6311928.0,229866.0,,86774.415,NASDAQ,Technology,Computer Software: Prepackaged Software,,True,Matched broad public screener and configured penny/microcap filters.
APUS,Apimeds Pharmaceuticals US Inc. Common Stock,4.1,6324758.0,146526.0,,600756.6,AMEX,Health Care,Biotechnology: Pharmaceutical Preparations,,True,Matched broad public screener and configured penny/microcap filters.
ALZN,Alzamend Neuro Inc. Common Stock,1.315,6345826.0,150764.0,,198254.66,NASDAQ,Health Care,Biotechnology: Pharmaceutical Preparations,,True,Matched broad public screener and configured penny/microcap filters.
TKLF,Tokyo Lifestyle Co. Ltd. American Depositary Shares,1.5,6349172.0,17103.0,,25654.5,NASDAQ,Consumer Discretionary,Other Specialty Stores,,True,Matched broad public screener and configured penny/microcap filters.
QCLS,Q/C Technologies Inc. Common Stock,0.7753,6349581.0,600756.0,,465766.12679999997,NASDAQ,Health Care,Biotechnology: In Vitro & In Vivo Diagnostic Substances,,True,Matched broad public screener and configured penny/microcap filters.
SYNX,Silynxcom Ltd. Ordinary Shares,0.98,6501751.0,11907.0,,11668.86,AMEX,Consumer Staples,Consumer Electronics/Appliances,,True,Matched broad public screener and configured penny/microcap filters.
LEXX,Lexaria Bioscience Corp. Common Stock,3.09,6509045.0,48670.0,,150390.3,NASDAQ,Health Care,Biotechnology: Pharmaceutical Preparations,,True,Matched broad public screener and configured penny/microcap filters.
DSS,DSS Inc. Common Stock,0.65,6527637.0,36209.0,,23535.850000000002,AMEX,Consumer Discretionary,Containers/Packaging,,True,Matched broad public screener and configured penny/microcap filters.
ENVB,Enveric Biosciences Inc. Common Stock,1.46,6534791.0,83641.0,,122115.86,NASDAQ,Health Care,Biotechnology: Pharmaceutical Preparations,,True,Matched broad public screener and configured penny/microcap filters.
VNRX,VolitionRX Limited Common Stock,0.2347,6548911.0,8137829.0,,1909948.4663,AMEX,Health Care,Biotechnology: In Vitro & In Vivo Diagnostic Substances,,True,Matched broad public screener and configured penny/microcap filters.
FLDDW,Fold Holdings Inc. Warrant,0.1195,6556870.0,708.0,,84.606,NASDAQ,Finance,Finance: Consumer Services,,True,Matched broad public screener and configured penny/microcap filters.
VEEE,Twin Vee PowerCats Co. Common Stock,11.26,6579454.0,57832.0,,651188.32,NASDAQ,Industrials,Marine Transportation,,True,Matched broad public screener and configured penny/microcap filters.
XHLD,TEN Holdings Inc. Common Stock,0.5518,6610533.0,3790656.0,,2091683.9807999998,NASDAQ,Consumer Discretionary,Business Services,,True,Matched broad public screener and configured penny/microcap filters.
DAIC,CID HoldCo Inc. Common Stock,2.83,6615881.0,276535.0,,782594.05,NASDAQ,Technology,EDP Services,,True,Matched broad public screener and configured penny/microcap filters.
VS,Versus Systems Inc. Common Stock,1.07,6647531.0,7072.0,,7567.040000000001,NASDAQ,Technology,EDP Services,,True,Matched broad public screener and configured penny/microcap filters.
GAUZ,Gauzy Ltd. Ordinary Shares,5.79,6654922.0,643.0,,3722.97,NASDAQ,Miscellaneous,Industrial Machinery/Components,,True,Matched broad public screener and configured penny/microcap filters.
CANF,Can-Fite Biopharma Ltd American Depositary Shares each representing two (2) Ordinary Shares,2.21,6699719.0,34610.0,,76488.1,AMEX,Health Care,Biotechnology: Pharmaceutical Preparations,,True,Matched broad public screener and configured penny/microcap filters.
SMX,SMX (Security Matters) Public Limited Company Ordinary Shares,6.16,6705825.0,129888.0,,800110.0800000001,NASDAQ,Technology,Industrial Machinery/Components,,True,Matched broad public screener and configured penny/microcap filters.
ELOG,Eastern International Ltd. Ordinary Shares,0.523,6711136.0,3144.0,,1644.3120000000001,NASDAQ,Industrials,Integrated Freight & Logistics,,True,Matched broad public screener and configured penny/microcap filters.
CGTL,Creative Global Technology Holdings Limited Class A Ordinary Shares,3.92,6739480.0,2685.0,,10525.199999999999,NASDAQ,Technology,Retail: Computer Software & Peripheral Equipment,,True,Matched broad public screener and configured penny/microcap filters.
CLGN,CollPlant Biotechnologies Ltd Ordinary Shares,3.57,6750231.0,26286.0,,93841.01999999999,NASDAQ,Health Care,Industrial Specialties,,True,Matched broad public screener and configured penny/microcap filters.
BOLT,Bolt Biotherapeutics Inc. Common Stock,3.51,6761471.0,21677.0,,76086.26999999999,NASDAQ,Health Care,Biotechnology: Pharmaceutical Preparations,,True,Matched broad public screener and configured penny/microcap filters.
CNET,ZW Data Action Technologies Inc. Common Stock,1.86,6823278.0,43015.0,,80007.90000000001,NASDAQ,Technology,Computer Software: Programming Data Processing,,True,Matched broad public screener and configured penny/microcap filters.
DLXY,Delixy Holdings Limited Class A Ordinary Shares,2.09,6834300.0,140853.0,,294382.76999999996,NASDAQ,Energy,Oil Refining/Marketing,,True,Matched broad public screener and configured penny/microcap filters.
POM,POMDOCTOR LIMITED American Depositary Shares,0.92,6858833.0,19864.0,,18274.88,NASDAQ,Consumer Discretionary,Other Specialty Stores,,True,Matched broad public screener and configured penny/microcap filters.
EVGN,Evogene Ltd Ordinary Shares,0.4356,6883093.0,821589.0,,357884.16839999997,NASDAQ,Industrials,Agricultural Chemicals,,True,Matched broad public screener and configured penny/microcap filters.
TWG,Top Wealth Group Holding Limited Class A Ordinary Shares,0.1107,6946043.0,4813094.0,,532809.5058,NASDAQ,Consumer Staples,Packaged Foods,,True,Matched broad public screener and configured penny/microcap filters.
PRSO,Peraso Inc. Common Stock,0.4632,6977865.0,174719.0,,80929.8408,NASDAQ,Technology,Semiconductors,,True,Matched broad public screener and configured penny/microcap filters.
ACXP,Acurx Pharmaceuticals Inc. Common Stock,1.26,7004850.0,64950.0,,81837.0,NASDAQ,Health Care,Biotechnology: Pharmaceutical Preparations,,True,Matched broad public screener and configured penny/microcap filters.
UCAR,U Power Limited Class A Ordinary Shares,3.95,7011005.0,6124.0,,24189.8,NASDAQ,Miscellaneous,Industrial Machinery/Components,,True,Matched broad public screener and configured penny/microcap filters.
ACON,Aclarion Inc. Common Stock,2.44,7032985.0,7154.0,,17455.76,NASDAQ,Health Care,Medical Specialities,,True,Matched broad public screener and configured penny/microcap filters.
WKSP,Worksport Ltd. Common Stock,0.46,7037233.0,82518.0,,37958.28,NASDAQ,Consumer Discretionary,Auto Parts:O.E.M.,,True,Matched broad public screener and configured penny/microcap filters.
XWEL,XWELL Inc. Common Stock,0.8213,7054364.0,54224.0,,44534.171200000004,NASDAQ,Consumer Discretionary,Other Consumer Services,,True,Matched broad public screener and configured penny/microcap filters.
SKYE,Skye Bioscience Inc. Common Stock,1.6,7084283.0,20217.0,,32347.2,NASDAQ,Health Care,Biotechnology: Pharmaceutical Preparations,,True,Matched broad public screener and configured penny/microcap filters.
LOBO,LOBO TECHNOLOGIES LTD. Class A Ordinary Shares,0.5122,7089841.0,125489.0,,64275.4658,NASDAQ,Consumer Discretionary,Motor Vehicles,,True,Matched broad public screener and configured penny/microcap filters.
AUUD,Auddia Inc. Common Stock,1.23,7137752.0,209721.0,,257956.83,NASDAQ,Technology,EDP Services,,True,Matched broad public screener and configured penny/microcap filters.
FEBO,Fenbo Holdings Limited Class A Ordinary Shares,0.646,7146375.0,5307.0,,3428.322,NASDAQ,Consumer Discretionary,Home Furnishings,,True,Matched broad public screener and configured penny/microcap filters.
CELZ,Creative Medical Technology Holdings Inc. Common Stock,0.9417,7149911.0,208313.0,,196168.3521,NASDAQ,Health Care,Biotechnology: Biological Products (No Diagnostic Substances),,True,Matched broad public screener and configured penny/microcap filters.
BIAF,bioAffinity Technologies Inc. Common Stock,6.145,7168911.0,247569.0,,1521311.505,NASDAQ,Health Care,Biotechnology: Commercial Physical & Biological Resarch,,True,Matched broad public screener and configured penny/microcap filters.
CHAI,Core AI Holdings Inc. Common Shares,0.2788,7211677.0,251926.0,,70236.9688,NASDAQ,Telecommunications,Telecommunications Equipment,,True,Matched broad public screener and configured penny/microcap filters.
MTEK,Maris-Tech Ltd. Ordinary Shares,0.744,7215778.0,346829.0,,258040.776,NASDAQ,Telecommunications,Telecommunications Equipment,,True,Matched broad public screener and configured penny/microcap filters.
SCNX,Scienture Holdings Inc. Common Stock,0.1771,7272460.0,1933579.0,,342436.8409,NASDAQ,Health Care,Biotechnology: Pharmaceutical Preparations,,True,Matched broad public screener and configured penny/microcap filters.
JYD,Jayud Global Logistics Limited Class A Ordinary Shares,0.88,7303032.0,24531.0,,21587.28,NASDAQ,Industrials,Integrated Freight & Logistics,,True,Matched broad public screener and configured penny/microcap filters.
ALP,Alpha Compute Corp Ordinary Shares,4.735,7338530.0,19028.0,,90097.58,NASDAQ,Finance,Finance: Consumer Services,,True,Matched broad public screener and configured penny/microcap filters.
RVSN,Rail Vision Ltd. Ordinary Share,3.35,7343823.0,24699.0,,82741.65000000001,NASDAQ,Industrials,Railroads,,True,Matched broad public screener and configured penny/microcap filters.
MWG,Multi Ways Holdings Limited Class A Ordinary Shares,1.43,7353094.0,6097.0,,8718.71,AMEX,Consumer Discretionary,Miscellaneous manufacturing industries,,True,Matched broad public screener and configured penny/microcap filters.
GWAV,Greenwave Technology Solutions Inc. Common Stock,2.47,7366735.0,2812.0,,6945.64,NASDAQ,Industrials,Metal Fabrications,,True,Matched broad public screener and configured penny/microcap filters.
BZAIW,Blaize Holdings Inc. Warrants,0.051,7386434.0,435577.0,,22214.427,NASDAQ,Technology,Semiconductors,,True,Matched broad public screener and configured penny/microcap filters.
IMNN,Imunon Inc. Common Stock,1.32,7407052.0,138038.0,,182210.16,NASDAQ,Health Care,Biotechnology: Pharmaceutical Preparations,,True,Matched broad public screener and configured penny/microcap filters.
INM,InMed Pharmaceuticals Inc. Common Shares,1.35,7416542.0,99972.0,,134962.2,NASDAQ,Health Care,Biotechnology: Pharmaceutical Preparations,,True,Matched broad public screener and configured penny/microcap filters.
AIM,AIM ImmunoTech Inc. Common Stock,0.1877,7488262.0,848092.0,,159186.8684,AMEX,Health Care,Biotechnology: Biological Products (No Diagnostic Substances),,True,Matched broad public screener and configured penny/microcap filters.
YHGJ,Yunhong Green CTI Ltd. Common Stock,2.8702,7489052.0,1634.0,,4689.9068,NASDAQ,Industrials,Specialty Chemicals,,True,Matched broad public screener and configured penny/microcap filters.
SEGG,Sports Entertainment Gaming Global Corporation Common Stock,2.3,7496820.0,40785.0,,93805.5,NASDAQ,Technology,Computer Software: Prepackaged Software,,True,Matched broad public screener and configured penny/microcap filters.
JCSE,JE Cleantech Holdings Limited Class A Ordinary Shares,1.43,7511390.0,4534.0,,6483.62,NASDAQ,Consumer Discretionary,Miscellaneous manufacturing industries,,True,Matched broad public screener and configured penny/microcap filters.
FMSTW,Foremost Clean Energy Ltd. Warrant,0.2503,7530186.0,35.0,,8.7605,NASDAQ,Basic Materials,Other Metals and Minerals,,True,Matched broad public screener and configured penny/microcap filters.
MTEN,Mingteng International Corporation Inc. Class A Ordinary Shares,0.9846,7532057.0,169323.0,,166715.4258,NASDAQ,Industrials,Building Products,,True,Matched broad public screener and configured penny/microcap filters.
DFSC,DEFSEC Technologies Inc. Common Stock,1.15,7554431.0,63590.0,,73128.5,NASDAQ,Technology,Computer Software: Prepackaged Software,,True,Matched broad public screener and configured penny/microcap filters.
CODX,Co-Diagnostics Inc. Common Stock,1.08,7571122.0,141123.0,,152412.84,NASDAQ,Health Care,Medical/Dental Instruments,,True,Matched broad public screener and configured penny/microcap filters.
EEIQ,EpicQuest Education Group International Limited Common Stock,4.6,7574466.0,35177.0,,161814.19999999998,NASDAQ,Real Estate,Other Consumer Services,,True,Matched broad public screener and configured penny/microcap filters.
NAMI,Jinxin Technology Holding Company American Depositary Shares,2.42,7654112.0,87670.0,,212161.4,NASDAQ,Real Estate,Other Consumer Services,,True,Matched broad public screener and configured penny/microcap filters.
CNSP,CNS Pharmaceuticals Inc. Common Stock,5.2403,7658431.0,885.0,,4637.6655,NASDAQ,Health Care,Biotechnology: Pharmaceutical Preparations,,True,Matched broad public screener and configured penny/microcap filters.
FFAI,Faraday Future Intelligent Electric Inc. Class A Common Stock,1.25,7658749.0,2928707.0,,3660883.75,NASDAQ,Industrials,Auto Manufacturing,,True,Matched broad public screener and configured penny/microcap filters.
NRSN,NeuroSense Therapeutics Ltd. Ordinary Shares,4.05,7682453.0,51920.0,,210276.0,NASDAQ,Health Care,Biotechnology: Pharmaceutical Preparations,,True,Matched broad public screener and configured penny/microcap filters.
AMIX,Autonomix Medical Inc. Common Stock,3.92,7682957.0,134814.0,,528470.88,NASDAQ,Health Care,Medical/Dental Instruments,,True,Matched broad public screener and configured penny/microcap filters.
SPWRW,SunPower Inc. Warrants,0.024,7687208.0,34301.0,,823.224,NASDAQ,Technology,Semiconductors,,True,Matched broad public screener and configured penny/microcap filters.
TDIC,Dreamland Limited Class A Ordinary Shares,2.21,7703138.0,59780.0,,132113.8,NASDAQ,Consumer Discretionary,Other Consumer Services,,True,Matched broad public screener and configured penny/microcap filters.
XCUR,Exicure Inc. Common Stock,1.18,7724274.0,4584.0,,5409.12,NASDAQ,Health Care,Biotechnology: Pharmaceutical Preparations,,True,Matched broad public screener and configured penny/microcap filters.
IFBD,Infobird Co. Ltd Ordinary Shares,0.9481,7763587.0,43294.0,,41047.0414,NASDAQ,Technology,Computer Software: Prepackaged Software,,True,Matched broad public screener and configured penny/microcap filters.
BYAH,Park Ha Biological Technology Co. Ltd. Class A Ordinary Shares,2.27,7775946.0,9003.0,,20436.81,NASDAQ,Consumer Discretionary,Package Goods/Cosmetics,,True,Matched broad public screener and configured penny/microcap filters.
ENSC,Ensysce Biosciences Inc. Common Stock,0.3998,7778826.0,199356.0,,79702.5288,NASDAQ,Health Care,Biotechnology: Pharmaceutical Preparations,,True,Matched broad public screener and configured penny/microcap filters.
AZTR,Azitra Inc Common Stock,0.1285,7787581.0,1429211.0,,183653.6135,AMEX,Health Care,Biotechnology: Pharmaceutical Preparations,,True,Matched broad public screener and configured penny/microcap filters.
CURX,Curanex Pharmaceuticals Inc Common Stock,4.97,7794158.0,8009.0,,39804.729999999996,NASDAQ,Health Care,Biotechnology: Pharmaceutical Preparations,,True,Matched broad public screener and configured penny/microcap filters.
GITS,Global Interactive Technologies Inc. Common Stock,1.86,7817773.0,18929.0,,35207.94,NASDAQ,Technology,Computer Software: Programming Data Processing,,True,Matched broad public screener and configured penny/microcap filters.
WOK,WORK Medical Technology Group LTD Class A Ordinary Shares,1.76,7862937.0,33573.0,,59088.48,NASDAQ,Health Care,Medical/Dental Instruments,,True,Matched broad public screener and configured penny/microcap filters.
HDRNW,Hadron Energy Inc. Warrant,0.11,7864873.0,87368.0,,9610.48,NASDAQ,Utilities,Electric Utilities: Central,,True,Matched broad public screener and configured penny/microcap filters.
AIRE,reAlpha Tech Corp. Common Stock,1.31,7868677.0,20762.0,,27198.22,NASDAQ,Finance,Real Estate,,True,Matched broad public screener and configured penny/microcap filters.
GLE,Global Engine Group Holding Limited Class A Ordinary Shares,0.431,7887300.0,250828.0,,108106.868,NASDAQ,Technology,EDP Services,,True,Matched broad public screener and configured penny/microcap filters.
DTST,Data Storage Corporation Common Stock,3.38,7901554.0,5689.0,,19228.82,NASDAQ,Technology,EDP Services,,True,Matched broad public screener and configured penny/microcap filters.
THH,TryHard Holdings Limited Ordinary Shares,1.58,7907308.0,15729.0,,24851.82,NASDAQ,Consumer Discretionary,Services-Misc. Amusement & Recreation,,True,Matched broad public screener and configured penny/microcap filters.
SNGX,Soligenix Inc. Common Stock,0.3638,7918281.0,52006.0,,18919.7828,NASDAQ,Health Care,Biotechnology: Pharmaceutical Preparations,,True,Matched broad public screener and configured penny/microcap filters.
SURG,SurgePays Inc. Common Stock,0.1498,7925682.0,1785803.0,,267513.2894,NASDAQ,Consumer Discretionary,Advertising,,True,Matched broad public screener and configured penny/microcap filters.
BAOS,Baosheng Media Group Holdings Limited Ordinary shares,0.238,7942016.0,224029.0,,53318.901999999995,NASDAQ,Consumer Discretionary,Business Services,,True,Matched broad public screener and configured penny/microcap filters.
NAMMW,Namib Minerals Warrants,0.1425,7958968.0,183450.0,,26141.624999999996,NASDAQ,Basic Materials,Precious Metals,,True,Matched broad public screener and configured penny/microcap filters.
REED,Reed's Inc. Common Stock,0.6718,7965590.0,34951.0,,23480.0818,AMEX,Consumer Staples,Beverages (Production/Distribution),,True,Matched broad public screener and configured penny/microcap filters.
FBLG,FibroBiologics Inc. Common Stock,1.205,8023123.0,140136.0,,168863.88,NASDAQ,Health Care,Biotechnology: Pharmaceutical Preparations,,True,Matched broad public screener and configured penny/microcap filters.
LUCY,Innovative Eyewear Inc. Common Stock,0.9209,8023123.0,94128.0,,86682.4752,NASDAQ,Health Care,Ophthalmic Goods,,True,Matched broad public screener and configured penny/microcap filters.
BGL,Blue Gold Limited Class A Ordinary Shares,0.1972,8053209.0,150803.0,,29738.351599999998,NASDAQ,Basic Materials,Metal Mining,,True,Matched broad public screener and configured penny/microcap filters.
INHD,Inno Holdings Inc. Common Stock,3.21,8091065.0,30330.0,,97359.3,NASDAQ,Industrials,Steel/Iron Ore,,True,Matched broad public screener and configured penny/microcap filters.
KALA,KALA BIO Inc. Common Stock,0.4194,8111106.0,1621436.0,,680030.2584,NASDAQ,Health Care,Biotechnology: Pharmaceutical Preparations,,True,Matched broad public screener and configured penny/microcap filters.
RDZNW,Roadzen Inc. Warrants,0.0953,8116231.0,112.0,,10.6736,NASDAQ,Finance,Specialty Insurers,,True,Matched broad public screener and configured penny/microcap filters.
ARBB,ARB IOT Group Limited Ordinary Shares,4.6,8120178.0,5255.0,,24172.999999999996,NASDAQ,Technology,EDP Services,,True,Matched broad public screener and configured penny/microcap filters.
YJ,Yunji Inc. American Depository Shares,1.65,8127141.0,31483.0,,51946.95,NASDAQ,Consumer Discretionary,Other Specialty Stores,,True,Matched broad public screener and configured penny/microcap filters.
RMCF,Rocky Mountain Chocolate Factory Inc. Common Stock,0.863,8146364.0,40080.0,,34589.04,NASDAQ,Consumer Staples,Specialty Foods,,True,Matched broad public screener and configured penny/microcap filters.
CRMT,America's Car-Mart Inc Common Stock,0.9823,8190887.0,478008.0,,469547.2584,NASDAQ,Consumer Discretionary,Retail-Auto Dealers and Gas Stations,,True,Matched broad public screener and configured penny/microcap filters.
MSN,Emerson Radio Corporation Common Stock,0.3914,8236094.0,192694.0,,75420.43160000001,AMEX,Consumer Staples,Consumer Electronics/Appliances,,True,Matched broad public screener and configured penny/microcap filters.
LGVN,Longeveron Inc. Class A Common Stock,2.59,8257435.0,72959.0,,188963.81,NASDAQ,Health Care,Biotechnology: Pharmaceutical Preparations,,True,Matched broad public screener and configured penny/microcap filters.
SEED,Origin Agritech Limited Common Stock,0.6801,8258812.0,118597.0,,80657.81970000001,NASDAQ,Consumer Staples,Farming/Seeds/Milling,,True,Matched broad public screener and configured penny/microcap filters.
GYGY,Game Your Game Inc. Common Stock,0.5767,8299866.0,2278694.0,,1314122.8298,NASDAQ,Technology,Computer Software: Prepackaged Software,,True,Matched broad public screener and configured penny/microcap filters.
NXTT,Next Technology Holding Inc. Ordinary Shares,5.68,8366424.0,22618.0,,128470.23999999999,NASDAQ,Technology,EDP Services,,True,Matched broad public screener and configured penny/microcap filters.
TRAW,Traws Pharma Inc. Common Stock,0.5453,8380321.0,140687.0,,76716.6211,NASDAQ,Health Care,Biotechnology: Pharmaceutical Preparations,,True,Matched broad public screener and configured penny/microcap filters.
ECXWW,ECARX Holdings Inc. Warrants,0.022,8383320.0,110500.0,,2431.0,NASDAQ,Technology,EDP Services,,True,Matched broad public screener and configured penny/microcap filters.
MARPS,Marine Petroleum Trust Units of Beneficial Interest,4.2,8400000.0,6609.0,,27757.800000000003,NASDAQ,Energy,Oil & Gas Production,,True,Matched broad public screener and configured penny/microcap filters.
ENLV,Enlivex Ltd. Ordinary Shares,0.4227,8415361.0,756705.0,,319859.2035,NASDAQ,Health Care,Biotechnology: Pharmaceutical Preparations,,True,Matched broad public screener and configured penny/microcap filters.
KNRX,KNOREX LTD. Class A Ordinary Shares,0.2831,8612783.0,1763398.0,,499217.97380000004,AMEX,Technology,Computer Software: Programming Data Processing,,True,Matched broad public screener and configured penny/microcap filters.
MYSZ,My Size Inc. Common Stock,1.6,8631645.0,16021.0,,25633.600000000002,NASDAQ,Technology,Computer Software: Prepackaged Software,,True,Matched broad public screener and configured penny/microcap filters.
NHTC,Natural Health Trends Corp. Common Stock,1.01,8663626.0,38493.0,,38877.93,NASDAQ,Consumer Discretionary,Consumer Specialties,,True,Matched broad public screener and configured penny/microcap filters.
TPET,Trio Petroleum Corp. Common Stock,1.63,8677968.0,181330.0,,295567.89999999997,AMEX,Energy,Oil & Gas Production,,True,Matched broad public screener and configured penny/microcap filters.
BTTC,Black Titan Corporation Ordinary Shares,0.6335,8678128.0,94506786.0,,59870048.930999994,NASDAQ,Health Care,Biotechnology: Biological Products (No Diagnostic Substances),,True,Matched broad public screener and configured penny/microcap filters.
CYCU,Cycurion Inc. Common Stock,2.69,8688813.0,100457.0,,270229.33,NASDAQ,Technology,EDP Services,,True,Matched broad public screener and configured penny/microcap filters.
SFHG,Samfine Creation Holdings Group Limited Class A Ordinary Share,2.16,8769600.0,2581.0,,5574.96,NASDAQ,Consumer Discretionary,Publishing,,True,Matched broad public screener and configured penny/microcap filters.
DCX,Digital Currency X Technology Inc. Class A Ordinary Shares,3.74,8774724.0,210231.0,,786263.9400000001,NASDAQ,Industrials,Auto Manufacturing,,True,Matched broad public screener and configured penny/microcap filters.
FLUX,Flux Power Holdings Inc. Common Stock,0.4066,8791360.0,357289.0,,145273.7074,NASDAQ,Miscellaneous,Industrial Machinery/Components,,True,Matched broad public screener and configured penny/microcap filters.
NDRA,ENDRA Life Sciences Inc. Common Stock,5.88,8819047.0,23454.0,,137909.52,NASDAQ,Health Care,Biotechnology: Electromedical & Electrotherapeutic Apparatus,,True,Matched broad public screener and configured penny/microcap filters.
WVVI,Willamette Valley Vineyards Inc. Common Stock,1.78,8863562.0,11597.0,,20642.66,NASDAQ,Consumer Staples,Beverages (Production/Distribution),,True,Matched broad public screener and configured penny/microcap filters.
NMTC,NeuroOne Medical Technologies Corporation Common Stock,0.9851,8970087.0,125383.0,,123514.79329999999,NASDAQ,Health Care,Medical/Dental Instruments,,True,Matched broad public screener and configured penny/microcap filters.
NIXX,Nixxy Inc. Common Stock,0.3115,9005103.0,133169.0,,41482.1435,NASDAQ,Technology,EDP Services,,True,Matched broad public screener and configured penny/microcap filters.
SQFTP,Presidio Property Trust Inc. 9.375% Series D Cumulative Redeemable Perpetual Preferred Stock $0.01 par value per share,6.32,9065610.0,2671.0,,16880.72,NASDAQ,Real Estate,Real Estate Investment Trusts,,True,Matched broad public screener and configured penny/microcap filters.
APRE,Aprea Therapeutics Inc. Common stock,0.7235,9109687.0,779701.0,,564113.6735,NASDAQ,Health Care,Biotechnology: Pharmaceutical Preparations,,True,Matched broad public screener and configured penny/microcap filters.
IMRN,Immuron Limited American Depositary Shares,1.13,9120458.0,53410.0,,60353.299999999996,NASDAQ,Health Care,Biotechnology: Pharmaceutical Preparations,,True,Matched broad public screener and configured penny/microcap filters.
MPU,Mega Matrix Inc. Class A Ordinary Shares,2.67,9134850.0,4002.0,,10685.34,AMEX,Consumer Discretionary,Movies/Entertainment,,True,Matched broad public screener and configured penny/microcap filters.
CISO,CISO Global Inc. Common Stock,0.202,9196182.0,131443.0,,26551.486,NASDAQ,Consumer Discretionary,Professional Services,,True,Matched broad public screener and configured penny/microcap filters.
OXBR,Oxbridge Re Holdings Limited Ordinary Shares,1.13,9196592.0,47448.0,,53616.24,NASDAQ,Finance,Property-Casualty Insurers,,True,Matched broad public screener and configured penny/microcap filters.
MYSE,Myseum.AI Inc. Common Stock,1.77,9197681.0,19041.0,,33702.57,NASDAQ,Telecommunications,Telecommunications Equipment,,True,Matched broad public screener and configured penny/microcap filters.
NAII,Natural Alternatives International Inc. Common Stock,1.475,9240649.0,14204.0,,20950.9,NASDAQ,Health Care, Medicinal Chemicals and Botanical Products ,,True,Matched broad public screener and configured penny/microcap filters.
TANH,Tantech Holdings Ltd. Class A Common Shares,13.88,9266940.0,17848.0,,247730.24000000002,NASDAQ,Industrials,Major Chemicals,,True,Matched broad public screener and configured penny/microcap filters.
PRPL,Purple Innovation Inc. Common Stock,2.13,9272122.0,20536.0,,43741.68,NASDAQ,Consumer Discretionary,Home Furnishings,,True,Matched broad public screener and configured penny/microcap filters.
JBDI,JBDI Holdings Limited Ordinary Shares,0.98,9324241.0,37321.0,,36574.58,NASDAQ,,,,True,Matched broad public screener and configured penny/microcap filters.
CMMB,Chemomab Therapeutics Ltd. American Depositary Share,1.3,9419290.0,195525.0,,254182.5,NASDAQ,Health Care,Biotechnology: Pharmaceutical Preparations,,True,Matched broad public screener and configured penny/microcap filters.
CLIK,Click Holdings Limited Class A Ordinary Share,1.1,9419336.0,24296.0,,26725.600000000002,NASDAQ,Consumer Discretionary,Diversified Commercial Services,,True,Matched broad public screener and configured penny/microcap filters.
MDCX,Medicus Pharma Ltd. Common Stock  ,0.157,9446383.0,1132439.0,,177792.923,NASDAQ,Health Care,Biotechnology: Pharmaceutical Preparations,,True,Matched broad public screener and configured penny/microcap filters.
BURU,Nuburu Inc. Common Stock,1.02,9447592.0,1812382.0,,1848629.6400000001,AMEX,Miscellaneous,Industrial Machinery/Components,,True,Matched broad public screener and configured penny/microcap filters.
AMS,American Shared Hospital Services Common Stock,1.43,9509500.0,7691.0,,10998.13,AMEX,Health Care,Medical Specialities,,True,Matched broad public screener and configured penny/microcap filters.
BANL,CBL International Limited Class B Ordinary Shares,4.54,9529269.0,10404.0,,47234.16,NASDAQ,Energy,Oil Refining/Marketing,,True,Matched broad public screener and configured penny/microcap filters.
BON,Bon Natural Life Limited Class A Ordinary Shares,1.1759,9558668.0,16727.0,,19669.2793,NASDAQ,Health Care, Medicinal Chemicals and Botanical Products ,,True,Matched broad public screener and configured penny/microcap filters.
INUV,Inuvo Inc.,0.58,9560186.0,38161.0,,22133.379999999997,AMEX,Consumer Discretionary,Advertising,,True,Matched broad public screener and configured penny/microcap filters.
PLAG,Planet Green Holdings Corp. Common Stock,0.6813,9696748.0,74584.0,,50814.0792,AMEX,Consumer Staples,Packaged Foods,,True,Matched broad public screener and configured penny/microcap filters.
GFAI,Guardforce AI Co. Limited Ordinary Shares,0.31,9731934.0,81218.0,,25177.579999999998,NASDAQ,Consumer Discretionary,Diversified Commercial Services,,True,Matched broad public screener and configured penny/microcap filters.
AWX,Avalon Holdings Corporation Common Stock,2.5,9748578.0,14747.0,,36867.5,AMEX,Utilities,Environmental Services,,True,Matched broad public screener and configured penny/microcap filters.
RAIN,Rain Enhancement Technologies Holdco Inc. Class A Common Stock,0.8366,9791609.0,32455.0,,27151.853,NASDAQ,Technology,Industrial Machinery/Components,,True,Matched broad public screener and configured penny/microcap filters.
HUDI,Huadi International Group Co. Ltd. Ordinary Shares,0.6928,9920329.0,9395.0,,6508.856,NASDAQ,Industrials,Steel/Iron Ore,,True,Matched broad public screener and configured penny/microcap filters.
MMA,Mixed Martial Arts Group Limited Ordinary Shares,0.375,9931328.0,477801.0,,179175.375,AMEX,Consumer Discretionary,Other Consumer Services,,True,Matched broad public screener and configured penny/microcap filters.
CLWT,Euro Tech Holdings Company Limited Common Stock,1.34,9931362.0,3275.0,,4388.5,NASDAQ,Consumer Discretionary,Professional and commerical equipment,,True,Matched broad public screener and configured penny/microcap filters.
QH,Quhuo Limited Class A Ordinary Shares,3.65,10040759.0,5855.0,,21370.75,NASDAQ,Consumer Discretionary,Business Services,,True,Matched broad public screener and configured penny/microcap filters.
SMXT,Solarmax Technology Inc. Common Stock,2.12,10053496.0,5594.0,,11859.28,NASDAQ,Consumer Discretionary,Engineering & Construction,,True,Matched broad public screener and configured penny/microcap filters.
PMI,Picard Medical Inc. Common Stock,4.32,10102899.0,16170.0,,69854.40000000001,AMEX,Health Care,Medical/Dental Instruments,,True,Matched broad public screener and configured penny/microcap filters.
SNTI,Senti Biosciences Holdings Inc. Common Stock,0.3244,10103358.0,613345.0,,198969.11800000002,NASDAQ,Health Care,Biotechnology: Biological Products (No Diagnostic Substances),,True,Matched broad public screener and configured penny/microcap filters.
MTVA,MetaVia Inc. Common Stock,1.54,10145676.0,47057.0,,72467.78,NASDAQ,Health Care,Biotechnology: Pharmaceutical Preparations,,True,Matched broad public screener and configured penny/microcap filters.
BIOT,Instinct Bio Technical Company Holdings Inc. Ordinary Shares,0.3533,10158735.0,604874.0,,213701.9842,NASDAQ,Consumer Discretionary,Package Goods/Cosmetics,,True,Matched broad public screener and configured penny/microcap filters.
INEO,INNEOVA Holdings Limited Class A Ordinary Shares,0.63,10187493.0,115079.0,,72499.77,NASDAQ,Consumer Discretionary,Motor Vehicles,,True,Matched broad public screener and configured penny/microcap filters.
EPOW,E-Power Inc. Class A Ordinary Shares,4.4,10238193.0,6476.0,,28494.4,NASDAQ,Miscellaneous,Industrial Machinery/Components,,True,Matched broad public screener and configured penny/microcap filters.
MBRX,Moleculin Biotech Inc. Common Stock,0.5038,10270356.0,337136.0,,169849.11680000002,NASDAQ,Health Care,Biotechnology: Pharmaceutical Preparations,,True,Matched broad public screener and configured penny/microcap filters.
GRMLW,Greenland Mines Ltd Warrant,0.77,10277292.0,378517.0,,291458.09,NASDAQ,Health Care,Biotechnology: Biological Products (No Diagnostic Substances),,True,Matched broad public screener and configured penny/microcap filters.
BMRA,Biomerica Inc. Common Stock,2.2353,10280073.0,2251.0,,5031.6603000000005,NASDAQ,Health Care,Biotechnology: In Vitro & In Vivo Diagnostic Substances,,True,Matched broad public screener and configured penny/microcap filters.
XLABW,Exascale Labs Holdings Inc. Warrant,0.16,10293566.0,4328.0,,692.48,NASDAQ,Technology,Computer Software: Prepackaged Software,,True,Matched broad public screener and configured penny/microcap filters.
JCTC,Jewett-Cameron Trading Company Common Shares,2.93,10313931.0,7366.0,,21582.38,NASDAQ,Consumer Discretionary,RETAIL: Building Materials,,True,Matched broad public screener and configured penny/microcap filters.
GYRO,Gyrodyne LLC Common Stock,4.6936,10322672.0,806.0,,3783.0416,NASDAQ,Real Estate,Building operators,,True,Matched broad public screener and configured penny/microcap filters.
TOVX,Theriva Biologics Inc. Common Stock,0.225,10325850.0,427026.0,,96080.85,AMEX,Health Care,Biotechnology: Pharmaceutical Preparations,,True,Matched broad public screener and configured penny/microcap filters.
BIYA,Baiya International Group Inc Class A Ordinary Shares,1.62,10336818.0,371607.0,,602003.3400000001,NASDAQ,Consumer Discretionary,Diversified Commercial Services,,True,Matched broad public screener and configured penny/microcap filters.
MGRX,Mangoceuticals Inc. Common Stock,0.4805,10363146.0,2132369.0,,1024603.3045,NASDAQ,Health Care,Misc Health and Biotechnology Services,,True,Matched broad public screener and configured penny/microcap filters.
BLIN,Bridgeline Digital Inc. Common Stock,0.8273,10423880.0,1899.0,,1571.0427,NASDAQ,Technology,Computer Software: Prepackaged Software,,True,Matched broad public screener and configured penny/microcap filters.
INTS,Intensity Therapeutics Inc. Common stock,3.21,10480262.0,15285.0,,49064.85,NASDAQ,Health Care,Biotechnology: Biological Products (No Diagnostic Substances),,True,Matched broad public screener and configured penny/microcap filters.
MSAI,MultiSensor AI Holdings Inc. Common Stock,4.755,10487856.0,2170.0,,10318.35,NASDAQ,Technology,Electronic Components,,True,Matched broad public screener and configured penny/microcap filters.
CVR,Chicago Rivet & Machine Co. Common Stock,10.8701,10501951.0,3175.0,,34512.567500000005,AMEX,Industrials,Industrial Machinery/Components,,True,Matched broad public screener and configured penny/microcap filters.
HCTI,Healthcare Triangle Inc. Common Stock,0.7016,10505984.0,862082.0,,604836.7312,NASDAQ,Technology,EDP Services,,True,Matched broad public screener and configured penny/microcap filters.
GIXI,Gix Internet Ltd. Ordinary Shares,4.25,10592492.0,3742.0,,15903.5,NASDAQ,Technology,Computer Software: Prepackaged Software,,True,Matched broad public screener and configured penny/microcap filters.
AEMD,Aethlon Medical Inc. Common Stock,6.63,10635150.0,64229.0,,425838.27,NASDAQ,Health Care,Medical/Dental Instruments,,True,Matched broad public screener and configured penny/microcap filters.
GDTC,CytoMed Therapeutics Limited Ordinary Shares,0.8999,10644409.0,6442.0,,5797.1558,NASDAQ,Health Care,Biotechnology: Pharmaceutical Preparations,,True,Matched broad public screener and configured penny/microcap filters.
VWAV,VisionWave Holdings Inc. Common Stock,4.49,10658232.0,210759.0,,946307.91,NASDAQ,Technology,Computer Software: Prepackaged Software,,True,Matched broad public screener and configured penny/microcap filters.
CMCT,Creative Media & Community Trust Corporation Common stock,3.62,10669925.0,1090379.0,,3947171.98,NASDAQ,Real Estate,Real Estate Investment Trusts,,True,Matched broad public screener and configured penny/microcap filters.
LZMH,LZ Technology Holdings Limited Class B Ordinary Shares,1.19,10684415.0,40524.0,,48223.56,NASDAQ,Technology,EDP Services,,True,Matched broad public screener and configured penny/microcap filters.
BCTXL,BriaCell Therapeutics Corp. Warrant expiring 2031,1.23,10700738.0,8508.0,,10464.84,NASDAQ,Health Care,Biotechnology: Pharmaceutical Preparations,,True,Matched broad public screener and configured penny/microcap filters.
CYN,Cyngn Inc. Common Stock,0.7,10743797.0,278667.0,,195066.9,NASDAQ,Technology,EDP Services,,True,Matched broad public screener and configured penny/microcap filters.
VEEA,Veea Inc. Common Stock,3.47,10794157.0,80638757.0,,279816486.79,NASDAQ,Technology,EDP Services,,True,Matched broad public screener and configured penny/microcap filters.
ADIL,Adial Pharmaceuticals Inc Common Stock,4.13,10844926.0,13391.0,,55304.83,NASDAQ,Health Care,Biotechnology: Pharmaceutical Preparations,,True,Matched broad public screener and configured penny/microcap filters.
NVNI,Nvni Group Limited Ordinary Shares,0.9299,10872514.0,8332.0,,7747.926799999999,NASDAQ,Technology,Computer Software: Prepackaged Software,,True,Matched broad public screener and configured penny/microcap filters.
UPLD,Upland Software Inc. Common Stock,3.68,10882463.0,50464.0,,185707.52000000002,NASDAQ,Technology,Computer Software: Prepackaged Software,,True,Matched broad public screener and configured penny/microcap filters.
BTOC,Armlogi Holding Corp. Common Stock,0.24,10906339.0,39213.0,,9411.119999999999,NASDAQ,Consumer Discretionary,Office Equipment/Supplies/Services,,True,Matched broad public screener and configured penny/microcap filters.
MSGY,Masonglory Limited Class A Ordinary Shares ,5.17,10958461.0,534439.0,,2763049.63,NASDAQ,Consumer Discretionary,Engineering & Construction,,True,Matched broad public screener and configured penny/microcap filters.
NUR,Nuran Wireless Inc. Common Shares,0.839,11070353.0,243268.0,,204101.85199999998,NASDAQ,,,,True,Matched broad public screener and configured penny/microcap filters.
EDUC,Educational Development Corporation Common Stock,1.3,11082453.0,8785.0,,11420.5,NASDAQ,Consumer Discretionary,Consumer Specialties,,True,Matched broad public screener and configured penny/microcap filters.
IRIX,IRIDEX Corporation Common Stock,0.632,11101024.0,65553.0,,41429.496,NASDAQ,Health Care,Biotechnology: Electromedical & Electrotherapeutic Apparatus,,True,Matched broad public screener and configured penny/microcap filters.
AIMD,Ainos Inc. Common Stock,1.3,11107295.0,41902.0,,54472.6,NASDAQ,Technology,Computer peripheral equipment,,True,Matched broad public screener and configured penny/microcap filters.
ARAI,Arrive AI Inc. Common Stock,0.2155,11179323.0,380437.0,,81984.1735,NASDAQ,Consumer Discretionary,Diversified Commercial Services,,True,Matched broad public screener and configured penny/microcap filters.
GTBP,GT Biopharma Inc. Common Stock,6.2,11187150.0,39009.0,,241855.80000000002,NASDAQ,Health Care,Biotechnology: Pharmaceutical Preparations,,True,Matched broad public screener and configured penny/microcap filters.
CALC,CalciMedica Inc. Common Stock,1.65,11266682.0,25934.0,,42791.1,NASDAQ,Health Care,Biotechnology: Pharmaceutical Preparations,,True,Matched broad public screener and configured penny/microcap filters.
ASBP,Aspire-Lakewood Holdings Inc. Common Stock,8.12,11388763.0,23063.0,,187271.55999999997,NASDAQ,Health Care,Biotechnology: Pharmaceutical Preparations,,True,Matched broad public screener and configured penny/microcap filters.
KPRX,Kiora Pharmaceuticals Inc.  Common Stock,2.58,11414918.0,16778.0,,43287.24,NASDAQ,Health Care,Biotechnology: Pharmaceutical Preparations,,True,Matched broad public screener and configured penny/microcap filters.
ADVB,Advanced Biomed Inc. Common Stock,6.91,11416239.0,20127.0,,139077.57,NASDAQ,Health Care,Medical Specialities,,True,Matched broad public screener and configured penny/microcap filters.
BTBD,BT Brands Inc. Common Stock,1.85,11441739.0,10957.0,,20270.45,NASDAQ,Consumer Discretionary,Restaurants,,True,Matched broad public screener and configured penny/microcap filters.
IQST,iQSTEL Inc. Common Stock,1.05,11461652.0,538205.0,,565115.25,NASDAQ,Telecommunications,Telecommunications Equipment,,True,Matched broad public screener and configured penny/microcap filters.
MEDS,DataMeds AI Inc. Common Stock,4.06,11504148.0,34897834.0,,141685206.04,NASDAQ,Health Care,Other Pharmaceuticals,,True,Matched broad public screener and configured penny/microcap filters.
PHIO,Phio Pharmaceuticals Corp. Common Stock,1.0,11617250.0,50267.0,,50267.0,NASDAQ,Health Care,Biotechnology: Pharmaceutical Preparations,,True,Matched broad public screener and configured penny/microcap filters.
BFRG,Bullfrog AI Holdings Inc. Common Stock,0.6283,11649719.0,311620.0,,195790.846,NASDAQ,Health Care,Biotechnology: Pharmaceutical Preparations,,True,Matched broad public screener and configured penny/microcap filters.
EQS,Equus Total Return Inc. Common Stock,0.835,11662191.0,3937.0,,3287.395,NYSE,Finance,Finance/Investors Services,,True,Matched broad public screener and configured penny/microcap filters.
BLRX,BioLineRx Ltd. American Depositary Shares,2.35,11698808.0,7580.0,,17813.0,NASDAQ,Health Care,Biotechnology: Pharmaceutical Preparations,,True,Matched broad public screener and configured penny/microcap filters.
ALAR,Alarum Technologies Ltd. American Depositary Share,1.62,11745763.0,37344.0,,60497.280000000006,NASDAQ,Technology,Computer Software: Prepackaged Software,,True,Matched broad public screener and configured penny/microcap filters.
IOTR,iOThree Limited Ordinary Shares,1.94,11764932.0,841.0,,1631.54,NASDAQ,Consumer Discretionary,Telecommunications Equipment,,True,Matched broad public screener and configured penny/microcap filters.
BBLGW,Bone Biologics Corp Warrants,4.3,11851045.0,478.0,,2055.4,NASDAQ,Health Care,Industrial Specialties,,True,Matched broad public screener and configured penny/microcap filters.
WHLRP,Wheeler Real Estate Investment Trust Inc. Class B Preferred Stock,9.005,11869914.0,39896.0,,359263.48000000004,NASDAQ,Real Estate,Real Estate Investment Trusts,,True,Matched broad public screener and configured penny/microcap filters.
DETX,Liberty Defense Holdings Ltd. Common Shares,2.09,11875344.0,25053.0,,52360.77,NASDAQ,Industrials,Industrial Machinery/Components,,True,Matched broad public screener and configured penny/microcap filters.
SAGT,SAGTEC GLOBAL LIMITED Class A Ordinary shares,0.5992,11924080.0,49983.0,,29949.813599999998,NASDAQ,Technology,Computer Software: Prepackaged Software,,True,Matched broad public screener and configured penny/microcap filters.
UCL,uCloudlink Group Inc. American Depositary Shares,0.314,11960967.0,594734.0,,186746.476,NASDAQ,Consumer Discretionary,Telecommunications Equipment,,True,Matched broad public screener and configured penny/microcap filters.
ICMB,Investcorp Credit Management BDC Inc. Common Stock,0.83,11978952.0,7104.0,,5896.32,NASDAQ,Finance,Finance: Consumer Services,,True,Matched broad public screener and configured penny/microcap filters.
DTSS,Datasea Intelligent Technology Ltd. Class A Ordinary Shares,0.832,12001501.0,56403.0,,46927.295999999995,NASDAQ,Technology,Computer Software: Prepackaged Software,,True,Matched broad public screener and configured penny/microcap filters.
FRTT,Fort Technology Inc. Common Shares,0.7988,12016015.0,38959.0,,31120.4492,NASDAQ,Industrials,Agricultural Chemicals,,True,Matched broad public screener and configured penny/microcap filters.
DDC,DDC Enterprise Limited Class A Ordinary Shares,0.2066,12104954.0,2264828.0,,467913.4648,AMEX,Consumer Staples,Packaged Foods,,True,Matched broad public screener and configured penny/microcap filters.
HPAI,Helport AI Limited Ordinary Shares,0.322,12122305.0,275840.0,,88820.48,NASDAQ,Technology,Computer Software: Prepackaged Software,,True,Matched broad public screener and configured penny/microcap filters.
CETY,Clean Energy Technologies Inc. Common Stock,0.9996,12161240.0,2591.0,,2589.9636,NASDAQ,Utilities,Oil/Gas Transmission,,True,Matched broad public screener and configured penny/microcap filters.
NCPL,Netcapital Inc. Common Stock,1.55,12164243.0,5234733.0,,8113836.15,NASDAQ,Finance,Finance: Consumer Services,,True,Matched broad public screener and configured penny/microcap filters.
WXM,WF International Limited Ordinary Shares,3.91,12189765.0,11333.0,,44312.03,NASDAQ,Consumer Discretionary,Engineering & Construction,,True,Matched broad public screener and configured penny/microcap filters.
OFAL,OFA Group Class A Ordinary Shares,0.461,12195055.0,221819.0,,102258.55900000001,NASDAQ,Consumer Discretionary,Military/Government/Technical,,True,Matched broad public screener and configured penny/microcap filters.
CABR,Caring Brands Inc. Common Stock,1.19,12338189.0,10174.0,,12107.06,NASDAQ,Consumer Discretionary,Package Goods/Cosmetics,,True,Matched broad public screener and configured penny/microcap filters.
NXXT,NextNRG Inc. Common Stock,0.7414,12465414.0,399936.0,,296512.5504,NASDAQ,Consumer Discretionary,Retail-Auto Dealers and Gas Stations,,True,Matched broad public screener and configured penny/microcap filters.
VTGN,Vistagen Therapeutics Inc. Common Stock,0.2826,12540915.0,2030982.0,,573955.5132,NASDAQ,Health Care,Biotechnology: Pharmaceutical Preparations,,True,Matched broad public screener and configured penny/microcap filters.
ZDAI,DirectBooking Technology Co. Ltd. Class A Ordinary Shares,1.51,12666594.0,17476.0,,26388.76,NASDAQ,Consumer Discretionary,General Bldg Contractors - Nonresidential Bldgs,,True,Matched broad public screener and configured penny/microcap filters.
PLUR,Pluri Inc. Common Stock,1.03,12715078.0,10401.0,,10713.03,NASDAQ,Health Care,Biotechnology: Biological Products (No Diagnostic Substances),,True,Matched broad public screener and configured penny/microcap filters.
BTCT,BTC Digital Ltd. Ordinary Shares,1.08,12744612.0,976951.0,,1055107.08,NASDAQ,Finance,Finance: Consumer Services,,True,Matched broad public screener and configured penny/microcap filters.
BIVI,BioVie Inc. Class A Common Stock,1.47,12763584.0,266176.0,,391278.72,NASDAQ,Health Care,Biotechnology: Pharmaceutical Preparations,,True,Matched broad public screener and configured penny/microcap filters.
CCM,Concord Medical Services Holdings Limited American Depositary Shares (Each represents thirty (30) Class A ordinary shares),2.94,12764666.0,2028.0,,5962.32,NYSE,Health Care,Medical/Nursing Services,,True,Matched broad public screener and configured penny/microcap filters.
SLGB,Smart Logistics Global Limited Class A Ordinary Shares,0.2848,12816000.0,395390.0,,112607.072,NASDAQ,Industrials,Integrated Freight & Logistics,,True,Matched broad public screener and configured penny/microcap filters.
RGNT,Regentis Biomaterials Ltd. Ordinary Shares,1.83,12853775.0,9036.0,,16535.88,AMEX,Health Care,Industrial Specialties,,True,Matched broad public screener and configured penny/microcap filters.
AIRI,Air Industries Group Common Stock,2.65,12854244.0,29406.0,,77925.9,AMEX,Industrials,Military/Government/Technical,,True,Matched broad public screener and configured penny/microcap filters.
DFLI,Dragonfly Energy Holdings Corp. Common Stock (NV),0.8608,12893754.0,187642.0,,161522.2336,NASDAQ,Miscellaneous,Industrial Machinery/Components,,True,Matched broad public screener and configured penny/microcap filters.
TURB,Turbo Energy S.A. American Depositary Shares,1.08,12978511.0,131969.0,,142526.52000000002,NASDAQ,Miscellaneous,Industrial Machinery/Components,,True,Matched broad public screener and configured penny/microcap filters.
FTHM,Fathom Holdings Inc. Common Stock,0.38,12998750.0,924199.0,,351195.62,NASDAQ,Finance,Real Estate,,True,Matched broad public screener and configured penny/microcap filters.
TULP,Bloomia Holdings Inc. Common Stock,2.7,13043606.0,12503.0,,33758.100000000006,NASDAQ,Consumer Staples,Farming/Seeds/Milling,,True,Matched broad public screener and configured penny/microcap filters.
CJMB,Callan JMB Inc. Common Stock,2.27,13057875.0,60824.0,,138070.48,NASDAQ,Consumer Discretionary,Business Services,,True,Matched broad public screener and configured penny/microcap filters.
PBK,PowerBank Corporation Common Stock,0.275,13116751.0,1568068.0,,431218.7,NASDAQ,Utilities,Power Generation,,True,Matched broad public screener and configured penny/microcap filters.
BTLN,Brightline Interactive Inc. Common Stock,4.84,13127779.0,176471.0,,854119.64,NASDAQ,Technology,EDP Services,,True,Matched broad public screener and configured penny/microcap filters.
EBON,Ebang International Holdings Inc. Class A Ordinary Shares,2.01,13153315.0,1106.0,,2223.06,NASDAQ,Finance,Investment Bankers/Brokers/Service,,True,Matched broad public screener and configured penny/microcap filters.
CTSO,Cytosorbents Corporation Common Stock,4.185,13187358.0,8297.0,,34722.945,NASDAQ,Health Care,Medical/Dental Instruments,,True,Matched broad public screener and configured penny/microcap filters.
FNGR,FingerMotion Inc. Common Stock,0.1757,13213454.0,33966300.0,,5967878.91,NASDAQ,Technology,Computer Software: Prepackaged Software,,True,Matched broad public screener and configured penny/microcap filters.
MDBH,MDB Capital Holdings LLC Class A common,2.44,13270262.0,2082.0,,5080.08,NASDAQ,Finance,Finance: Consumer Services,,True,Matched broad public screener and configured penny/microcap filters.
AUST,Austin Gold Corp. Common Shares,0.9701,13283580.0,62782.0,,60904.818199999994,AMEX,Basic Materials,Precious Metals,,True,Matched broad public screener and configured penny/microcap filters.
CCG,Cheche Group Inc. Class A Ordinary Shares,5.31,13303812.0,20784.0,,110363.04,NASDAQ,Finance,Specialty Insurers,,True,Matched broad public screener and configured penny/microcap filters.
RCT,RedCloud Holdings plc Ordinary Shares,0.1948,13320544.0,482468.0,,93984.76640000001,NASDAQ,Technology,Computer Software: Programming Data Processing,,True,Matched broad public screener and configured penny/microcap filters.
TPST,Tempest Therapeutics Inc. Common Stock,0.8061,13332706.0,153421.0,,123672.66810000001,NASDAQ,Health Care,Biotechnology: Pharmaceutical Preparations,,True,Matched broad public screener and configured penny/microcap filters.
CLRO,ClearOne Inc. Common Stock,5.0,13377060.0,203491.0,,1017455.0,NASDAQ,Utilities,Telecommunications Equipment,,True,Matched broad public screener and configured penny/microcap filters.
DAVEW,Dave Inc. Warrants,1.05,13393282.0,22863.0,,24006.15,NASDAQ,Finance,Finance: Consumer Services,,True,Matched broad public screener and configured penny/microcap filters.
COOT,Australian Oilseeds Holdings Limited Ordinary Shares,0.446,13410597.0,8429.0,,3759.3340000000003,NASDAQ,Consumer Staples,Packaged Foods,,True,Matched broad public screener and configured penny/microcap filters.
HIND,Vyome Holdings Inc. Common Stock,1.92,13475574.0,9008.0,,17295.36,NASDAQ,Health Care,Biotechnology: Pharmaceutical Preparations,,True,Matched broad public screener and configured penny/microcap filters.
MTEX,Mannatech Incorporated Common Stock,6.985,13478745.0,10235.0,,71491.475,NASDAQ,Health Care, Medicinal Chemicals and Botanical Products ,,True,Matched broad public screener and configured penny/microcap filters.
CNSY,Cerenome Inc. Common Stock ,1.78,13509533.0,1168986.0,,2080795.08,NASDAQ,Health Care,Medical/Dental Instruments,,True,Matched broad public screener and configured penny/microcap filters.
PASG,Passage Bio Inc. Common Stock,4.201,13518020.0,26486.0,,111267.68599999999,NASDAQ,Health Care,Biotechnology: Biological Products (No Diagnostic Substances),,True,Matched broad public screener and configured penny/microcap filters.
GRNQ,Greenpro Capital Corp. Common Stock,7.47,13541511.0,4965.0,,37088.549999999996,NASDAQ,Consumer Discretionary,Professional Services,,True,Matched broad public screener and configured penny/microcap filters.
BRN,Barnwell Industries Inc. Common Stock,0.941,13582686.0,51508.0,,48469.028,AMEX,Energy,Oil & Gas Production,,True,Matched broad public screener and configured penny/microcap filters.
PETZ,TDH Holdings Inc. Common Shares,1.32,13626714.0,12155.0,,16044.6,NASDAQ,Finance,Real Estate,,True,Matched broad public screener and configured penny/microcap filters.
WETH,Wetouch Technology Inc. Common Stock,1.0199,13647827.0,118958.0,,121325.2642,NASDAQ,Technology,Computer peripheral equipment,,True,Matched broad public screener and configured penny/microcap filters.
HUIZ,Huize Holding Limited American Depositary Shares,1.36,13744263.0,8016.0,,10901.76,NASDAQ,Finance,Specialty Insurers,,True,Matched broad public screener and configured penny/microcap filters.
INAB,IN8bio Inc. Common Stock,1.4,13801736.0,78475.0,,109865.0,NASDAQ,Health Care,Biotechnology: Biological Products (No Diagnostic Substances),,True,Matched broad public screener and configured penny/microcap filters.
DLPN,Dolphin Entertainment Inc. Common Stock,1.06,13815861.0,684.0,,725.0400000000001,NASDAQ,Consumer Discretionary,Other Consumer Services,,True,Matched broad public screener and configured penny/microcap filters.
XCH,XCHG Limited American Depositary Share,3.18,14076060.0,1249.0,,3971.82,NASDAQ,Miscellaneous,Industrial Machinery/Components,,True,Matched broad public screener and configured penny/microcap filters.
BNKK,Bonk Inc. Common Stock,1.76,14081654.0,154733.0,,272330.08,NASDAQ,Consumer Discretionary,Package Goods/Cosmetics,,True,Matched broad public screener and configured penny/microcap filters.
HODO,House of Doge Inc. Common Stock,0.1581,14095087.0,596561.0,,94316.2941,NASDAQ,Finance,Finance: Consumer Services,,True,Matched broad public screener and configured penny/microcap filters.
NIKI,Niki BioSolutions Inc. Common Stock,4.81,14134786.0,7952.0,,38249.119999999995,NASDAQ,Industrials,Industrial Machinery/Components,,True,Matched broad public screener and configured penny/microcap filters.
PLSM,Pulsenmore Ltd. Ordinary Shares,2.175,14143686.0,43041.0,,93614.17499999999,NASDAQ,Health Care,Medical/Dental Instruments,,True,Matched broad public screener and configured penny/microcap filters.
SINT,SiNtx Technologies Inc. Common Stock,2.13,14195457.0,678297.0,,1444772.6099999999,NASDAQ,Health Care,Medical/Dental Instruments,,True,Matched broad public screener and configured penny/microcap filters.
SKK,SKK Holdings Limited Class A Ordinary Shares,4.455,14214105.0,6566.0,,29251.53,NASDAQ,Industrials,Water Sewer Pipeline Comm & Power Line Construction,,True,Matched broad public screener and configured penny/microcap filters.
MIMI,Mint Incorporation Limited Class A Ordinary Shares,0.8953,14228664.0,524256.0,,469366.3968,NASDAQ,Consumer Discretionary,Business Services,,True,Matched broad public screener and configured penny/microcap filters.
AHT,Ashford Hospitality Trust Inc Common Stock,2.2,14233591.0,50970.0,,112134.00000000001,NYSE,Real Estate,Real Estate Investment Trusts,,True,Matched broad public screener and configured penny/microcap filters.
ATCX,Atlas Critical Minerals Corporation Common Stock,2.81,14284174.0,114284.0,,321138.04,NASDAQ,Basic Materials,Precious Metals,,True,Matched broad public screener and configured penny/microcap filters.
WIMI,WiMi Hologram Cloud Inc. Class B Ordinary Shares,0.7779,14301734.0,77461.0,,60256.9119,NASDAQ,Technology,Computer Software: Prepackaged Software,,True,Matched broad public screener and configured penny/microcap filters.
BRFH,Barfresh Food Group Inc. Common Stock,0.8776,14312052.0,3708.0,,3254.1408,NASDAQ,Consumer Staples,Packaged Foods,,True,Matched broad public screener and configured penny/microcap filters.
AEON,AEON Biopharma Inc. Class A Common Stock,0.29,14466009.0,6638001.0,,1925020.2899999998,AMEX,Health Care,Biotechnology: Pharmaceutical Preparations,,True,Matched broad public screener and configured penny/microcap filters.
UFG,Uni-Fuels Holdings Limited Class A Ordinary Shares,0.4505,14625483.0,88489.0,,39864.2945,NASDAQ,Energy,Oil Refining/Marketing,,True,Matched broad public screener and configured penny/microcap filters.
MOBX,Mobix Labs Inc. Class A Common Stock,0.8172,14670411.0,774217.0,,632690.1324,NASDAQ,Technology,Semiconductors,,True,Matched broad public screener and configured penny/microcap filters.
WVVIP,Willamette Valley Vineyards Inc. Series A Redeemable Preferred Stock,2.95,14689611.0,9786.0,,28868.7,NASDAQ,Consumer Staples,Beverages (Production/Distribution),,True,Matched broad public screener and configured penny/microcap filters.
LRE,Lead Real Estate Co. Ltd American Depositary Shares,1.08,14733252.0,18910.0,,20422.800000000003,NASDAQ,Consumer Discretionary,Homebuilding,,True,Matched broad public screener and configured penny/microcap filters.
YXT,YXT.COM GROUP HOLDING LIMITED American Depository Shares,2.23,14740893.0,6712.0,,14967.76,NASDAQ,Technology,Computer Software: Prepackaged Software,,True,Matched broad public screener and configured penny/microcap filters.
CTXR,Citius Pharmaceuticals Inc. Common Stock,0.5402,14829878.0,154963.0,,83711.0126,NASDAQ,Health Care,Biotechnology: Pharmaceutical Preparations,,True,Matched broad public screener and configured penny/microcap filters.
SUNE,SUNation Energy Inc. Common Stock,2.28,14849886.0,87041.0,,198453.47999999998,NASDAQ,Consumer Discretionary,Engineering & Construction,,True,Matched broad public screener and configured penny/microcap filters.
SMSI,Smith Micro Software Inc. Common Stock,2.66,14869081.0,5274.0,,14028.84,NASDAQ,Technology,Computer Software: Prepackaged Software,,True,Matched broad public screener and configured penny/microcap filters.
REBN,Reborn Coffee Inc. Common Stock,1.73,14912811.0,31918.0,,55218.14,NASDAQ,Consumer Discretionary,Restaurants,,True,Matched broad public screener and configured penny/microcap filters.
ASTC,Astrotech Corporation (DE) Common Stock,7.43,14927242.0,19183.0,,142529.69,NASDAQ,Industrials,Biotechnology: Laboratory Analytical Instruments,,True,Matched broad public screener and configured penny/microcap filters.
ATTT,Atlas Trinity Tech Limited Ordinary Shares,2.57,15098090.0,11898.0,,30577.859999999997,NASDAQ,Consumer Discretionary,Consumer Electronics/Appliances,,True,Matched broad public screener and configured penny/microcap filters.
NEON,Neonode Inc. Common Stock,0.9012,15124769.0,31613.0,,28489.6356,NASDAQ,Technology,Industrial Machinery/Components,,True,Matched broad public screener and configured penny/microcap filters.
FUSE,Fusemachines Inc. Common stock,0.522,15130328.0,138621.0,,72360.162,NASDAQ,Technology,EDP Services,,True,Matched broad public screener and configured penny/microcap filters.
IHT,InnSuites Hospitality Trust Shares of Beneficial Interest,1.35,15153168.0,5428.0,,7327.8,AMEX,Real Estate,Real Estate Investment Trusts,,True,Matched broad public screener and configured penny/microcap filters.
MOGU,MOGU Inc. American Depositary Shares (each  representing 25 Class A Ordinary Shares),1.86,15220925.0,1230.0,,2287.8,NYSE,Consumer Discretionary,Business Services,,True,Matched broad public screener and configured penny/microcap filters.
TMDE,TMD Energy Limited Ordinary Shares,0.6524,15373806.0,51659.0,,33702.3316,AMEX,Energy,Oil Refining/Marketing,,True,Matched broad public screener and configured penny/microcap filters.
BCDA,BioCardia Inc. Common Stock,1.02,15441558.0,205878.0,,209995.56,NASDAQ,Health Care,Biotechnology: Biological Products (No Diagnostic Substances),,True,Matched broad public screener and configured penny/microcap filters.
BFRI,Biofrontera Inc. Common Stock,1.04,15446453.0,347219.0,,361107.76,NASDAQ,Health Care,Biotechnology: Pharmaceutical Preparations,,True,Matched broad public screener and configured penny/microcap filters.
LIQT,LiqTech International Inc. Common Stock,0.4698,15478896.0,193617.0,,90961.2666,NASDAQ,Technology,Industrial Machinery/Components,,True,Matched broad public screener and configured penny/microcap filters.
FGI,FGI Industries Ltd. Ordinary Shares,8.02,15488793.0,8893.0,,71321.86,NASDAQ,Industrials,Industrial Specialties,,True,Matched broad public screener and configured penny/microcap filters.
PRZO,ParaZero Technologies Ltd. Ordinary Shares,0.598,15505286.0,222551.0,,133085.498,NASDAQ,Industrials,Military/Government/Technical,,True,Matched broad public screener and configured penny/microcap filters.
DOGZ,Dogness (International) Corporation Class A Common Stock,0.88,15506179.0,7887.0,,6940.56,NASDAQ,Consumer Discretionary,Miscellaneous manufacturing industries,,True,Matched broad public screener and configured penny/microcap filters.
CDLX,Cardlytics Inc. Common Stock,2.64,15546210.0,64793.0,,171053.52000000002,NASDAQ,Technology,Computer Software: Programming Data Processing,,True,Matched broad public screener and configured penny/microcap filters.
ARTW,Art's-Way Manufacturing Co. Inc. Common Stock,3.0001,15604678.0,1263.0,,3789.1263000000004,NASDAQ,Industrials,Industrial Machinery/Components,,True,Matched broad public screener and configured penny/microcap filters.
UUU,Universal Safety Products Inc. Common Stock,5.18,15687438.0,15927.0,,82501.86,AMEX,Technology,Electronic Components,,True,Matched broad public screener and configured penny/microcap filters.
PASW,Ping An Biomedical Co. Ltd. Class A Ordinary Shares,0.126,15693300.0,196263.0,,24729.138,NASDAQ,Consumer Discretionary,Apparel,,True,Matched broad public screener and configured penny/microcap filters.
SOAR,Volato Group Inc. Class A Common Stock,0.2946,15800355.0,27633582.0,,8140853.257199999,AMEX,Consumer Discretionary,Transportation Services,,True,Matched broad public screener and configured penny/microcap filters.
GTIM,Good Times Restaurants Inc. Common Stock,1.5,15836844.0,41279.0,,61918.5,NASDAQ,Consumer Discretionary,Restaurants,,True,Matched broad public screener and configured penny/microcap filters.
GIGM,GigaMedia Limited Ordinary Shares,1.44,15915218.0,5820.0,,8380.8,NASDAQ,Technology,Computer Software: Programming Data Processing,,True,Matched broad public screener and configured penny/microcap filters.
FOFO,Hang Feng Technology Innovation Co. Ltd. Ordinary Shares,2.11,15974975.0,13504.0,,28493.44,NASDAQ,Consumer Discretionary,Professional Services,,True,Matched broad public screener and configured penny/microcap filters.
OPAD,Offerpad Solutions Inc. Class A Common Stock,3.31,15996399.0,21843.0,,72300.33,NASDAQ,Finance,Real Estate,,True,Matched broad public screener and configured penny/microcap filters.
ONEG,OneConstruction Group Limited Ordinary Shares,1.0,16000000.0,32282.0,,32282.0,NASDAQ,Consumer Discretionary,Homebuilding,,True,Matched broad public screener and configured penny/microcap filters.
HTCO,High-Trend International Group Class A Ordinary Shares,2.37,16010118.0,97884.0,,231985.08000000002,NASDAQ,Consumer Discretionary,Marine Transportation,,True,Matched broad public screener and configured penny/microcap filters.
FABC,Fabric.AI Inc. Common Stock,2.29,16038274.0,71766.0,,164344.14,NASDAQ,Consumer Discretionary,Telecommunications Equipment,,True,Matched broad public screener and configured penny/microcap filters.
LSTA,Lisata Therapeutics Inc. Common Stock,1.49,16098058.0,63144.0,,94084.56,NASDAQ,Health Care,Biotechnology: Pharmaceutical Preparations,,True,Matched broad public screener and configured penny/microcap filters.
PTN,Palatin Technologies Inc. Common Stock,9.06,16135307.0,33057.0,,299496.42000000004,NASDAQ,Health Care,Biotechnology: Pharmaceutical Preparations,,True,Matched broad public screener and configured penny/microcap filters.
TLIH,Ten-League International Holdings Limited Ordinary Shares,5.5,16172393.0,15752.0,,86636.0,NASDAQ,Consumer Discretionary,Industrial Specialties,,True,Matched broad public screener and configured penny/microcap filters.
IPM,Intelligent Protection Management Corp. Common Stock ,1.79,16173955.0,5012.0,,8971.48,NASDAQ,Technology,Computer Software: Programming Data Processing,,True,Matched broad public screener and configured penny/microcap filters.
EDTK,Skillful Craftsman Education Technology Limited Ordinary Share,1.0,16199451.0,33456.0,,33456.0,NASDAQ,Real Estate,Other Consumer Services,,True,Matched broad public screener and configured penny/microcap filters.
ARKR,Ark Restaurants Corp. Common Stock,4.505,16245737.0,413.0,,1860.565,NASDAQ,Consumer Discretionary,Restaurants,,True,Matched broad public screener and configured penny/microcap filters.
SCAG,Scage Future American Depositary Shares,0.224,16264565.0,111853.0,,25055.072,NASDAQ,Consumer Discretionary,Construction/Ag Equipment/Trucks,,True,Matched broad public screener and configured penny/microcap filters.
MOBBW,Mobilicom Limited Warrants,1.29,16297049.0,2326.0,,3000.54,NASDAQ,Industrials,Aerospace,,True,Matched broad public screener and configured penny/microcap filters.
SLE,Super League Enterprise Inc. Common Stock,5.42,16306059.0,49829.0,,270073.18,NASDAQ,Technology,EDP Services,,True,Matched broad public screener and configured penny/microcap filters.
HTOO,Fusion Fuel Green PLC Class A Ordinary Shares,2.17,16310282.0,12613.0,,27370.21,NASDAQ,Technology,Industrial Machinery/Components,,True,Matched broad public screener and configured penny/microcap filters.
KTTA,Pasithea Therapeutics Corp. Common Stock,0.4891,16343007.0,12639.0,,6181.7348999999995,NASDAQ,Health Care,Biotechnology: Pharmaceutical Preparations,,True,Matched broad public screener and configured penny/microcap filters.
MGIH,Millennium Group International Holdings Limited Ordinary Shares,1.4654,16485750.0,14758.0,,21626.3732,NASDAQ,Consumer Discretionary,Publishing,,True,Matched broad public screener and configured penny/microcap filters.
ICU,SeaStar Medical Holding Corporation Common Stock,3.75,16525654.0,28376.0,,106410.0,NASDAQ,Health Care,Medical/Dental Instruments,,True,Matched broad public screener and configured penny/microcap filters.
EPSM,Epsium Enterprise Limited Class A Ordinary Shares,1.23,16528782.0,44720.0,,55005.6,NASDAQ,Consumer Staples,Beverages (Production/Distribution),,True,Matched broad public screener and configured penny/microcap filters.
LHAI,Linkhome Holdings Inc. Common stock,1.0,16530000.0,75736.0,,75736.0,NASDAQ,Finance,Real Estate,,True,Matched broad public screener and configured penny/microcap filters.
DSY,Big Tree Cloud Holdings Limited Class A Ordinary Shares,3.48,16536515.0,10526.0,,36630.48,NASDAQ,Consumer Discretionary,Containers/Packaging,,True,Matched broad public screener and configured penny/microcap filters.
BESS,Bimergen Energy Corporation Common Stock,2.33,16537345.0,39472.0,,91969.76000000001,AMEX,Utilities,Electric Utilities: Central,,True,Matched broad public screener and configured penny/microcap filters.
TVRD,Tvardi Therapeutics Inc. Common Stock,1.24,16540289.0,332663.0,,412502.12,NASDAQ,Health Care,Biotechnology: Pharmaceutical Preparations,,True,Matched broad public screener and configured penny/microcap filters.
JL,J-Long Group Limited Class A Ordinary Shares,4.64,16542533.0,8275.0,,38396.0,NASDAQ,Consumer Discretionary,Clothing/Shoe/Accessory Stores,,True,Matched broad public screener and configured penny/microcap filters.
ALLR,Allarity Therapeutics Inc. Common Stock,1.04,16547153.0,74359.0,,77333.36,NASDAQ,Health Care,Biotechnology: Pharmaceutical Preparations,,True,Matched broad public screener and configured penny/microcap filters.
NUCLW,Eagle Nuclear Energy Corp. Warrants,0.5658,16736250.0,115846.0,,65545.66679999999,NASDAQ,Basic Materials,Other Metals and Minerals,,True,Matched broad public screener and configured penny/microcap filters.
DARE,Dare Bioscience Inc. Common Stock,0.851,16738390.0,135132.0,,114997.332,NASDAQ,Health Care,Biotechnology: Pharmaceutical Preparations,,True,Matched broad public screener and configured penny/microcap filters.
MDRR,Medalist Diversified Inc. Common Stock,10.279,16739352.0,840.0,,8634.36,NASDAQ,Real Estate,Real Estate Investment Trusts,,True,Matched broad public screener and configured penny/microcap filters.
UONEK,Urban One Inc. Class D Common Stock,3.64,16798469.0,6911.0,,25156.04,NASDAQ,Consumer Discretionary,Broadcasting,,True,Matched broad public screener and configured penny/microcap filters.
NCEL,NewcelX Ltd. Ordinary Shares,2.91,16808532.0,5185.0,,15088.35,NASDAQ,Health Care,Biotechnology: Pharmaceutical Preparations,,True,Matched broad public screener and configured penny/microcap filters.
FENG,Phoenix New Media Limited American Depositary Shares each representing 48 Class A ordinary shares.,1.4,16815086.0,592.0,,828.8,NYSE,Industrials,Broadcasting,,True,Matched broad public screener and configured penny/microcap filters.
IDAI,T Stamp Inc. Class A Common Stock,2.99,16861480.0,62248.0,,186121.52000000002,NASDAQ,Technology,Computer Software: Prepackaged Software,,True,Matched broad public screener and configured penny/microcap filters.
AISPW,Airship AI Holdings Inc. Warrants,0.4896,16861610.0,328290.0,,160730.78399999999,NASDAQ,Technology,Computer Software: Prepackaged Software,,True,Matched broad public screener and configured penny/microcap filters.
LFWD,Lifeward Ltd. Ordinary Shares,5.96,16878815.0,11954.0,,71245.84,NASDAQ,Health Care,Industrial Specialties,,True,Matched broad public screener and configured penny/microcap filters.
JF,J and Friends Holdings Limited American Depositary Shares,0.922,16909622.0,2674.0,,2465.4280000000003,NASDAQ,Technology,Computer Software: Programming Data Processing,,True,Matched broad public screener and configured penny/microcap filters.
LICN,Lichen International Limited Class A Ordinary Shares,1.03,16929930.0,4495.0,,4629.85,NASDAQ,Consumer Discretionary,Professional Services,,True,Matched broad public screener and configured penny/microcap filters.
MODD,Modular Medical Inc. Common Stock,2.08,16953712.0,70046.0,,145695.68,NASDAQ,Health Care,Medical/Dental Instruments,,True,Matched broad public screener and configured penny/microcap filters.
CDROW,Codere Online Luxembourg S.A. Warrants,0.375,17051218.0,300.0,,112.5,NASDAQ,Consumer Discretionary,Services-Misc. Amusement & Recreation,,True,Matched broad public screener and configured penny/microcap filters.
LPCN,Lipocine Inc. Common Stock,2.07,17065604.0,71211.0,,147406.77,NASDAQ,Health Care,Biotechnology: Pharmaceutical Preparations,,True,Matched broad public screener and configured penny/microcap filters.
LTRN,Lantern Pharma Inc. Common Stock,1.0,17135576.0,253580.0,,253580.0,NASDAQ,Health Care,Biotechnology: Pharmaceutical Preparations,,True,Matched broad public screener and configured penny/microcap filters.
SDOT,Sadot Group Inc. Common Stock,11.76,17141247.0,504891.0,,5937518.16,NASDAQ,Consumer Discretionary,Restaurants,,True,Matched broad public screener and configured penny/microcap filters.
GMM,Global Mofy AI Limited Class A Ordinary Shares,1.76,17161772.0,19443.0,,34219.68,NASDAQ,Technology,Computer Software: Programming Data Processing,,True,Matched broad public screener and configured penny/microcap filters.
RKTO,Rocket One Inc. Common Stock,0.6905,17191780.0,125161.0,,86423.67050000001,NASDAQ,Health Care,Biotechnology: Pharmaceutical Preparations,,True,Matched broad public screener and configured penny/microcap filters.
AKTX,Akari Therapeutics plc ADS,8.84,17211321.0,28609.0,,252903.56,NASDAQ,Health Care,Biotechnology: Pharmaceutical Preparations,,True,Matched broad public screener and configured penny/microcap filters.
DYAI,Dyadic International Inc. Common Stock,0.4296,17211367.0,82648.0,,35505.580799999996,NASDAQ,Health Care,Biotechnology: Biological Products (No Diagnostic Substances),,True,Matched broad public screener and configured penny/microcap filters.
EFOI,Energy Focus Inc. Common Stock,2.7036,17219829.0,4506.0,,12182.4216,NASDAQ,Consumer Discretionary,Building Products,,True,Matched broad public screener and configured penny/microcap filters.
LGPS,LogProstyle Inc. Common Shares,0.732,17283157.0,78892.0,,57748.943999999996,AMEX,Consumer Discretionary,Homebuilding,,True,Matched broad public screener and configured penny/microcap filters.
INTZ,Intrusion Inc. Common Stock,0.7102,17404838.0,20064.0,,14249.452800000001,NASDAQ,Telecommunications,Computer Communications Equipment,,True,Matched broad public screener and configured penny/microcap filters.
MRKR,Marker Therapeutics Inc. Common Stock,1.05,17506783.0,127498.0,,133872.9,NASDAQ,Health Care,Biotechnology: Pharmaceutical Preparations,,True,Matched broad public screener and configured penny/microcap filters.
YFOR,YYForce Inc. Class A Ordinary Shares,1.37,17587211.0,278560.0,,381627.2,NASDAQ,Consumer Discretionary,Professional Services,,True,Matched broad public screener and configured penny/microcap filters.
FEMY,Femasys Inc. Common Stock,2.1,17587557.0,51887.0,,108962.70000000001,NASDAQ,Health Care,Medical/Dental Instruments,,True,Matched broad public screener and configured penny/microcap filters.
CLRB,Cellectar Biosciences Inc.  Common Stock,1.87,17675442.0,30188.0,,56451.560000000005,NASDAQ,Health Care,Biotechnology: Pharmaceutical Preparations,,True,Matched broad public screener and configured penny/microcap filters.
MYND,Mynd.ai Inc. American Depositary Shares,0.375,17679227.0,11680613.0,,4380229.875,AMEX,Technology,Computer peripheral equipment,,True,Matched broad public screener and configured penny/microcap filters.
WCT,Wellchange Holdings Company Limited Class A Ordinary shares,1.67,17937580.0,6982035.0,,11659998.45,NASDAQ,Technology,Computer Software: Prepackaged Software,,True,Matched broad public screener and configured penny/microcap filters.
KSCP,Knightscope Inc. Class A Common Stock,0.7604,17959399.0,830240.0,,631314.4959999999,NASDAQ,Telecommunications,Telecommunications Equipment,,True,Matched broad public screener and configured penny/microcap filters.
ANNAW,AleAnna Inc. Warrant,0.2694,18032127.0,160.0,,43.104,NASDAQ,Energy,Oil & Gas Production,,True,Matched broad public screener and configured penny/microcap filters.
MDCXW,Medicus Pharma Ltd. Warrant,0.3,18050413.0,25.0,,7.5,NASDAQ,Health Care,Biotechnology: Pharmaceutical Preparations,,True,Matched broad public screener and configured penny/microcap filters.
YAAS,Youxin Technology Ltd Class A Ordinary shares,1.15,18071833.0,9972.0,,11467.8,NASDAQ,Technology,Computer Software: Prepackaged Software,,True,Matched broad public screener and configured penny/microcap filters.
GIFT,Giftify Inc. Common Stock,0.512,18137690.0,263915.0,,135124.48,NASDAQ,Consumer Discretionary,Catalog/Specialty Distribution,,True,Matched broad public screener and configured penny/microcap filters.
PSQH,PSQ Holdings Inc. Class A Common Stock,4.87,18151308.0,53265.0,,259400.55000000002,NYSE,Consumer Discretionary,Advertising,,True,Matched broad public screener and configured penny/microcap filters.
DUKR,DUKE Robotics Corp. Common Stock,5.305,18174813.0,5407.0,,28684.135,NASDAQ,Industrials,Aerospace,,True,Matched broad public screener and configured penny/microcap filters.
ACCS,ACCESS Newswire Inc. Common Stock,4.78,18294513.0,2903.0,,13876.34,AMEX,Consumer Discretionary,Professional Services,,True,Matched broad public screener and configured penny/microcap filters.
FMST,Foremost Clean Energy Ltd. Common Shares,0.611,18381717.0,75511.0,,46137.221,NASDAQ,Basic Materials,Other Metals and Minerals,,True,Matched broad public screener and configured penny/microcap filters.
FOXX,Foxx Development Holdings Inc. Common Stock,2.6,18394758.0,4243.0,,11031.800000000001,NASDAQ,Telecommunications,Computer Communications Equipment,,True,Matched broad public screener and configured penny/microcap filters.
UONE,Urban One Inc. Class A Common Stock,4.0,18459856.0,1452.0,,5808.0,NASDAQ,Consumer Discretionary,Broadcasting,,True,Matched broad public screener and configured penny/microcap filters.
QNME,Quanome Technologies Inc. Common Stock,0.5382,18528912.0,8124242.0,,4372467.0444,NASDAQ,Industrials,Integrated Freight & Logistics,,True,Matched broad public screener and configured penny/microcap filters.
SHPH,Shuttle Pharmaceuticals Holdings Inc. Common Stock,3.95,18820549.0,12309.0,,48620.55,NASDAQ,Health Care,Biotechnology: Pharmaceutical Preparations,,True,Matched broad public screener and configured penny/microcap filters.
HSCS,HeartSciences Inc. Common Stock,3.89,18842810.0,134384.0,,522753.76,NASDAQ,Health Care,Industrial Specialties,,True,Matched broad public screener and configured penny/microcap filters.
NEUP,Neuphoria Therapeutics Inc. Common Stock,3.51,18993782.0,14307.0,,50217.57,NASDAQ,Health Care,Biotechnology: Pharmaceutical Preparations,,True,Matched broad public screener and configured penny/microcap filters.
ZEO,Zeo Energy Corporation Class A Common Stock,0.3061,19034366.0,956020.0,,292637.722,NASDAQ,Miscellaneous,Industrial Machinery/Components,,True,Matched broad public screener and configured penny/microcap filters.
MDAIW,Spectral AI Inc. Warrants,0.5916,19040603.0,12858.0,,7606.7928,NASDAQ,Health Care,Medical/Dental Instruments,,True,Matched broad public screener and configured penny/microcap filters.
BCG,Binah Capital Group Inc. Common Stock,1.1186,19083463.0,44897.0,,50221.7842,NASDAQ,Finance,Finance: Consumer Services,,True,Matched broad public screener and configured penny/microcap filters.
EXYN,Exyn Technologies Inc. Common Stock,2.41,19169036.0,70667.0,,170307.47,NASDAQ,Technology,Computer Software: Prepackaged Software,,True,Matched broad public screener and configured penny/microcap filters.
LEDS,SemiLEDS Corporation Common Stock,2.3171,19170302.0,6078.0,,14083.3338,NASDAQ,Technology,Semiconductors,,True,Matched broad public screener and configured penny/microcap filters.
VNTG,Vantage Corp Class A Ordinary Shares,0.6299,19313295.0,1083404.0,,682436.1796,AMEX,Industrials,Integrated Freight & Logistics,,True,Matched broad public screener and configured penny/microcap filters.
TGHL,The GrowHub Limited Class A Ordinary Shares,0.7635,19316405.0,69378.0,,52970.102999999996,NASDAQ,Technology,EDP Services,,True,Matched broad public screener and configured penny/microcap filters.
SPPL,SIMPPLE LTD. Ordinary Shares,1.99,19474506.0,2006.0,,3991.94,NASDAQ,Consumer Discretionary,Diversified Commercial Services,,True,Matched broad public screener and configured penny/microcap filters.
DFNS,T3 Defense Inc. Common Stock,6.86,19484431.0,466596.0,,3200848.56,NASDAQ,Consumer Discretionary,Professional Services,,True,Matched broad public screener and configured penny/microcap filters.
NYC,American Strategic Investment Co. Class A Common Stock,6.165,19503791.0,945.0,,5825.925,NYSE,Real Estate,Real Estate Investment Trusts,,True,Matched broad public screener and configured penny/microcap filters.
RECT,Rectitude Holdings Ltd Ordinary Shares,1.26,19508265.0,5712.0,,7197.12,NASDAQ,Consumer Discretionary,Industrial Machinery/Components,,True,Matched broad public screener and configured penny/microcap filters.
CUPR,Cuprina Holdings (Cayman) Limited Class A Ordinary Shares,2.55,19512934.0,145124.0,,370066.19999999995,NASDAQ,Health Care,Industrial Specialties,,True,Matched broad public screener and configured penny/microcap filters.
CTRM,Castor Maritime Inc. Common Shares,2.02,19517955.0,37613.0,,75978.26,NASDAQ,Consumer Discretionary,Marine Transportation,,True,Matched broad public screener and configured penny/microcap filters.
KPTI,Karyopharm Therapeutics Inc. Common Stock,0.8668,19660290.0,2659980.0,,2305670.664,NASDAQ,Health Care,Biotechnology: Pharmaceutical Preparations,,True,Matched broad public screener and configured penny/microcap filters.
CHOW,ChowChow Cloud International Holdings Limited Ordinary Shares,0.5555,19714695.0,104590.0,,58099.745,AMEX,Technology,Computer Software: Prepackaged Software,,True,Matched broad public screener and configured penny/microcap filters.
CCHH,CCH Holdings Ltd Class A Ordinary Shares,1.0,19815727.0,38737.0,,38737.0,NASDAQ,Consumer Discretionary,Restaurants,,True,Matched broad public screener and configured penny/microcap filters.
BMR,Beamr Imaging Ltd. Ordinary Share,1.28,19878213.0,28523.0,,36509.44,NASDAQ,Technology,Computer Software: Prepackaged Software,,True,Matched broad public screener and configured penny/microcap filters.
JSPR,Jasper Therapeutics Inc. Common Stock,0.598,19898187.0,294577.0,,176157.046,NASDAQ,Health Care,Biotechnology: Biological Products (No Diagnostic Substances),,True,Matched broad public screener and configured penny/microcap filters.
PMEC,Primech Holdings Ltd. Ordinary Shares,0.5215,20034980.0,53946.0,,28132.838999999996,NASDAQ,Consumer Discretionary,Diversified Commercial Services,,True,Matched broad public screener and configured penny/microcap filters.
TCRX,TScan Therapeutics Inc. Common Stock,0.3175,20162097.0,624808.0,,198376.54,NASDAQ,Health Care,Biotechnology: Biological Products (No Diagnostic Substances),,True,Matched broad public screener and configured penny/microcap filters.
MNDO,MIND C.T.I. Ltd. Ordinary Shares,1.0,20185166.0,31571.0,,31571.0,NASDAQ,Technology,EDP Services,,True,Matched broad public screener and configured penny/microcap filters.
MWYN,Marwynn Holdings Inc. Common stock,1.0,20194804.0,29967.0,,29967.0,NASDAQ,Consumer Discretionary,Food Distributors,,True,Matched broad public screener and configured penny/microcap filters.
TLF,Tandy Leather Factory Inc. Common Stock,2.4701,20235244.0,5197.0,,12837.109699999999,NASDAQ,Consumer Discretionary,Apparel,,True,Matched broad public screener and configured penny/microcap filters.
TRSG,Tungray Technologies Inc Class A Ordinary Shares,1.24,20278321.0,12656.0,,15693.44,NASDAQ,Industrials,Industrial Machinery/Components,,True,Matched broad public screener and configured penny/microcap filters.
MXC,Mexco Energy Corporation Common Stock,9.97,20398620.0,91430.0,,911557.1000000001,AMEX,Energy,Oil & Gas Production,,True,Matched broad public screener and configured penny/microcap filters.
FEDU,Four Seasons Education (Cayman) Inc. American Depositary Shares each ADS representing 10 ordinary shares,9.05,20466014.0,149.0,,1348.45,NYSE,Real Estate,Other Consumer Services,,True,Matched broad public screener and configured penny/microcap filters.
AZIO,Azio AI Holdings Inc. Common Stock,1.19,20477339.0,182031.0,,216616.88999999998,NASDAQ,Consumer Discretionary,Auto Parts:O.E.M.,,True,Matched broad public screener and configured penny/microcap filters.
RVP,Retractable Technologies Inc. Common Stock,0.69,20656640.0,78134.0,,53912.46,AMEX,Health Care,Medical/Dental Instruments,,True,Matched broad public screener and configured penny/microcap filters.
ESLA,Estrella Immunopharma Inc. Common Stock,0.475,20661485.0,14740.0,,7001.5,NASDAQ,Health Care,Biotechnology: Biological Products (No Diagnostic Substances),,True,Matched broad public screener and configured penny/microcap filters.
GTEC,Greenland Technologies Holding Corporation Class A Ordinary Shares,0.7811,20733692.0,208435.0,,162808.5785,NASDAQ,Industrials,Industrial Machinery/Components,,True,Matched broad public screener and configured penny/microcap filters.
PBM,Psyence Biomedical Ltd. Common Shares,5.48,20902517.0,14978.0,,82079.44,NASDAQ,Health Care,Biotechnology: Pharmaceutical Preparations,,True,Matched broad public screener and configured penny/microcap filters.
SNAL,Snail Inc. Class A Common Stock,2.37,21225272.0,13540.0,,32089.800000000003,NASDAQ,Technology,Computer Software: Prepackaged Software,,True,Matched broad public screener and configured penny/microcap filters.
STAK,STAK Inc. Class A Ordinary Shares,1.11,21323487.0,288530.0,,320268.30000000005,NASDAQ,Consumer Discretionary,Oil and Gas Field Machinery,,True,Matched broad public screener and configured penny/microcap filters.
ACTU,Actuate Therapeutics Inc. Common stock,0.8892,21353428.0,494505.0,,439713.846,NASDAQ,Health Care,Biotechnology: Pharmaceutical Preparations,,True,Matched broad public screener and configured penny/microcap filters.
RADX,Radiopharm Theranostics Limited American Depositary Shares,1.48,21398577.0,48047.0,,71109.56,NASDAQ,Health Care,Biotechnology: Pharmaceutical Preparations,,True,Matched broad public screener and configured penny/microcap filters.
HOVRW,New Horizon Aircraft Ltd. Warrant,0.32,21479661.0,3613.0,,1156.16,NASDAQ,Industrials,Aerospace,,True,Matched broad public screener and configured penny/microcap filters.
UTSI,UTStarcom Holdings Corp. Ordinary Shares,2.27,21551630.0,3648.0,,8280.960000000001,NASDAQ,Telecommunications,Telecommunications Equipment,,True,Matched broad public screener and configured penny/microcap filters.
DUO,Fangdd Network Group Ltd. Class A Ordinary Shares,0.5591,21552418.0,100828.0,,56372.9348,NASDAQ,Finance,Real Estate,,True,Matched broad public screener and configured penny/microcap filters.
PAVM,PAVmed Inc. Common Stock,2.7,21588979.0,187973.0,,507527.10000000003,NASDAQ,Health Care,Medical/Dental Instruments,,True,Matched broad public screener and configured penny/microcap filters.
MERC,Mercer International Inc. Common Stock,0.3222,21593210.0,1092574.0,,352027.3428,NASDAQ,Basic Materials,Paper,,True,Matched broad public screener and configured penny/microcap filters.
CKX,CKX Lands Inc. Common Stock,10.52,21598917.0,4021.0,,42300.92,AMEX,Energy,Oil & Gas Production,,True,Matched broad public screener and configured penny/microcap filters.
UPC,Universe Pharmaceuticals Inc. Class A Ordinary Shares,4.31,21655121.0,228762.0,,985964.2199999999,NASDAQ,Health Care,Biotechnology: Pharmaceutical Preparations,,True,Matched broad public screener and configured penny/microcap filters.
LOOP,Loop Industries Inc. Common Stock,0.4495,21746977.0,264587.0,,118931.85650000001,NASDAQ,Industrials,Major Chemicals,,True,Matched broad public screener and configured penny/microcap filters.
PSHG,Performance Shipping Inc. Common Shares,1.75,21755052.0,27487.0,,48102.25,NASDAQ,Consumer Discretionary,Marine Transportation,,True,Matched broad public screener and configured penny/microcap filters.
COCP,Cocrystal Pharma Inc. Common Stock,1.14,21960048.0,68049.0,,77575.86,NASDAQ,Health Care,Biotechnology: Pharmaceutical Preparations,,True,Matched broad public screener and configured penny/microcap filters.
EHTH,eHealth Inc. Common Stock,0.6917,22156987.0,278916.0,,192926.1972,NASDAQ,Finance,Specialty Insurers,,True,Matched broad public screener and configured penny/microcap filters.
MSGM,Motorsport Games Inc. Class A Common Stock,4.84,22209802.0,114994.0,,556570.96,NASDAQ,Technology,Computer Software: Prepackaged Software,,True,Matched broad public screener and configured penny/microcap filters.
BIOX,Bioceres Crop Solutions Corp. Ordinary Shares,0.3493,22290891.0,35200.0,,12295.36,NASDAQ,Industrials,Agricultural Chemicals,,True,Matched broad public screener and configured penny/microcap filters.
SKYQ,Sky Quarry Inc. Common Stock,2.54,22436811.0,497210.0,,1262913.4,NASDAQ,Industrials,Environmental Services,,True,Matched broad public screener and configured penny/microcap filters.
JVA,Coffee Holding Co. Inc. Common Stock,3.94,22491880.0,36114.0,,142289.16,NASDAQ,Consumer Staples,Packaged Foods,,True,Matched broad public screener and configured penny/microcap filters.
ASTI,Ascent Solar Technologies Inc. Common Stock,2.3,22577791.0,789480.0,,1815803.9999999998,NASDAQ,Technology,Semiconductors,,True,Matched broad public screener and configured penny/microcap filters.
QNRX,Quoin Pharmaceuticals Ltd. American Depositary Shares,4.72,22675640.0,17465.0,,82434.8,NASDAQ,Health Care,Biotechnology: Pharmaceutical Preparations,,True,Matched broad public screener and configured penny/microcap filters.
KMRK,K-Tech Solutions Company Limited Class A Ordinary Shares,1.075,22682500.0,33062.0,,35541.65,NASDAQ,Consumer Discretionary,Recreational Games/Products/Toys,,True,Matched broad public screener and configured penny/microcap filters.
NXTC,NextCure Inc. Common Stock,4.96,22703701.0,46592.0,,231096.32,NASDAQ,Health Care,Biotechnology: Pharmaceutical Preparations,,True,Matched broad public screener and configured penny/microcap filters.
AYTU,Aytu BioPharma Inc.  Common Stock,2.09,22711420.0,29933.0,,62559.969999999994,NASDAQ,Health Care,Biotechnology: Pharmaceutical Preparations,,True,Matched broad public screener and configured penny/microcap filters.
LIVE,Live Ventures Incorporated Common Stock,7.43,22822404.0,6417.0,,47678.31,NASDAQ,Consumer Discretionary,Other Specialty Stores,,True,Matched broad public screener and configured penny/microcap filters.
AIFF,Firefly Neuroscience Inc. Common Stock,1.46,22907861.0,407997.0,,595675.62,NASDAQ,Technology,Computer Software: Prepackaged Software,,True,Matched broad public screener and configured penny/microcap filters.
ZTG,Zenta Group Company Limited Class A Ordinary Shares,0.956,23027343.0,72606.0,,69411.336,NASDAQ,Consumer Discretionary,Professional Services,,True,Matched broad public screener and configured penny/microcap filters.
VIDA,VIDA Global Inc. Class A Common Stock,1.58,23041033.0,42072.0,,66473.76000000001,AMEX,Technology,Computer Software: Prepackaged Software,,True,Matched broad public screener and configured penny/microcap filters.
BBGI,Beasley Broadcast Group Inc. Class A Common Stock,11.23,23052394.0,42033.0,,472030.59,NASDAQ,Consumer Discretionary,Broadcasting,,True,Matched broad public screener and configured penny/microcap filters.
INLX,Intellinetics Inc. Common Stock,5.1525,23160457.0,629.0,,3240.9225,AMEX,Technology,Computer Software: Prepackaged Software,,True,Matched broad public screener and configured penny/microcap filters.
BENF,Beneficient Class A Common Stock,1.51,23338140.0,4343002.0,,6557933.0200000005,NASDAQ,Finance,Finance: Consumer Services,,True,Matched broad public screener and configured penny/microcap filters.
AWRE,Aware Inc. Common Stock,1.07,23339522.0,47221.0,,50526.47,NASDAQ,Technology,Computer Software: Prepackaged Software,,True,Matched broad public screener and configured penny/microcap filters.
PRT,PermRock Royalty Trust Units of Beneficial Interest,1.92,23358205.0,21457.0,,41197.439999999995,NYSE,Energy,Oil & Gas Production,,True,Matched broad public screener and configured penny/microcap filters.
HKIT,Hitek Global Inc. Class A Ordinary Share,2.61,23468755.0,19882.0,,51892.02,NASDAQ,Technology,Computer Software: Prepackaged Software,,True,Matched broad public screener and configured penny/microcap filters.
TXMD,TherapeuticsMD Inc. Common Stock,2.03,23495955.0,20387.0,,41385.60999999999,NASDAQ,Health Care,Biotechnology: Pharmaceutical Preparations,,True,Matched broad public screener and configured penny/microcap filters.
BEAT,Heartbeam Inc. Common Stock,0.419,23610303.0,1785864.0,,748277.016,NASDAQ,Health Care,Medical/Dental Instruments,,True,Matched broad public screener and configured penny/microcap filters.
NXPL,NextPlat Corp Common Stock,8.71,23632164.0,4931.0,,42949.01,NASDAQ,Telecommunications,Telecommunications Equipment,,True,Matched broad public screener and configured penny/microcap filters.
PAPL,Pineapple Financial Inc. Common Stock,0.9385,23717018.0,125028.0,,117338.778,AMEX,Finance,Finance: Consumer Services,,True,Matched broad public screener and configured penny/microcap filters.
MRNO,Murano Global Investments PLC Ordinary Shares,0.3015,23891726.0,179737.0,,54190.7055,NASDAQ,Consumer Discretionary,Hotels/Resorts,,True,Matched broad public screener and configured penny/microcap filters.
JDZG,JIADE LIMITED Class A Ordinary Shares,4.41,23952840.0,536291.0,,2365043.31,NASDAQ,Real Estate,Other Consumer Services,,True,Matched broad public screener and configured penny/microcap filters.
KTCC,Key Tronic Corporation Common Stock,2.18,24123634.0,17224.0,,37548.32,NASDAQ,Technology,Electrical Products,,True,Matched broad public screener and configured penny/microcap filters.
REFR,Research Frontiers Incorporated Common Stock,0.6949,24229624.0,162370.0,,112830.913,NASDAQ,Miscellaneous,Multi-Sector Companies,,True,Matched broad public screener and configured penny/microcap filters.
GRAN,Grande Group Limited Class A Ordinary Shares,0.98,24408125.0,5716.0,,5601.68,NASDAQ,Finance,Finance: Consumer Services,,True,Matched broad public screener and configured penny/microcap filters.
GRDX,GridAI Technologies Corp. Common Stock,3.44,24531063.0,73130.0,,251567.19999999998,NASDAQ,Health Care,Biotechnology: Pharmaceutical Preparations,,True,Matched broad public screener and configured penny/microcap filters.
BLIV,BeLive Holdings Ordinary Share,2.26,24554453.0,22483.0,,50811.579999999994,NASDAQ,Technology,EDP Services,,True,Matched broad public screener and configured penny/microcap filters.
LOCL,Local Bounti Corporation Common Stock,1.06,24782926.0,12860.0,,13631.6,NYSE,Consumer Staples,Farming/Seeds/Milling,,True,Matched broad public screener and configured penny/microcap filters.
SWAG,Stran & Company Inc. Common Stock,1.33,24790653.0,49927.0,,66402.91,NASDAQ,Consumer Discretionary,Advertising,,True,Matched broad public screener and configured penny/microcap filters.
JAGU,Jaguar Uranium Corp. Class A Common Shares,1.23,24838346.0,420760.0,,517534.8,AMEX,Basic Materials,Metal Mining,,True,Matched broad public screener and configured penny/microcap filters.
PLRZ,Polyrizon Ltd. Ordinary Shares,10.32,25063193.0,2031.0,,20959.920000000002,NASDAQ,Health Care,Medical/Dental Instruments,,True,Matched broad public screener and configured penny/microcap filters.
PRHI,Presurance Holdings Inc. Common Stock,6.7,25098816.0,27050.0,,181235.0,NASDAQ,Finance,Property-Casualty Insurers,,True,Matched broad public screener and configured penny/microcap filters.
DXLG,Destination XL Group Inc. Common Stock,0.4601,25514178.0,60598.0,,27881.1398,NASDAQ,Consumer Discretionary,Clothing/Shoe/Accessory Stores,,True,Matched broad public screener and configured penny/microcap filters.
ADSEW,ADS-TEC ENERGY PLC Warrant,0.3398,25529082.0,14424.0,,4901.2752,NASDAQ,Consumer Discretionary,Industrial Specialties,,True,Matched broad public screener and configured penny/microcap filters.
BEEM,Beam Global Common Stock,1.13,25575646.0,271101.0,,306344.12999999995,NASDAQ,Miscellaneous,Industrial Machinery/Components,,True,Matched broad public screener and configured penny/microcap filters.
MCRP,Micropolis AI Robotics Ordinary Shares,0.735,25643009.0,342323.0,,251607.405,AMEX,Consumer Discretionary,Auto Parts:O.E.M.,,True,Matched broad public screener and configured penny/microcap filters.
USEA,United Maritime Corporation Common Stock,2.695,25705285.0,93243.0,,251289.88499999998,NASDAQ,Consumer Discretionary,Marine Transportation,,True,Matched broad public screener and configured penny/microcap filters.
FFR,FF EAI Robotics Ecosystem Inc. Common Stock,1.22,25752838.0,1370978.0,,1672593.16,NASDAQ,Finance,Finance: Consumer Services,,True,Matched broad public screener and configured penny/microcap filters.
NOMA,NOMADAR Corp. Class A Common Stock,1.69,25829164.0,19967.0,,33744.229999999996,NASDAQ,Consumer Discretionary,Services-Misc. Amusement & Recreation,,True,Matched broad public screener and configured penny/microcap filters.
AXG,Solowin Holdings Class A Ordinary Share,0.129,25930403.0,7761998.0,,1001297.7420000001,NASDAQ,Finance,Investment Bankers/Brokers/Service,,True,Matched broad public screener and configured penny/microcap filters.
OCCI,OFS Credit Company Inc. Common Stock,2.25,26137148.0,174569.0,,392780.25,NASDAQ,Finance,Trusts Except Educational Religious and Charitable,,True,Matched broad public screener and configured penny/microcap filters.
RNAZ,TransCode Therapeutics Inc. Common Stock,1.545,26157992.0,16720.0,,25832.399999999998,NASDAQ,Health Care,Biotechnology: Pharmaceutical Preparations,,True,Matched broad public screener and configured penny/microcap filters.
ORIO,Orion Digital Corp. Common Shares,1.1,26159100.0,85409.0,,93949.90000000001,NASDAQ,Finance,Finance: Consumer Services,,True,Matched broad public screener and configured penny/microcap filters.
KYNB,Kyntra Bio Inc. Common Stock,6.5,26319306.0,24014.0,,156091.0,NASDAQ,Health Care,Biotechnology: Pharmaceutical Preparations,,True,Matched broad public screener and configured penny/microcap filters.
AAME,Atlantic American Corporation Common Stock,1.3,26516396.0,11859.0,,15416.7,NASDAQ,Finance,Life Insurance,,True,Matched broad public screener and configured penny/microcap filters.
OPTH,Optimi Health Corp. Common Shares,4.64,26568023.0,30908.0,,143413.12,NASDAQ,Health Care,Biotechnology: Pharmaceutical Preparations,,True,Matched broad public screener and configured penny/microcap filters.
CRWS,Crown Crafts Inc Common Stock,2.49,26793115.0,69550.0,,173179.50000000003,NASDAQ,Consumer Discretionary,Textiles,,True,Matched broad public screener and configured penny/microcap filters.
MF,MindForge Inc. Class A Ordinary Shares,14.76,26810064.0,81284.0,,1199751.84,NASDAQ,Technology,Computer Software: Programming Data Processing,,True,Matched broad public screener and configured penny/microcap filters.
ABVC,ABVC BioPharma Inc. Common Stock,1.02,27228366.0,138635.0,,141407.7,NASDAQ,Health Care,Biotechnology: Pharmaceutical Preparations,,True,Matched broad public screener and configured penny/microcap filters.
LFT,Lument Finance Trust Inc. Common Stock,5.19,27240301.0,47966.0,,248943.54,NYSE,Real Estate,Real Estate Investment Trusts,,True,Matched broad public screener and configured penny/microcap filters.
BRLS,Borealis Foods Inc. Class A Common Shares,1.29,27687665.0,300.0,,387.0,NASDAQ,Consumer Staples,Packaged Foods,,True,Matched broad public screener and configured penny/microcap filters.
SST,System1 Inc. Class A Common Stock,2.64,27690033.0,67194.0,,177392.16,NYSE,Technology,Computer Software: Programming Data Processing,,True,Matched broad public screener and configured penny/microcap filters.
QNTM,Quantum Biopharma Ltd. Class B Subordinate Voting Shares,3.425,27699759.0,82730.0,,283350.25,NASDAQ,Health Care,Biotechnology: Pharmaceutical Preparations,,True,Matched broad public screener and configured penny/microcap filters.
IGC,IGC Pharma Inc. Common Stock,0.27,27913682.0,459184.0,,123979.68000000001,AMEX,Health Care,Biotechnology: Pharmaceutical Preparations,,True,Matched broad public screener and configured penny/microcap filters.
EONR,EON Resources Inc. Class A Common Stock,0.5001,27918013.0,724260.0,,362202.426,AMEX,Energy,Oil & Gas Production,,True,Matched broad public screener and configured penny/microcap filters.
PDC,Perpetuals.com Ltd American Depositary Shares,3.45,27993776.0,11610.0,,40054.5,NASDAQ,Technology,EDP Services,,True,Matched broad public screener and configured penny/microcap filters.
BLNE,Beeline Holdings Inc. Common Stock,0.8516,28041611.0,128369.0,,109319.0404,NASDAQ,Finance,Finance: Consumer Services,,True,Matched broad public screener and configured penny/microcap filters.
CPHI,China Pharma Holdings Inc. Common Stock,0.653,28093367.0,101335.0,,66171.755,AMEX,Health Care,Biotechnology: Pharmaceutical Preparations,,True,Matched broad public screener and configured penny/microcap filters.
FKWL,Franklin Wireless Corp. Common Stock,2.39,28164429.0,26412.0,,63124.68,NASDAQ,Utilities,Telecommunications Equipment,,True,Matched broad public screener and configured penny/microcap filters.
PFAI,Pinnacle Food Group Limited Class A Common Shares,2.4,28167792.0,4493.0,,10783.199999999999,NASDAQ,Consumer Staples,Farming/Seeds/Milling,,True,Matched broad public screener and configured penny/microcap filters.
AIFA,All In FutureTech Alliance Inc. Common Stock,4.395,28217289.0,77342.0,,339918.08999999997,NASDAQ,Consumer Discretionary,Services-Misc. Amusement & Recreation,,True,Matched broad public screener and configured penny/microcap filters.
SPHL,Springview Holdings Ltd Class A Ordinary Shares,2.31,28325174.0,8328.0,,19237.68,NASDAQ,Consumer Discretionary,Homebuilding,,True,Matched broad public screener and configured penny/microcap filters.
FLD,Fold Holdings Inc. Class A Common Stock,0.5172,28378355.0,63037.0,,32602.736399999998,NASDAQ,Finance,Finance: Consumer Services,,True,Matched broad public screener and configured penny/microcap filters.
YMT,Yimutian Inc. American Depositary Shares,1.12,28434638.0,292469.0,,327565.28,NASDAQ,Technology,EDP Services,,True,Matched broad public screener and configured penny/microcap filters.
GNS,Genius Group Limited Ordinary Shares,0.1488,28561789.0,163469996.0,,24324335.404799998,AMEX,Technology,Computer Software: Prepackaged Software,,True,Matched broad public screener and configured penny/microcap filters.
QRHC,Quest Resource Holding Corporation Common Stock,1.36,28686284.0,31150.0,,42364.0,NASDAQ,Utilities,Environmental Services,,True,Matched broad public screener and configured penny/microcap filters.
EVAX,Evaxion A/S American Depositary Share,3.18,28688316.0,38126.0,,121240.68000000001,NASDAQ,Health Care,Biotechnology: Biological Products (No Diagnostic Substances),,True,Matched broad public screener and configured penny/microcap filters.
DFDVW,DeFi Development Corp. Warrant,0.88,28706295.0,13740.0,,12091.2,NASDAQ,Finance,Finance: Consumer Services,,True,Matched broad public screener and configured penny/microcap filters.
NSPR,InspireMD Inc. Common Stock,0.6196,28804658.0,86938.0,,53866.7848,NASDAQ,Health Care,Medical/Dental Instruments,,True,Matched broad public screener and configured penny/microcap filters.
ATYR,aTyr Pharma Inc. Common Stock,0.2941,28847512.0,2195622.0,,645732.4302,NASDAQ,Health Care,Biotechnology: Biological Products (No Diagnostic Substances),,True,Matched broad public screener and configured penny/microcap filters.
RCON,Recon Technology Ltd. Class A Ordinary Shares,1.3,28854719.0,92535.0,,120295.5,NASDAQ,Energy,Oilfield Services/Equipment,,True,Matched broad public screener and configured penny/microcap filters.
CNTX,Context Therapeutics Inc. Common Stock,0.3144,28886813.0,1140609.0,,358607.4696,NASDAQ,Health Care,Biotechnology: Pharmaceutical Preparations,,True,Matched broad public screener and configured penny/microcap filters.
NTRP,NextTrip Inc. Common Stock,1.92,28965314.0,132929.0,,255223.68,NASDAQ,Consumer Discretionary,Transportation Services,,True,Matched broad public screener and configured penny/microcap filters.
YI,111 Inc. American Depositary Shares,3.305,29073966.0,9691.0,,32028.755,NASDAQ,Consumer Staples,Retail-Drug Stores and Proprietary Stores,,True,Matched broad public screener and configured penny/microcap filters.
GPUS,Hyperscale Data Inc. Common Stock,0.1644,29091752.0,63016233.0,,10359868.7052,AMEX,Technology,Industrial Machinery/Components,,True,Matched broad public screener and configured penny/microcap filters.
AEI,Alset Inc. Common Stock (TX),0.7521,29253554.0,49706.0,,37383.8826,NASDAQ,Finance,Real Estate,,True,Matched broad public screener and configured penny/microcap filters.
RAND,Rand Capital Corporation Common Stock,9.875,29326913.0,1047.0,,10339.125,NASDAQ,Finance,Finance: Consumer Services,,True,Matched broad public screener and configured penny/microcap filters.
MCRB,Seres Therapeutics Inc. Common Stock,2.93,29431208.0,247346.0,,724723.78,NASDAQ,Health Care,Biotechnology: Pharmaceutical Preparations,,True,Matched broad public screener and configured penny/microcap filters.
CNTY,Century Casinos Inc. Common Stock,1.05,29544577.0,47720.0,,50106.0,NASDAQ,Consumer Discretionary,Hotels/Resorts,,True,Matched broad public screener and configured penny/microcap filters.
XTIA,XTI Aerospace Inc. Common Stock,0.7704,29643289.0,545522.0,,420270.14879999997,NASDAQ,Technology,EDP Services,,True,Matched broad public screener and configured penny/microcap filters.
DRK,DarkHorse Technologies Inc. Common Shares,2.86,29662424.0,184606.0,,527973.16,NASDAQ,Finance,Finance: Consumer Services,,True,Matched broad public screener and configured penny/microcap filters.
PETS,PetMed Express Inc. Common Stock,1.37,29700112.0,55287.0,,75743.19,NASDAQ,Consumer Staples,Retail-Drug Stores and Proprietary Stores,,True,Matched broad public screener and configured penny/microcap filters.
VAI,Valor Energy Incorporated Common Stock,2.06,29988427.0,55926.0,,115207.56,NASDAQ,Consumer Discretionary,Rental/Leasing Companies,,True,Matched broad public screener and configured penny/microcap filters.
CLPS,CLPS Incorporation Common Stock,1.01,30040887.0,6014.0,,6074.14,NASDAQ,Technology,Computer Software: Prepackaged Software,,True,Matched broad public screener and configured penny/microcap filters.
ARBK,Argo Blockchain plc American Depositary Shares,2.25,30060077.0,7694.0,,17311.5,NASDAQ,Finance,Finance: Consumer Services,,True,Matched broad public screener and configured penny/microcap filters.
EDHL,Everbright Digital Holding Limited Ordinary Shares,5.06,30153932.0,90332.0,,457079.92,NASDAQ,Consumer Discretionary,Advertising,,True,Matched broad public screener and configured penny/microcap filters.
BGDE,Big Digital Energy Inc. Common Stock,5.28,30191304.0,30994.0,,163648.32,NASDAQ,Finance,Finance: Consumer Services,,True,Matched broad public screener and configured penny/microcap filters.
ENRDW,Einride AB Warrants,0.207,30364687.0,34551.0,,7152.057,NASDAQ,Technology,EDP Services,,True,Matched broad public screener and configured penny/microcap filters.
CVV,CVD Equipment Corporation Common Stock,4.37,30376757.0,59423.0,,259678.51,NASDAQ,Technology,Industrial Machinery/Components,,True,Matched broad public screener and configured penny/microcap filters.
MIRA,MIRA Pharmaceuticals Inc. Common Stock,0.723,30381969.0,668290.0,,483173.67,NASDAQ,Health Care,Biotechnology: Pharmaceutical Preparations,,True,Matched broad public screener and configured penny/microcap filters.
SPRU,Spruce Power Holding Corporation Class A Common Stock,1.58,30418454.0,81849.0,,129321.42000000001,NYSE,Utilities,Electric Utilities: Central,,True,Matched broad public screener and configured penny/microcap filters.
EHLD,Euroholdings Ltd. Common Stock ,10.82,30475774.0,3392.0,,36701.44,NASDAQ,Consumer Discretionary,Marine Transportation,,True,Matched broad public screener and configured penny/microcap filters.
ATCH,AtlasClear Holdings Inc. Common Stock,0.201,30519588.0,1469765.0,,295422.765,AMEX,Finance,Finance: Consumer Services,,True,Matched broad public screener and configured penny/microcap filters.
DAIO,Data I/O Corporation Common Stock,2.94,30563143.0,27841.0,,81852.54,NASDAQ,Industrials,Electrical Products,,True,Matched broad public screener and configured penny/microcap filters.
RYET,Ruanyun Edai Technology Inc. Ordinary shares,0.8206,30591971.0,8805.0,,7225.383,NASDAQ,Technology,Computer Software: Prepackaged Software,,True,Matched broad public screener and configured penny/microcap filters.
COHN,Cohen & Company Inc.,9.58,30933533.0,12368.0,,118485.44,AMEX,Finance,Investment Bankers/Brokers/Service,,True,Matched broad public screener and configured penny/microcap filters.
ANPA,Rich Sparkle Holdings Limited Ordinary Shares,2.06,31109615.0,14223.0,,29299.38,NASDAQ,Consumer Discretionary,Other Consumer Services,,True,Matched broad public screener and configured penny/microcap filters.
MNY,MoneyHero Limited Class A Ordinary Shares,0.7002,31112139.0,16537.0,,11579.207400000001,NASDAQ,Consumer Discretionary,Business Services,,True,Matched broad public screener and configured penny/microcap filters.
FGC,FG Communities Holdings Inc. Common Stock ,6.625,31187949.0,28903.0,,191482.375,NASDAQ,Finance,Property-Casualty Insurers,,True,Matched broad public screener and configured penny/microcap filters.
VTSI,VirTra Inc. Common Stock,2.76,31242162.0,32751.0,,90392.76,NASDAQ,Consumer Discretionary,Miscellaneous manufacturing industries,,True,Matched broad public screener and configured penny/microcap filters.
NSYS,Nortech Systems Incorporated Common Stock,10.96,31277275.0,2861.0,,31356.56,NASDAQ,Technology,Industrial Machinery/Components,,True,Matched broad public screener and configured penny/microcap filters.
FIEE,FiEE Inc Common Stock,3.68,31385241.0,6139.0,,22591.52,NASDAQ,Utilities,Telecommunications Equipment,,True,Matched broad public screener and configured penny/microcap filters.
BDMD,Baird Medical Investment Holdings Ltd Ordinary Share,0.7443,31497907.0,56966.0,,42399.7938,NASDAQ,Health Care,Medical/Dental Instruments,,True,Matched broad public screener and configured penny/microcap filters.
FTFT,Future FinTech Group Inc. Common Stock,3.36,31500000.0,87692.0,,294645.12,NASDAQ,Consumer Discretionary,Business Services,,True,Matched broad public screener and configured penny/microcap filters.
ARAY,Accuray Incorporated Common Stock,0.2672,31914183.0,2671423.0,,713804.2256,NASDAQ,Health Care,Medical/Dental Instruments,,True,Matched broad public screener and configured penny/microcap filters.
WKHS,Workhorse Group Inc. Common Stock,2.94,32130040.0,42281.0,,124306.14,NASDAQ,Industrials,Auto Manufacturing,,True,Matched broad public screener and configured penny/microcap filters.
NNVC,NanoViricides Inc. Common Stock,1.26,32161500.0,205166.0,,258509.16,AMEX,Health Care,Biotechnology: Pharmaceutical Preparations,,True,Matched broad public screener and configured penny/microcap filters.
ANGH,Anghami Inc. Ordinary Shares,3.57,32361365.0,1208.0,,4312.5599999999995,NASDAQ,Consumer Discretionary,Telecommunications Equipment,,True,Matched broad public screener and configured penny/microcap filters.
BHM,Bluerock Homes Trust Inc. Class A Common Stock,7.92,32535582.0,596.0,,4720.32,AMEX,Real Estate,Real Estate Investment Trusts,,True,Matched broad public screener and configured penny/microcap filters.
UG,United-Guardian Inc. Common Stock,7.1,32619665.0,8188.0,,58134.799999999996,NASDAQ,Consumer Discretionary,Package Goods/Cosmetics,,True,Matched broad public screener and configured penny/microcap filters.
SRXH,SRX Global Inc. Common Stock,1.61,32627280.0,627113.0,,1009651.93,AMEX,Consumer Staples,Beverages (Production/Distribution),,True,Matched broad public screener and configured penny/microcap filters.
BOSC,B.O.S. Better Online Solutions Common Stock,4.63,32640620.0,13000.0,,60190.0,NASDAQ,Telecommunications,Computer Communications Equipment,,True,Matched broad public screener and configured penny/microcap filters.
CCEL,Cryo-Cell International Inc. Common Stock,4.05,32653733.0,27901.0,,112999.04999999999,AMEX,Health Care,Misc Health and Biotechnology Services,,True,Matched broad public screener and configured penny/microcap filters.
TAOX,Tao Synergies Inc. Common Stock,4.39,32851432.0,132601.0,,582118.39,NASDAQ,Finance,Finance: Consumer Services,,True,Matched broad public screener and configured penny/microcap filters.
ONMD,OneMedNet Corp Class A Common Stock,5.5,33069251.0,67091.0,,369000.5,NASDAQ,Health Care,Biotechnology: Commercial Physical & Biological Resarch,,True,Matched broad public screener and configured penny/microcap filters.
JFU,9F Inc. American Depositary Shares,2.81,33083066.0,23.0,,64.63,NASDAQ,Finance,Finance: Consumer Services,,True,Matched broad public screener and configured penny/microcap filters.
FUFUW,BitFuFu Inc. Warrant,0.2,33330720.0,1799.0,,359.8,NASDAQ,Finance,Finance: Consumer Services,,True,Matched broad public screener and configured penny/microcap filters.
ITOC,iTonic Holdings Ltd Class A Ordinary Shares,0.2858,33452890.0,106173.0,,30344.2434,NASDAQ,Health Care,Biotechnology: Electromedical & Electrotherapeutic Apparatus,,True,Matched broad public screener and configured penny/microcap filters.
IMMP,Immutep Limited American Depositary Shares,4.54,33453476.0,11139.0,,50571.06,NASDAQ,Health Care,Biotechnology: Pharmaceutical Preparations,,True,Matched broad public screener and configured penny/microcap filters.
BYSI,BeyondSpring Inc. Ordinary Shares,0.8137,33459198.0,69868.0,,56851.5916,NASDAQ,Health Care,Biotechnology: Pharmaceutical Preparations,,True,Matched broad public screener and configured penny/microcap filters.
SJ,Scienjoy Holding Corporation Class A Ordinary Shares ,0.7888,33494631.0,11696.0,,9225.8048,NASDAQ,Technology,EDP Services,,True,Matched broad public screener and configured penny/microcap filters.
CREX,Creative Realities Inc. Common Stock,2.48,33545735.0,34468.0,,85480.64,NASDAQ,Technology,EDP Services,,True,Matched broad public screener and configured penny/microcap filters.
SVIAW,Silvia Inc. Warrant,0.4,33724176.0,107.0,,42.800000000000004,NASDAQ,Finance,Finance: Consumer Services,,True,Matched broad public screener and configured penny/microcap filters.
BHST,BioHarvest Sciences Inc. Common Stock,1.49,33775085.0,29118.0,,43385.82,NASDAQ,,,,True,Matched broad public screener and configured penny/microcap filters.
HHS,Harte Hanks Inc. Common Stock,4.54,33842250.0,48804.0,,221570.16,NASDAQ,Consumer Discretionary,Advertising,,True,Matched broad public screener and configured penny/microcap filters.
STRRP,Star Equity Holdings Inc. 10% Series A Cumulative Perpetual Preferred Stock,9.285,34256107.0,1260.0,,11699.1,NASDAQ,Consumer Discretionary,Professional Services,,True,Matched broad public screener and configured penny/microcap filters.
ALGS,Aligos Therapeutics Inc. Common Stock,5.5,34345069.0,28264.0,,155452.0,NASDAQ,Health Care,Biotechnology: Biological Products (No Diagnostic Substances),,True,Matched broad public screener and configured penny/microcap filters.
BODI,The Beachbody Company Inc. Class A Common Stock,4.75,34489665.0,33428.0,,158783.0,NASDAQ,Consumer Discretionary,Other Consumer Services,,True,Matched broad public screener and configured penny/microcap filters.
RMTI,Rockwell Medical Inc. Common Stock,8.57,34541085.0,11140.0,,95469.8,NASDAQ,Health Care,Biotechnology: Pharmaceutical Preparations,,True,Matched broad public screener and configured penny/microcap filters.
RYOJ,rYojbaba Co. Ltd. Common Shares,3.031,35008050.0,2345.0,,7107.695000000001,NASDAQ,Consumer Discretionary,Professional Services,,True,Matched broad public screener and configured penny/microcap filters.
FTCI,FTC Solar Inc. Common Stock,2.135,35273180.0,297920.0,,636059.2,NASDAQ,Technology,Semiconductors,,True,Matched broad public screener and configured penny/microcap filters.
GROW,U.S. Global Investors Inc. Class A Common Stock,2.87,35295823.0,17553.0,,50377.11,NASDAQ,Finance,Investment Managers,,True,Matched broad public screener and configured penny/microcap filters.
GAIA,Gaia Inc. Class A Common Stock,1.39,35341852.0,96262.0,,133804.18,NASDAQ,Consumer Discretionary,Movies/Entertainment,,True,Matched broad public screener and configured penny/microcap filters.
LVO,LiveOne Inc. Common Stock,2.58,35376416.0,81338.0,,209852.04,NASDAQ,Consumer Discretionary,Restaurants,,True,Matched broad public screener and configured penny/microcap filters.
ELUT,Elutia Inc. Class A Common Stock,0.8,35431384.0,6053131.0,,4842504.8,NASDAQ,Health Care,Biotechnology: Biological Products (No Diagnostic Substances),,True,Matched broad public screener and configured penny/microcap filters.
TOON,Kartoon Studios Inc. Common Stock,0.5703,35475001.0,250295.0,,142743.2385,AMEX,Consumer Discretionary,Movies/Entertainment,,True,Matched broad public screener and configured penny/microcap filters.
CNF,CNFinance Holdings Limited American Depositary Shares each representing two hundred (200) Ordinary Shares,2.0,35595770.0,841.0,,1682.0,NYSE,Finance,Finance: Consumer Services,,True,Matched broad public screener and configured penny/microcap filters.
BCTX,BriaCell Therapeutics Corp. Common Shares,4.11,35756125.0,61618.0,,253249.98,NASDAQ,Health Care,Biotechnology: Pharmaceutical Preparations,,True,Matched broad public screener and configured penny/microcap filters.
SNT,Senstar Technologies Corporation Common Shares,1.54,35930746.0,14142.0,,21778.68,NASDAQ,Telecommunications,Telecommunications Equipment,,True,Matched broad public screener and configured penny/microcap filters.
ACCL,Acco Group Holdings Limited Class A Ordinary Shares,2.59,36001000.0,7505.0,,19437.95,NASDAQ,Consumer Discretionary,Professional Services,,True,Matched broad public screener and configured penny/microcap filters.
BRAG,Bragg Gaming Group Inc. Common Shares,1.16,36033549.0,22711.0,,26344.76,NASDAQ,Technology,Office Equipment/Supplies/Services,,True,Matched broad public screener and configured penny/microcap filters.
ATNM,Actinium Pharmaceuticals Inc. (Delaware) Common Stock,1.15,36157651.0,90841.0,,104467.15,AMEX,Health Care,Biotechnology: Pharmaceutical Preparations,,True,Matched broad public screener and configured penny/microcap filters.
WAVE,Eco Wave Power Global AB (publ) American Depositary Shares,5.8,36190051.0,6155.0,,35699.0,NASDAQ,Utilities,Electric Utilities: Central,,True,Matched broad public screener and configured penny/microcap filters.
SLND,Southland Holdings Inc. Common Stock,0.668,36362752.0,1448159.0,,967370.212,AMEX,Industrials,Military/Government/Technical,,True,Matched broad public screener and configured penny/microcap filters.
STRR,Star Equity Holdings Inc. Common Stock,9.87,36414408.0,2747.0,,27112.89,NASDAQ,Consumer Discretionary,Professional Services,,True,Matched broad public screener and configured penny/microcap filters.
HOLO,MicroCloud Hologram Inc. Ordinary Shares,1.59,36430652.0,119401.0,,189847.59,NASDAQ,Technology,Computer Software: Programming Data Processing,,True,Matched broad public screener and configured penny/microcap filters.
WLDSW,Wearable Devices Ltd. Warrant,14.82,36453362.0,3.0,,44.46,NASDAQ,Telecommunications,Computer Communications Equipment,,True,Matched broad public screener and configured penny/microcap filters.
NTIP,Network-1 Technologies Inc. Common Stock,1.6,36581090.0,3442.0,,5507.200000000001,AMEX,Miscellaneous,Multi-Sector Companies,,True,Matched broad public screener and configured penny/microcap filters.
CVM,Cel-Sci Corporation Common Stock,2.09,36760983.0,810370.0,,1693673.2999999998,AMEX,Health Care,Biotechnology: Biological Products (No Diagnostic Substances),,True,Matched broad public screener and configured penny/microcap filters.
WPRT,Westport Fuel Systems Inc Common Shares,1.94,36851724.0,19378.0,,37593.32,NASDAQ,Industrials,Industrial Machinery/Components,,True,Matched broad public screener and configured penny/microcap filters.
HBIO,Harvard Bioscience Inc. Common Stock,8.13,37010240.0,45725.0,,371744.25000000006,NASDAQ,Industrials,Biotechnology: Laboratory Analytical Instruments,,True,Matched broad public screener and configured penny/microcap filters.
QTI,QT Imaging Holdings Inc. Common Stock,2.53,37030406.0,13983.0,,35376.99,NASDAQ,Health Care,Biotechnology: Electromedical & Electrotherapeutic Apparatus,,True,Matched broad public screener and configured penny/microcap filters.
MLSS,Milestone Scientific Inc. Common Stock,0.409,37073561.0,14129.0,,5778.7609999999995,AMEX,Health Care,Industrial Specialties,,True,Matched broad public screener and configured penny/microcap filters.
AFRIW,Forafric Global PLC Warrants,1.38,37210065.0,1.0,,1.38,NASDAQ,Consumer Staples,Packaged Foods,,True,Matched broad public screener and configured penny/microcap filters.
KOSS,Koss Corporation Common Stock,3.94,37297766.0,24171.0,,95233.74,NASDAQ,Consumer Staples,Consumer Electronics/Appliances,,True,Matched broad public screener and configured penny/microcap filters.
SCLX,Scilex Holding Company Common Stock,4.41,37454130.0,16104.0,,71018.64,NASDAQ,Health Care,Biotechnology: Biological Products (No Diagnostic Substances),,True,Matched broad public screener and configured penny/microcap filters.
PPSI,Pioneer Power Solutions Inc. Common Stock,3.38,37515519.0,56074.0,,189530.12,NASDAQ,Miscellaneous,Industrial Machinery/Components,,True,Matched broad public screener and configured penny/microcap filters.
PLUT,Plutus Financial Group Limited Ordinary Shares,2.45,37607500.0,11536.0,,28263.2,NASDAQ,Finance,Investment Bankers/Brokers/Service,,True,Matched broad public screener and configured penny/microcap filters.
BCHT,Birchtech Corp. Common Stock,1.43,37617531.0,226652.0,,324112.36,AMEX,Industrials,Industrial Machinery/Components,,True,Matched broad public screener and configured penny/microcap filters.
GMHS,Gamehaus Holdings Inc. Class A Ordinary Shares,0.6648,37761405.0,19733.0,,13118.498399999999,NASDAQ,Technology,EDP Services,,True,Matched broad public screener and configured penny/microcap filters.
MLCI,Mount Logan Capital Inc. Common Stock,3.38,37818036.0,5837.0,,19729.059999999998,NASDAQ,Finance,Investment Managers,,True,Matched broad public screener and configured penny/microcap filters.
AERT,Aeries Technology Inc. Class A Ordinary Share,7.24,37994448.0,10974.0,,79451.76000000001,NASDAQ,Consumer Discretionary,Professional Services,,True,Matched broad public screener and configured penny/microcap filters.
FSP,Franklin Street Properties Corp. Common Stock,0.3683,38307512.0,1208003.0,,444907.5049,AMEX,Real Estate,Real Estate Investment Trusts,,True,Matched broad public screener and configured penny/microcap filters.
JG,Aurora Mobile Limited American Depositary Shares,6.44,38392595.0,2544.0,,16383.36,NASDAQ,Technology,Computer Software: Programming Data Processing,,True,Matched broad public screener and configured penny/microcap filters.
RMCO,Royalty Management Holding Corporation Class A Common Stock,2.54,38538678.0,3341.0,,8486.14,NASDAQ,Miscellaneous,Multi-Sector Companies,,True,Matched broad public screener and configured penny/microcap filters.
GPMT,Granite Point Mortgage Trust Inc. Common Stock,0.8004,38577812.0,244739.0,,195889.0956,NYSE,Real Estate,Real Estate Investment Trusts,,True,Matched broad public screener and configured penny/microcap filters.
LSF,Laird Superfood Inc. Common Stock,3.46,38727379.0,23018.0,,79642.28,AMEX,Consumer Staples,Packaged Foods,,True,Matched broad public screener and configured penny/microcap filters.
GNTA,Genenta Science S.p.A. American Depositary Shares,0.8037,38751889.0,113371.0,,91116.2727,NASDAQ,Health Care,Biotechnology: Biological Products (No Diagnostic Substances),,True,Matched broad public screener and configured penny/microcap filters.
STG,Sunlands Technology Group American Depositary Shares representing Class A ordinary shares,2.9,38839688.0,492.0,,1426.8,NYSE,Real Estate,Other Consumer Services,,True,Matched broad public screener and configured penny/microcap filters.
COSM,Cosmos Health Inc. Common Stock,0.3861,38854700.0,2467452.0,,952683.2172,NASDAQ,Health Care,Other Pharmaceuticals,,True,Matched broad public screener and configured penny/microcap filters.
KG,Kestrel Group Ltd.,4.97,38885429.0,5919.0,,29417.43,NASDAQ,Finance,Property-Casualty Insurers,,True,Matched broad public screener and configured penny/microcap filters.
AIOS,AIOS Tech Inc. Class A Common Shares,11.99,38958567.0,103465.0,,1240545.35,NASDAQ,Industrials,Metal Fabrications,,True,Matched broad public screener and configured penny/microcap filters.
DCGO,DocGo Inc. Common Stock,0.3942,38997563.0,466892.0,,184048.8264,NASDAQ,Health Care,Medical/Nursing Services,,True,Matched broad public screener and configured penny/microcap filters.
XRXDW,Xerox Holdings Corporation Warrants,0.297,39000410.0,72221.0,,21449.637,NASDAQ,Technology,Computer peripheral equipment,,True,Matched broad public screener and configured penny/microcap filters.
SBCWW,SBC Medical Group Holdings Incorporated Warrants,0.38,39081838.0,1811.0,,688.1800000000001,NASDAQ,Health Care,Medical/Nursing Services,,True,Matched broad public screener and configured penny/microcap filters.
STEM,Stem Inc. Class A Common Stock,4.07,39180848.0,147160.0,,598941.2000000001,NYSE,Technology,EDP Services,,True,Matched broad public screener and configured penny/microcap filters.
YQ,17 Education & Technology Group Inc. American Depositary Shares,3.63,39406147.0,762.0,,2766.06,NASDAQ,Real Estate,Other Consumer Services,,True,Matched broad public screener and configured penny/microcap filters.
VHC,VirnetX Holding Corp Common Stock,9.38,39552018.0,51930.0,,487103.4,NASDAQ,Miscellaneous,Multi-Sector Companies,,True,Matched broad public screener and configured penny/microcap filters.
LVLU,Lulu's Fashion Lounge Holdings Inc. Common Stock,13.79,39599033.0,10705.0,,147621.94999999998,NASDAQ,Consumer Discretionary,Catalog/Specialty Distribution,,True,Matched broad public screener and configured penny/microcap filters.
SNWV,SANUWAVE Health Inc. Common Stock,4.62,39742668.0,46862.0,,216502.44,NASDAQ,Health Care,Medical/Dental Instruments,,True,Matched broad public screener and configured penny/microcap filters.
AHMA,Ambitions Enterprise Management Co. L.L.C Class A Ordinary Shares,1.34,39831500.0,18998.0,,25457.32,NASDAQ,Consumer Discretionary,Services-Misc. Amusement & Recreation,,True,Matched broad public screener and configured penny/microcap filters.
CMTL,Comtech Telecommunications Corp. Common Stock,1.33,39848703.0,327058.0,,434987.14,NASDAQ,Technology,Radio And Television Broadcasting And Communications Equipment,,True,Matched broad public screener and configured penny/microcap filters.
YSXT,YSX Tech. Co. Ltd Class A Ordinary Shares,1.25,39853125.0,884.0,,1105.0,NASDAQ,Consumer Discretionary,Automotive Aftermarket,,True,Matched broad public screener and configured penny/microcap filters.
NEPH,Nephros Inc. Common Stock,3.67,39856640.0,46518.0,,170721.06,NASDAQ,Health Care,Medical/Dental Instruments,,True,Matched broad public screener and configured penny/microcap filters.
BAER,Bridger Aerospace Group Holdings Inc. Common Stock,0.6822,40131193.0,487914.0,,332854.93080000003,NASDAQ,Industrials,Aerospace,,True,Matched broad public screener and configured penny/microcap filters.
MLGO,MicroAlgo Inc. Class A Ordinary Shares,3.25,40421748.0,30283.0,,98419.75,NASDAQ,Technology,EDP Services,,True,Matched broad public screener and configured penny/microcap filters.
OMEX,Odyssey Marine Exploration Inc. Common Stock,0.6898,40485320.0,156309.0,,107821.9482,NASDAQ,Consumer Discretionary,Marine Transportation,,True,Matched broad public screener and configured penny/microcap filters.
GAME,GameSquare Holdings Inc. Common Stock,3.1,40499398.0,64584.0,,200210.4,NASDAQ,Consumer Discretionary,Services-Misc. Amusement & Recreation,,True,Matched broad public screener and configured penny/microcap filters.
SYPR,Sypris Solutions Inc. Common Stock,1.76,40526522.0,1994.0,,3509.44,NASDAQ,Industrials,Industrial Machinery/Components,,True,Matched broad public screener and configured penny/microcap filters.
PN,PN Smart Energy Limited Class A Ordinary Shares,2.75,40573569.0,55678.0,,153114.5,NASDAQ,Technology,Retail: Computer Software & Peripheral Equipment,,True,Matched broad public screener and configured penny/microcap filters.
NWGL,CL Workshop Group Limited American Depositary Shares,1.41,40682963.0,33817.0,,47681.969999999994,NASDAQ,Basic Materials,Forest Products,,True,Matched broad public screener and configured penny/microcap filters.
CVRX,CVRx Inc. Common Stock,1.53,40761643.0,1463829.0,,2239658.37,NASDAQ,Health Care,Medical/Dental Instruments,,True,Matched broad public screener and configured penny/microcap filters.
IXHL,Incannex Healthcare Inc. Common Stock,3.25,40770038.0,41401.0,,134553.25,NASDAQ,Health Care,Biotechnology: Pharmaceutical Preparations,,True,Matched broad public screener and configured penny/microcap filters.
PHUN,Phunware Inc. Common Stock,2.0,40925350.0,49618.0,,99236.0,NASDAQ,Technology,EDP Services,,True,Matched broad public screener and configured penny/microcap filters.
AURE,Aurelion Inc. Class A Ordinary Shares,1.09,40984000.0,172055.0,,187539.95,NASDAQ,Finance,Finance: Consumer Services,,True,Matched broad public screener and configured penny/microcap filters.
INV,Innventure Inc. Common Stock,0.485,41037139.0,5725434.0,,2776835.4899999998,NASDAQ,Finance,Blank Checks,,True,Matched broad public screener and configured penny/microcap filters.
SQNS,Sequans Communications S.A. American Depositary Shares (each representing one hundred (100) Ordinary Shares),2.74,41038802.0,16123.0,,44177.020000000004,NYSE,Technology,Semiconductors,,True,Matched broad public screener and configured penny/microcap filters.
VTIX,Virtuix Holdings Inc. Class A Common Stock,1.21,41105332.0,200205.0,,242248.05,NASDAQ,Technology,Computer peripheral equipment,,True,Matched broad public screener and configured penny/microcap filters.
MAMO,Massimo Group Common Stock,0.9873,41112110.0,6511.0,,6428.3103,NASDAQ,Consumer Discretionary,Industrial Specialties,,True,Matched broad public screener and configured penny/microcap filters.
BIRD,Smartbird Inc. Class A Common Stock,3.49,41214084.0,4183193.0,,14599343.57,NASDAQ,Consumer Discretionary,Apparel,,True,Matched broad public screener and configured penny/microcap filters.
LONA,LeonaBio Inc. Common Stock,4.38,41266884.0,6300593.0,,27596597.34,NASDAQ,Health Care,Biotechnology: Biological Products (No Diagnostic Substances),,True,Matched broad public screener and configured penny/microcap filters.
INDO,Indonesia Energy Corporation Limited Ordinary Shares,2.69,41390600.0,149582.0,,402375.58,AMEX,Energy,Oil & Gas Production,,True,Matched broad public screener and configured penny/microcap filters.
BBBYW,Neighborhood Intelligence Inc. Warrants,0.4345,41493743.0,389995.0,,169452.82749999998,NASDAQ,Consumer Discretionary,Catalog/Specialty Distribution,,True,Matched broad public screener and configured penny/microcap filters.
PXLW,Pixelworks Inc.  Common Stock,6.87,41559330.0,3979.0,,27335.73,NASDAQ,Technology,Computer Software: Prepackaged Software,,True,Matched broad public screener and configured penny/microcap filters.
BTMD,Biote Corp. Class A Common Stock,1.16,41675863.0,154421.0,,179128.36,NASDAQ,Health Care, Medicinal Chemicals and Botanical Products ,,True,Matched broad public screener and configured penny/microcap filters.
MIND,MIND Technology Inc. Common Stock (DE),4.59,41718762.0,76882.0,,352888.38,NASDAQ,Industrials,Industrial Machinery/Components,,True,Matched broad public screener and configured penny/microcap filters.
MGX,Metagenomi Therapeutics Inc. Common Stock,1.105,41743701.0,118339.0,,130764.595,NASDAQ,Health Care,Biotechnology: Biological Products (No Diagnostic Substances),,True,Matched broad public screener and configured penny/microcap filters.
LITS,Lite Strategy Inc. Common Stock,1.375,41809994.0,1036849.0,,1425667.375,NASDAQ,Health Care,Biotechnology: Pharmaceutical Preparations,,True,Matched broad public screener and configured penny/microcap filters.
TREO,Tactical Resources Corp. Common Shares,3.08,41925065.0,9229.0,,28425.32,NASDAQ,Basic Materials,Metal Mining,,True,Matched broad public screener and configured penny/microcap filters.
ELWT,Elauwit Connection Inc. Common Stock,6.35,42035705.0,6683.0,,42437.049999999996,NASDAQ,Consumer Discretionary,Telecommunications Equipment,,True,Matched broad public screener and configured penny/microcap filters.
AXIL,AXIL Brands Inc. Common Stock,6.19,42232395.0,11862.0,,73425.78,AMEX,Consumer Discretionary,Package Goods/Cosmetics,,True,Matched broad public screener and configured penny/microcap filters.
AGIG,Abundia Global Impact Group Inc. Common stock,0.9636,42543249.0,261697.0,,252171.2292,AMEX,Energy,Oil & Gas Production,,True,Matched broad public screener and configured penny/microcap filters.
HOWL,Werewolf Therapeutics Inc. Common Stock,0.8815,42840077.0,299335.0,,263863.8025,NASDAQ,Health Care,Biotechnology: Pharmaceutical Preparations,,True,Matched broad public screener and configured penny/microcap filters.
LOAN,Manhattan Bridge Capital Inc,3.75,42845659.0,56252.0,,210945.0,NASDAQ,Real Estate,Real Estate Investment Trusts,,True,Matched broad public screener and configured penny/microcap filters.
BRIA,BrilliA Inc Class A Ordinary Shares,1.4,42875000.0,2077.0,,2907.7999999999997,AMEX,Consumer Discretionary,Apparel,,True,Matched broad public screener and configured penny/microcap filters.
ACH,Accendra Health Inc. Common Stock,0.5578,42897444.0,1661425.0,,926742.865,NYSE,Health Care,Medical Specialities,,True,Matched broad public screener and configured penny/microcap filters.
GRCE,Grace Therapeutics Inc. Common Stock,2.04,42913297.0,344218.0,,702204.72,NASDAQ,Health Care,Biotechnology: Pharmaceutical Preparations,,True,Matched broad public screener and configured penny/microcap filters.
IZEA,IZEA Worldwide Inc. Common Stock,2.47,43018226.0,17814.0,,44000.58,NASDAQ,Consumer Discretionary,Advertising,,True,Matched broad public screener and configured penny/microcap filters.
VERU,Veru Inc. Common Stock,2.54,43307813.0,70699.0,,179575.46,NASDAQ,Health Care,Biotechnology: Pharmaceutical Preparations,,True,Matched broad public screener and configured penny/microcap filters.
SPWH,Sportsman's Warehouse Holdings Inc. Common Stock,1.11,43447026.0,175685.0,,195010.35,NASDAQ,Consumer Discretionary,Other Specialty Stores,,True,Matched broad public screener and configured penny/microcap filters.
GROV,Grove Collaborative Holdings Inc. Class A Common Stock,1.02,43555067.0,35327.0,,36033.54,NYSE,Consumer Discretionary,Catalog/Specialty Distribution,,True,Matched broad public screener and configured penny/microcap filters.
KAZR,Skyline Builders Group Holding Limited Class A Ordinary Shares,2.43,43599288.0,269741.0,,655470.63,NASDAQ,Consumer Discretionary,Engineering & Construction,,True,Matched broad public screener and configured penny/microcap filters.
SACH,Sachem Capital Corp. Common Shares,0.9099,43633920.0,99400.0,,90444.06,AMEX,Real Estate,Real Estate Investment Trusts,,True,Matched broad public screener and configured penny/microcap filters.
HGBL,Heritage Global Inc. Common Stock,1.26,43645701.0,27205.0,,34278.3,NASDAQ,Consumer Discretionary,Business Services,,True,Matched broad public screener and configured penny/microcap filters.
RDI,Reading International Inc Class A Common Stock,1.91,43720143.0,32272.0,,61639.52,NASDAQ,Consumer Discretionary,Movies/Entertainment,,True,Matched broad public screener and configured penny/microcap filters.
TVGN,Tevogen Inc. Common Stock,6.72,43757549.0,6542.0,,43962.24,NASDAQ,Health Care,Biotechnology: Biological Products (No Diagnostic Substances),,True,Matched broad public screener and configured penny/microcap filters.
THCH,TH International Limited Ordinary shares,1.32,43881528.0,17807.0,,23505.24,NASDAQ,Consumer Discretionary,Restaurants,,True,Matched broad public screener and configured penny/microcap filters.
QTEX,QTREX Quantum Ltd. Ordinary Shares,0.7846,43909303.0,12688593.0,,9955470.0678,NASDAQ,Health Care,Medical/Dental Instruments,,True,Matched broad public screener and configured penny/microcap filters.
RYM,RYTHM Inc. Common Stock,20.0,44000000.0,16021.0,,320420.0,NASDAQ,Consumer Staples,Farming/Seeds/Milling,,True,Matched broad public screener and configured penny/microcap filters.
TC,Token Cat Limited American Depositary Shares,1.67,44109411.0,5726.0,,9562.42,NASDAQ,Consumer Discretionary,Business Services,,True,Matched broad public screener and configured penny/microcap filters.
ATHR,Aether Holdings Inc. Common Stock,3.61,44179393.0,8408.0,,30352.879999999997,NASDAQ,Technology,Computer Software: Prepackaged Software,,True,Matched broad public screener and configured penny/microcap filters.
CRVO,CervoMed Inc. Common Stock,2.93,44298951.0,175089.0,,513010.77,NASDAQ,Health Care,Biotechnology: Pharmaceutical Preparations,,True,Matched broad public screener and configured penny/microcap filters.
XBP,XBP Global Holdings Inc. Common Stock,3.14,44451674.0,28409.0,,89204.26000000001,NASDAQ,Technology,EDP Services,,True,Matched broad public screener and configured penny/microcap filters.
MBBC,Marathon Bancorp Inc. Common Stock,14.795,44531515.0,932.0,,13788.94,NASDAQ,Finance,Banks,,True,Matched broad public screener and configured penny/microcap filters.
NSRX,Nasus Pharma Ltd. Ordinary Shares,3.815,44676733.0,28626.0,,109208.19,AMEX,Health Care,Biotechnology: Pharmaceutical Preparations,,True,Matched broad public screener and configured penny/microcap filters.
SEAT,Vivid Seats Inc. Class A Common Stock,3.82,44740440.0,71952.0,,274856.64,NASDAQ,Consumer Discretionary,Services-Misc. Amusement & Recreation,,True,Matched broad public screener and configured penny/microcap filters.
PROP,Prairie Operating Co. Common Stock,0.3969,44769530.0,3171719.0,,1258855.2711,NASDAQ,Energy,Oil & Gas Production,,True,Matched broad public screener and configured penny/microcap filters.
CELU,Celularity Inc. Class A Common Stock,1.38,44780678.0,142160.0,,196180.8,NASDAQ,Health Care,Biotechnology: Pharmaceutical Preparations,,True,Matched broad public screener and configured penny/microcap filters.
XOS,Xos Inc. Common Stock,3.15,44786234.0,277124.0,,872940.6,NASDAQ,Consumer Discretionary,Auto Parts:O.E.M.,,True,Matched broad public screener and configured penny/microcap filters.
SNSC,SunScout Holding Limited Class A Ordinary Shares,1.18,44958000.0,17356.0,,20480.079999999998,AMEX,Technology,Semiconductors,,True,Matched broad public screener and configured penny/microcap filters.
SOGP,Sound Group Inc. American Depositary Shares,10.85,45289484.0,3630.0,,39385.5,NASDAQ,Technology,Computer Software: Programming Data Processing,,True,Matched broad public screener and configured penny/microcap filters.
VHUB,VenHub Global Inc. Common Stock,0.4651,45313696.0,115236.0,,53596.2636,NASDAQ,Technology,Industrial Machinery/Components,,True,Matched broad public screener and configured penny/microcap filters.
SOWG,Sow Good Inc. Common Stock,2.265,45526258.0,1881.0,,4260.465,NASDAQ,Consumer Staples,Packaged Foods,,True,Matched broad public screener and configured penny/microcap filters.
PIII,P3 Health Partners Inc. Class A Common Stock,6.27,45526357.0,11764.0,,73760.28,NASDAQ,Health Care,Medical/Nursing Services,,True,Matched broad public screener and configured penny/microcap filters.
PTLE,PTL LTD Class A Ordinary Shares,7.25,45538135.0,55330.0,,401142.5,NASDAQ,Energy,Oil Refining/Marketing,,True,Matched broad public screener and configured penny/microcap filters.
SDA,SunCar Technology Group Inc. Class A Ordinary Shares,0.4314,45576511.0,129714.0,,55958.6196,NASDAQ,Consumer Discretionary,Automotive Aftermarket,,True,Matched broad public screener and configured penny/microcap filters.
BNAI,Brand Engagement Network Inc. Common Stock,6.09,45694391.0,85958.0,,523484.22,NASDAQ,Technology,EDP Services,,True,Matched broad public screener and configured penny/microcap filters.
PLCE,Children's Place Inc. (The) Common Stock,2.07,46030729.0,87498.0,,181120.86,NASDAQ,Consumer Discretionary,Clothing/Shoe/Accessory Stores,,True,Matched broad public screener and configured penny/microcap filters.
IDN,Intellicheck Inc. Common Stock,2.275,46106840.0,105632.0,,240312.8,NASDAQ,Technology,Computer Software: Prepackaged Software,,True,Matched broad public screener and configured penny/microcap filters.
RPID,Rapid Micro Biosystems Inc. Class A Common Stock,0.921,46196951.0,525679.0,,484150.359,NASDAQ,Industrials,Biotechnology: Laboratory Analytical Instruments,,True,Matched broad public screener and configured penny/microcap filters.
FNUC,Frontier Nuclear and Minerals Inc. Common Shares,1.29,46309769.0,211651.0,,273029.79,NASDAQ,Basic Materials,Other Metals and Minerals,,True,Matched broad public screener and configured penny/microcap filters.
CNVS,Cineverse Corp. Class A Common Stock,1.95,46354205.0,107832.0,,210272.4,NASDAQ,Consumer Discretionary,Consumer Electronics/Video Chains,,True,Matched broad public screener and configured penny/microcap filters.
CULP,Culp Inc. Common Stock,3.64,46356579.0,50210.0,,182764.4,NASDAQ,Consumer Discretionary,Textiles,,True,Matched broad public screener and configured penny/microcap filters.
IBO,Impact BioMedical Inc. Common Stock,5.43,46392177.0,8994.0,,48837.42,AMEX,Health Care,Biotechnology: Pharmaceutical Preparations,,True,Matched broad public screener and configured penny/microcap filters.
HAIN,Hain Celestial Group Inc. (The) Common Stock,0.5103,46438458.0,890001.0,,454167.51029999997,NASDAQ,Consumer Staples,Packaged Foods,,True,Matched broad public screener and configured penny/microcap filters.
SLMT,Brera Holdings PLC Class B Ordinary Shares,4.22,46459221.0,66632.0,,281187.04,NASDAQ,Consumer Discretionary,Services-Misc. Amusement & Recreation,,True,Matched broad public screener and configured penny/microcap filters.
FLNA,Filana Therapeutics Inc. Common Stock,0.965,46617120.0,2804741.0,,2706575.065,NASDAQ,Health Care,Biotechnology: Pharmaceutical Preparations,,True,Matched broad public screener and configured penny/microcap filters.
POCI,Precision Optics Corporation Inc. Common stock,4.27,46853822.0,49768.0,,212509.36,NASDAQ,Health Care,Biotechnology: Electromedical & Electrotherapeutic Apparatus,,True,Matched broad public screener and configured penny/microcap filters.
CRGO,Freightos Limited Ordinary shares,0.9,46866137.0,159557.0,,143601.30000000002,NASDAQ,Industrials,Integrated Freight & Logistics,,True,Matched broad public screener and configured penny/microcap filters.
HCMAW,HCM III Acquisition Corp. Warrants,0.6,47545724.0,7500.0,,4500.0,NASDAQ,Consumer Discretionary,Hotels/Resorts,,True,Matched broad public screener and configured penny/microcap filters.
CATO,Cato Corporation (The) Class A Common Stock,2.39,47589558.0,10614.0,,25367.460000000003,NYSE,Consumer Discretionary,Clothing/Shoe/Accessory Stores,,True,Matched broad public screener and configured penny/microcap filters.
TACT,TransAct Technologies Incorporated Common Stock,4.61,47595811.0,19614.0,,90420.54000000001,NASDAQ,Technology,Computer peripheral equipment,,True,Matched broad public screener and configured penny/microcap filters.
EUDA,EUDA Health Holdings Limited Ordinary Shares,15.9104,47640908.0,13556.0,,215681.3824,NASDAQ,Health Care,Medical/Nursing Services,,True,Matched broad public screener and configured penny/microcap filters.
KFFB,Kentucky First Federal Bancorp Common Stock,5.9115,47804616.0,7023.0,,41516.4645,NASDAQ,Finance,Savings Institutions,,True,Matched broad public screener and configured penny/microcap filters.
OFS,OFS Capital Corporation Common Stock,3.57,47831138.0,27791.0,,99213.87,NASDAQ,Finance,Finance/Investors Services,,True,Matched broad public screener and configured penny/microcap filters.
RSF,RiverNorth Capital and Income Fund Common Stock,14.36,47985046.0,1722.0,,24727.92,NYSE,Finance,Investment Managers,,True,Matched broad public screener and configured penny/microcap filters.
HIT,Health In Tech Inc. Class A Common Stock,0.738,48267155.0,688924.0,,508425.912,NASDAQ,Finance,Specialty Insurers,,True,Matched broad public screener and configured penny/microcap filters.
MBAI,MBody AI Ltd. Ordinary Share,3.16,48327725.0,26301.0,,83111.16,NASDAQ,Health Care,Medical Electronics,,True,Matched broad public screener and configured penny/microcap filters.
SFWL,Shengfeng Development Limited Class A Ordinary Shares,8.81,48453538.0,7325.0,,64533.25000000001,NASDAQ,Industrials,Trucking Freight/Courier Services,,True,Matched broad public screener and configured penny/microcap filters.
GLNDW,Greenland Energy Company Warrant,1.11,48540515.0,401215.0,,445348.65,NASDAQ,Energy,Oil & Gas Production,,True,Matched broad public screener and configured penny/microcap filters.
VGAS,Verde Clean Fuels Inc. Class A Common Stock,1.09,48559087.0,3850.0,,4196.5,NASDAQ,Industrials,Major Chemicals,,True,Matched broad public screener and configured penny/microcap filters.
ACFN,Acorn Energy Inc. Common Stock,19.35,48561108.0,34110.0,,660028.5,NASDAQ,Consumer Discretionary,Military/Government/Technical,,True,Matched broad public screener and configured penny/microcap filters.
SRTS,Sensus Healthcare Inc. Common Stock,2.95,48563074.0,7616.0,,22467.2,NASDAQ,Health Care,Medical/Dental Instruments,,True,Matched broad public screener and configured penny/microcap filters.
DWTX,Dogwood Therapeutics Inc. Common Stock,1.43,48609351.0,26523.0,,37927.89,NASDAQ,Health Care,Biotechnology: Pharmaceutical Preparations,,True,Matched broad public screener and configured penny/microcap filters.
DSWL,Deswell Industries Inc. Common Shares,3.07,48767684.0,4916.0,,15092.119999999999,NASDAQ,Industrials,Plastic Products,,True,Matched broad public screener and configured penny/microcap filters.
STKS,The ONE Group Hospitality Inc. Common Stock,1.54,48801097.0,32293.0,,49731.22,NASDAQ,Consumer Discretionary,Restaurants,,True,Matched broad public screener and configured penny/microcap filters.
VRM,Vroom Inc. Common Stock,9.34,48888857.0,5007.0,,46765.38,NASDAQ,Consumer Discretionary,Retail-Auto Dealers and Gas Stations,,True,Matched broad public screener and configured penny/microcap filters.
TCBS,Texas Community Bancshares Inc. Common Stock,17.06,49008723.0,1431.0,,24412.859999999997,NASDAQ,Finance,Banks,,True,Matched broad public screener and configured penny/microcap filters.
TIL,Instil Bio Inc. Common Stock,7.235,49067596.0,5206.0,,37665.41,NASDAQ,Health Care,Biotechnology: Biological Products (No Diagnostic Substances),,True,Matched broad public screener and configured penny/microcap filters.
NXB,NextBoat Inc. Common Stcok,1.96,49280074.0,68169.0,,133611.24,AMEX,Industrials,Marine Transportation,,True,Matched broad public screener and configured penny/microcap filters.
SER,Serina Therapeutics Inc. Common Stock,1.95,49530922.0,46773.0,,91207.34999999999,AMEX,Health Care,Biotechnology: Pharmaceutical Preparations,,True,Matched broad public screener and configured penny/microcap filters.
XTNT,Xtant Medical Holdings Inc. Common Stock,0.3542,49689995.0,36846.0,,13050.853200000001,AMEX,Health Care,Medical/Dental Instruments,,True,Matched broad public screener and configured penny/microcap filters.
NA,Nano Labs Ltd Class A Ordinary Shares,2.15,49910294.0,17842.0,,38360.299999999996,NASDAQ,Technology,Semiconductors,,True,Matched broad public screener and configured penny/microcap filters.
MATH,Metalpha Technology Holding Limited Ordinary Shares,1.05,49914885.0,40966.0,,43014.3,NASDAQ,Finance,Finance: Consumer Services,,True,Matched broad public screener and configured penny/microcap filters.
ANVS,Annovis Bio Inc. Common Stock,1.17,49934499.0,1201845.0,,1406158.65,NYSE,Health Care,Biotechnology: Pharmaceutical Preparations,,True,Matched broad public screener and configured penny/microcap filters.
ONEN,ONE Nuclear Energy Inc. Common Stock  ,1.92,49964799.0,145550.0,,279456.0,NASDAQ,Utilities,Electric Utilities: Central,,True,Matched broad public screener and configured penny/microcap filters.
CLPR,Clipper Realty Inc. Common Stock,3.11,50250030.0,32289.0,,100418.79,NYSE,Real Estate,Real Estate Investment Trusts,,True,Matched broad public screener and configured penny/microcap filters.
LASE,Laser Photonics Corporation Common Stock,0.8296,50338233.0,733072.0,,608156.5312,NASDAQ,Miscellaneous,Industrial Machinery/Components,,True,Matched broad public screener and configured penny/microcap filters.
ELTX,Elicio Therapeutics Inc. Common Stock,1.92,50461213.0,311272.0,,597642.24,NASDAQ,Health Care,Biotechnology: Pharmaceutical Preparations,,True,Matched broad public screener and configured penny/microcap filters.
ZBAO,Zhibao Technology Inc. Class A Ordinary Shares,0.1084,50523215.0,7247153.0,,785591.3852,NASDAQ,Finance,Specialty Insurers,,True,Matched broad public screener and configured penny/microcap filters.
AVX,Avax One Technology Ltd. Common Shares,6.83,50524126.0,274310.0,,1873537.3,NASDAQ,Finance,Finance: Consumer Services,,True,Matched broad public screener and configured penny/microcap filters.
AIRTP,Air T Inc. Air T Funding Alpha Income Trust Preferred Securities,18.9,50685037.0,157.0,,2967.2999999999997,NASDAQ,Consumer Discretionary,Air Freight/Delivery Services,,True,Matched broad public screener and configured penny/microcap filters.
BRID,Bridgford Foods Corporation Common Stock,5.59,50739491.0,3928.0,,21957.52,NASDAQ,Consumer Staples,Specialty Foods,,True,Matched broad public screener and configured penny/microcap filters.
SKIL,Skillsoft Corp. Class A Common Stock,5.6,50962486.0,18770.0,,105112.0,NYSE,Technology,Computer Software: Prepackaged Software,,True,Matched broad public screener and configured penny/microcap filters.
COCH,Envoy Medical Inc. Class A Common Stock,0.6606,50994749.0,73619.0,,48632.7114,NASDAQ,Health Care,Industrial Specialties,,True,Matched broad public screener and configured penny/microcap filters.
DOMH,Dominari Holdings Inc. Common Stock,2.105,51032875.0,205382.0,,432329.11,NASDAQ,Finance,Investment Bankers/Brokers/Service,,True,Matched broad public screener and configured penny/microcap filters.
NCTY,The9 Limited American Depository Shares,3.35,51165109.0,138306.0,,463325.10000000003,NASDAQ,Finance,Finance: Consumer Services,,True,Matched broad public screener and configured penny/microcap filters.
PDSB,PDS Biotechnology Corporation Common Stock,0.7061,51174038.0,3726194.0,,2631065.5834,NASDAQ,Health Care,Biotechnology: Pharmaceutical Preparations,,True,Matched broad public screener and configured penny/microcap filters.
GRSD,Grandstand Limited Ordinary Shares,1.47,51592869.0,260826.0,,383414.22,NASDAQ,Consumer Discretionary,Services-Misc. Amusement & Recreation,,True,Matched broad public screener and configured penny/microcap filters.
YDESW,YD Bio Limited Warrants,0.7287,51614802.0,41609.0,,30320.4783,NASDAQ,Health Care,Medical Specialities,,True,Matched broad public screener and configured penny/microcap filters.
AVD,American Vanguard Corporation Common Stock ($0.10 Par Value),1.75,51626106.0,571918.0,,1000856.5,NYSE,Industrials,Agricultural Chemicals,,True,Matched broad public screener and configured penny/microcap filters.
SGA,Saga Communications Inc. Class A Common Stock (FL),8.13,51690442.0,11802.0,,95950.26000000001,NASDAQ,Consumer Discretionary,Broadcasting,,True,Matched broad public screener and configured penny/microcap filters.
APT,Alpha Pro Tech Ltd. Common Stock,5.07,51745525.0,15416.0,,78159.12000000001,AMEX,Health Care,Industrial Specialties,,True,Matched broad public screener and configured penny/microcap filters.
IMA,ImageneBio Inc. Common Stock,4.5801,51990804.0,11831.0,,54187.1631,NASDAQ,Health Care,Biotechnology: Biological Products (No Diagnostic Substances),,True,Matched broad public screener and configured penny/microcap filters.
FLL,Full House Resorts Inc. Common Stock,1.42,52035162.0,260457.0,,369848.94,NASDAQ,Consumer Discretionary,Hotels/Resorts,,True,Matched broad public screener and configured penny/microcap filters.
NNOX,NANO-X IMAGING LTD Ordinary Shares,0.6623,52049255.0,715804.0,,474076.9892,NASDAQ,Health Care,Medical Electronics,,True,Matched broad public screener and configured penny/microcap filters.
TPCS,TechPrecision Corporation Common stock,5.15,52186294.0,14107.0,,72651.05,NASDAQ,Industrials,Metal Fabrications,,True,Matched broad public screener and configured penny/microcap filters.
SCWO,374Water Inc. Common Stock,2.96,52445757.0,24175.0,,71558.0,NASDAQ,Consumer Discretionary,Metal Fabrications,,True,Matched broad public screener and configured penny/microcap filters.
MKDW,MKDWELL Tech Inc. Ordinary Share,1.535,52494608.0,40168.0,,61657.88,NASDAQ,Technology,Consumer Electronics/Appliances,,True,Matched broad public screener and configured penny/microcap filters.
TEAD,Teads Holding Co. Common Stock,0.5387,52827703.0,596151.0,,321146.5437,NASDAQ,Technology,Computer Software: Programming Data Processing,,True,Matched broad public screener and configured penny/microcap filters.
SMJF,SMJ International Holdings Inc. Class A Ordinary Shares,1.914,53027370.0,392284.0,,750831.576,AMEX,Consumer Discretionary,RETAIL: Building Materials,,True,Matched broad public screener and configured penny/microcap filters.
BGSF,BGSF Inc. Common Stock,4.98,53185230.0,4836.0,,24083.280000000002,NYSE,Consumer Discretionary,Professional Services,,True,Matched broad public screener and configured penny/microcap filters.
DLHC,DLH Holdings Corp.,3.68,53334369.0,8046.0,,29609.280000000002,NASDAQ,Consumer Discretionary,Professional Services,,True,Matched broad public screener and configured penny/microcap filters.
ELBM,Electra Battery Materials Corporation Common Stock,0.5002,53421429.0,310575.0,,155349.615,NASDAQ,Miscellaneous,Industrial Machinery/Components,,True,Matched broad public screener and configured penny/microcap filters.
MDAI,Spectral AI Inc. Class A Common Stock,1.66,53426980.0,70242.0,,116601.72,NASDAQ,Health Care,Medical/Dental Instruments,,True,Matched broad public screener and configured penny/microcap filters.
AACG,ATA Creativity Global American Depositary Shares,0.7804,53429321.0,3844.0,,2999.8576,NASDAQ,Real Estate,Other Consumer Services,,True,Matched broad public screener and configured penny/microcap filters.
SCYX,SCYNEXIS Inc. Common Stock,5.37,53429400.0,601986.0,,3232664.82,NASDAQ,Health Care,Biotechnology: Pharmaceutical Preparations,,True,Matched broad public screener and configured penny/microcap filters.
OABIW,OmniAb Inc. Warrant,0.3675,53430971.0,61.0,,22.4175,NASDAQ,Health Care,Biotechnology: Commercial Physical & Biological Resarch,,True,Matched broad public screener and configured penny/microcap filters.
TZOO,Travelzoo Common Stock,5.24,53460246.0,121871.0,,638604.04,NASDAQ,Consumer Discretionary,Advertising,,True,Matched broad public screener and configured penny/microcap filters.
STFS,Star Fashion Culture Holdings Limited Class A Ordinary Shares,3.52,53482092.0,2222686.0,,7823854.72,NASDAQ,Consumer Discretionary,Advertising,,True,Matched broad public screener and configured penny/microcap filters.
INMB,INmune Bio Inc. Common stock,1.93,53564813.0,340819.0,,657780.6699999999,NASDAQ,Health Care,Biotechnology: Biological Products (No Diagnostic Substances),,True,Matched broad public screener and configured penny/microcap filters.
NVX,NOVONIX Limited American Depository Shares,2.49,53591844.0,96296.0,,239777.04,NASDAQ,Miscellaneous,Industrial Machinery/Components,,True,Matched broad public screener and configured penny/microcap filters.
EXOZ,eXoZymes Inc. Common Stock,5.76,53595078.0,1002.0,,5771.5199999999995,NASDAQ,Health Care,Biotechnology: Biological Products (No Diagnostic Substances),,True,Matched broad public screener and configured penny/microcap filters.
FTEK,Fuel Tech Inc. Common Stock,1.72,53692877.0,83137.0,,142995.63999999998,NASDAQ,Industrials,Pollution Control Equipment,,True,Matched broad public screener and configured penny/microcap filters.
STI,Solidion Technology Inc. Common Stock,6.16,53757137.0,178708.0,,1100841.28,NASDAQ,Miscellaneous,Industrial Machinery/Components,,True,Matched broad public screener and configured penny/microcap filters.
TOUR,Tuniu Corporation American Depositary Shares,4.98,54101510.0,7458.0,,37140.840000000004,NASDAQ,Consumer Discretionary,Transportation Services,,True,Matched broad public screener and configured penny/microcap filters.
NCEW,New Century Logistics (BVI) Limited Ordinary Shares,16.92,54144000.0,183.0,,3096.36,NASDAQ,Industrials,Integrated Freight & Logistics,,True,Matched broad public screener and configured penny/microcap filters.
EDSA,Edesa Biotech Inc. Common Shares,4.01,54149929.0,15496.0,,62138.96,NASDAQ,Health Care,Biotechnology: Pharmaceutical Preparations,,True,Matched broad public screener and configured penny/microcap filters.
XPL,Solitario Resources Corp. Common Stock,0.573,54254197.0,89735.0,,51418.155,AMEX,Basic Materials,Precious Metals,,True,Matched broad public screener and configured penny/microcap filters.
ROLR,High Roller Technologies Inc. Common Stock,4.92,54264220.0,46585.0,,229198.19999999998,AMEX,Consumer Discretionary,Services-Misc. Amusement & Recreation,,True,Matched broad public screener and configured penny/microcap filters.
APWC,Asia Pacific Wire & Cable Corporation Ltd. Ordinary Shares (Bermuda),1.32,54426839.0,4806.0,,6343.92,NASDAQ,Industrials,Telecommunications Equipment,,True,Matched broad public screener and configured penny/microcap filters.
MOB,Mobilicom Limited Ordinary Shares,4.32,54576163.0,175376.0,,757624.3200000001,NASDAQ,Industrials,Aerospace,,True,Matched broad public screener and configured penny/microcap filters.
LGO,Largo Inc. Common Shares,0.4766,54608919.0,849311.0,,404781.6226,NASDAQ,Industrials,Mining & Quarrying of Nonmetallic Minerals (No Fuels),,True,Matched broad public screener and configured penny/microcap filters.
ZDGE,Zedge Inc. Class B Common Stock ,2.99,54721560.0,70400.0,,210496.00000000003,AMEX,Technology,Computer Software: Prepackaged Software,,True,Matched broad public screener and configured penny/microcap filters.
WATR,Air Water Ventures Limited Ordinary Shares,1.73,54736255.0,23649.0,,40912.77,NASDAQ,Consumer Staples,Beverages (Production/Distribution),,True,Matched broad public screener and configured penny/microcap filters.
FBDT,First Breach Inc. Common Stock,0.982,54772229.0,675734.0,,663570.788,NASDAQ,Industrials,Ordnance And Accessories,,True,Matched broad public screener and configured penny/microcap filters.
LFS,LEIFRAS Co. Ltd. American Depositary Shares  ,2.1,54937300.0,33812.0,,71005.2,NASDAQ,Real Estate,Other Consumer Services,,True,Matched broad public screener and configured penny/microcap filters.
MDXH,MDxHealth SA Ordinary Shares,0.5762,54979496.0,117814.0,,67884.4268,NASDAQ,Health Care,Medical Specialities,,True,Matched broad public screener and configured penny/microcap filters.
CIRC,Circle8 Group Inc. Common Stock,0.483,55258544.0,350153.0,,169123.899,NASDAQ,Industrials,Biotechnology: Laboratory Analytical Instruments,,True,Matched broad public screener and configured penny/microcap filters.
LITB,LightInTheBox Holding Co. Ltd. American Depositary Shares each representing twelve ordinary shares,2.81,55431695.0,3034.0,,8525.54,NYSE,Consumer Discretionary,Catalog/Specialty Distribution,,True,Matched broad public screener and configured penny/microcap filters.
JZXN,Jiuzi Holdings Inc. Ordinary Shares,1.08,55633780.0,134887.0,,145677.96000000002,NASDAQ,Consumer Discretionary,Retail-Auto Dealers and Gas Stations,,True,Matched broad public screener and configured penny/microcap filters.
AIRG,Airgain Inc. Common Stock,4.25,55675995.0,267121.0,,1135264.25,NASDAQ,Technology,Radio And Television Broadcasting And Communications Equipment,,True,Matched broad public screener and configured penny/microcap filters.
RENT,Rent the Runway Inc. Class A Common Stock,1.65,55727300.0,131696.0,,217298.4,NASDAQ,Consumer Discretionary,Other Specialty Stores,,True,Matched broad public screener and configured penny/microcap filters.
SELF,Global Self Storage Inc. Common Stock,4.91,56079172.0,70710.0,,347186.10000000003,NASDAQ,Real Estate,Real Estate Investment Trusts,,True,Matched broad public screener and configured penny/microcap filters.
YOUL,Youlife Group Inc. American Depositary Shares,0.4023,56205737.0,90409.0,,36371.5407,NASDAQ,Real Estate,Other Consumer Services,,True,Matched broad public screener and configured penny/microcap filters.
CAST,FreeCast Inc. Class A Common Stock,1.11,56374030.0,397676.0,,441420.36000000004,NASDAQ,Technology,EDP Services,,True,Matched broad public screener and configured penny/microcap filters.
TELA,TELA Bio Inc. Common Stock,1.25,56429263.0,336268.0,,420335.0,NASDAQ,Health Care,Medical/Dental Instruments,,True,Matched broad public screener and configured penny/microcap filters.
MYPS,PLAYSTUDIOS Inc.  Class A Common Stock,4.72,56697291.0,98129.0,,463168.88,NASDAQ,Technology,Computer Software: Prepackaged Software,,True,Matched broad public screener and configured penny/microcap filters.
HYPD,Hyperion DeFi Inc. Common Stock,3.66,56874328.0,252669.0,,924768.54,NASDAQ,Health Care,Biotechnology: Pharmaceutical Preparations,,True,Matched broad public screener and configured penny/microcap filters.
BSEM,BioStem Technologies Inc. Common Stock,3.07,57055235.0,90861.0,,278943.26999999996,NASDAQ,Health Care,Biotechnology: Biological Products (No Diagnostic Substances),,True,Matched broad public screener and configured penny/microcap filters.
ODYS,Odysight.ai Inc. Common Stock,2.82,57089222.0,7727.0,,21790.14,NASDAQ,Technology,EDP Services,,True,Matched broad public screener and configured penny/microcap filters.
NPT,Texxon Holding Limited Ordinary shares,2.5734,57090879.0,52664.0,,135525.53759999998,NASDAQ,Consumer Discretionary,Specialty Chemicals,,True,Matched broad public screener and configured penny/microcap filters.
CLNN,Clene Inc. Common Stock,4.02,57140204.0,100042.0,,402168.83999999997,NASDAQ,Health Care,Biotechnology: Pharmaceutical Preparations,,True,Matched broad public screener and configured penny/microcap filters.
MCHX,Marchex Inc. Class B Common Stock,1.29,57195878.0,19923.0,,25700.670000000002,NASDAQ,Technology,Computer Software: Prepackaged Software,,True,Matched broad public screener and configured penny/microcap filters.
KXIN,Kaixin Holdings Ordinary Shares,1.43,57248454.0,50587.0,,72339.41,NASDAQ,Consumer Discretionary,Retail-Auto Dealers and Gas Stations,,True,Matched broad public screener and configured penny/microcap filters.
INVE,INVE Technologies Inc. Common Stock,2.39,57923450.0,99187.0,,237056.93000000002,NASDAQ,Technology,Computer peripheral equipment,,True,Matched broad public screener and configured penny/microcap filters.
ZEPP,Zepp Health Corporation American depositary shares each representing sixteen Class A ordinary shares,3.96,58073325.0,11421.0,,45227.159999999996,NYSE,Technology,Computer Manufacturing,,True,Matched broad public screener and configured penny/microcap filters.
TLPH,Talphera Inc. Common Stock,1.12,58134492.0,106407.0,,119175.84000000001,NASDAQ,Health Care,Biotechnology: Pharmaceutical Preparations,,True,Matched broad public screener and configured penny/microcap filters.
VOC,VOC Energy Trust Units of Beneficial Interest,3.42,58140000.0,81105.0,,277379.1,NYSE,Energy,Oil & Gas Production,,True,Matched broad public screener and configured penny/microcap filters.
IH,iHuman Inc. American depositary shares each representing five Class A ordinary shares,1.14,58268663.0,526.0,,599.64,NYSE,Real Estate,Other Consumer Services,,True,Matched broad public screener and configured penny/microcap filters.
MREO,Mereo BioPharma Group plc American Depositary Shares,0.3669,58564068.0,1602508.0,,587960.1852,NASDAQ,Health Care,Biotechnology: Pharmaceutical Preparations,,True,Matched broad public screener and configured penny/microcap filters.
VIP,Vulcan Infrastructure and Power Inc. Class A Common Stock,1.53,58570155.0,146760.0,,224542.80000000002,NASDAQ,Finance,Finance: Consumer Services,,True,Matched broad public screener and configured penny/microcap filters.
XLO,Xilio Therapeutics Inc. Common Stock,8.91,58629128.0,12889.0,,114840.99,NASDAQ,Health Care,Biotechnology: Pharmaceutical Preparations,,True,Matched broad public screener and configured penny/microcap filters.
GENK,GEN Restaurant Group Inc. Class A Common Stock,1.68,58630228.0,33482.0,,56249.759999999995,NASDAQ,Consumer Discretionary,Restaurants,,True,Matched broad public screener and configured penny/microcap filters.
CABO,Cable One Inc. Common Stock,10.36,58781863.0,444048.0,,4600337.279999999,NYSE,Telecommunications,Cable & Other Pay Television Services,,True,Matched broad public screener and configured penny/microcap filters.
BOLD,Boundless Bio Inc. Common Stock,2.59,58917281.0,163791.0,,424218.69,NASDAQ,Health Care,Biotechnology: Pharmaceutical Preparations,,True,Matched broad public screener and configured penny/microcap filters.
SLSN,Solesence Inc. Common Stock,0.8343,58940830.0,3977.0,,3318.0111,NASDAQ,Consumer Discretionary,Package Goods/Cosmetics,,True,Matched broad public screener and configured penny/microcap filters.
SPCB,SuperCom Ltd. Ordinary Shares (Israel),9.46,59413076.0,81003.0,,766288.3800000001,NASDAQ,Technology,Semiconductors,,True,Matched broad public screener and configured penny/microcap filters.
CTM,Castellum Inc. Common Stock,0.627,59427866.0,284888.0,,178624.776,AMEX,Consumer Discretionary,Professional Services,,True,Matched broad public screener and configured penny/microcap filters.
TDTH,Trident Digital Tech Holdings Ltd Class B Ordinary Shares,1.01,59653455.0,19125.0,,19316.25,NASDAQ,Consumer Discretionary,Business Services,,True,Matched broad public screener and configured penny/microcap filters.
SORA,AsiaStrategy Ordinary Shares,2.4,59673600.0,5347868.0,,12834883.2,NASDAQ,Industrials,Other Specialty Stores,,True,Matched broad public screener and configured penny/microcap filters.
ZYBT,Zhengye Biotechnology Holding Limited Class A Ordinary Shares,1.26,59713134.0,13855.0,,17457.3,NASDAQ,Health Care,Biotechnology: Pharmaceutical Preparations,,True,Matched broad public screener and configured penny/microcap filters.
YTRA,Yatra Online Inc. Ordinary Shares,0.936,59877124.0,14026.0,,13128.336000000001,NASDAQ,Consumer Discretionary,Transportation Services,,True,Matched broad public screener and configured penny/microcap filters.
COPR,Idaho Copper Corporation Common Stock,3.19,59903747.0,36166.0,,115369.54,AMEX,Basic Materials,Metal Mining,,True,Matched broad public screener and configured penny/microcap filters.
PEW,GrabAGun Digital Holdings Inc. Common Stock,2.03,59912279.0,234354.0,,475738.61999999994,NYSE,Consumer Discretionary,Other Specialty Stores,,True,Matched broad public screener and configured penny/microcap filters.
ZOOZ,ZOOZ Strategy Ltd. Ordinary Shares,7.49,59991964.0,8435.0,,63178.15,NASDAQ,Technology,Industrial Machinery/Components,,True,Matched broad public screener and configured penny/microcap filters.
BATL,Battalion Oil Corporation Common Stock,1.05,60146263.0,2201021.0,,2311072.0500000003,AMEX,Energy,Oil & Gas Production,,True,Matched broad public screener and configured penny/microcap filters.
UAVS,AgEagle Aerial Systems Inc. Common Stock,0.9562,60150436.0,335085.0,,320408.277,AMEX,Industrials,Aerospace,,True,Matched broad public screener and configured penny/microcap filters.
DGNX,Diginex Limited Ordinary Shares,1.2,60156156.0,147847.0,,177416.4,NASDAQ,Technology,EDP Services,,True,Matched broad public screener and configured penny/microcap filters.
DRIO,DarioHealth Corp. Common Stock,6.16,60364803.0,56067.0,,345372.72000000003,NASDAQ,Health Care,Medical/Dental Instruments,,True,Matched broad public screener and configured penny/microcap filters.
PAAI,Paradium.AI Inc. Common Stock,1.27,60465529.0,366798.0,,465833.46,AMEX,Technology,EDP Services,,True,Matched broad public screener and configured penny/microcap filters.
PVL,Permianville Royalty Trust Units of Beneficial Interest,1.84,60720000.0,31362.0,,57706.08,NYSE,Energy,Oil & Gas Production,,True,Matched broad public screener and configured penny/microcap filters.
SATLW,Satellogic Inc. Warrant,0.3974,61096241.0,1665.0,,661.6709999999999,NASDAQ,Technology,Radio And Television Broadcasting And Communications Equipment,,True,Matched broad public screener and configured penny/microcap filters.
RML,Resolution Minerals Ltd American Depositary Shares,5.46,61142467.0,9443.0,,51558.78,NASDAQ,,,,True,Matched broad public screener and configured penny/microcap filters.
YIBO,Planet Image International Limited Class A Ordinary Shares,1.04,61603590.0,2383.0,,2478.32,NASDAQ,Technology,Computer peripheral equipment,,True,Matched broad public screener and configured penny/microcap filters.
CNTB,Connect Biopharma Holdings Limited Ordinary Shares,0.9797,61695931.0,7941234.0,,7780026.9498000005,NASDAQ,Health Care,Biotechnology: Pharmaceutical Preparations,,True,Matched broad public screener and configured penny/microcap filters.
GEOS,Geospace Technologies Corporation Common Stock (Texas),4.77,61702826.0,71662.0,,341827.74,NASDAQ,Industrials,Industrial Machinery/Components,,True,Matched broad public screener and configured penny/microcap filters.
FRMM,Forum Markets Incorporated Common Stock,4.69,61903066.0,59156.0,,277441.64,NASDAQ,Finance,Finance: Consumer Services,,True,Matched broad public screener and configured penny/microcap filters.
BOF,BranchOut Food Inc. Common Stock,3.81,61949480.0,5984.0,,22799.04,NASDAQ,Consumer Staples,Packaged Foods,,True,Matched broad public screener and configured penny/microcap filters.
AUROW,Aurora Innovation Inc. Warrant,0.031,62128813.0,13607.0,,421.817,NASDAQ,Technology,EDP Services,,True,Matched broad public screener and configured penny/microcap filters.
NMAD,Nomad Power Solutions Inc. Common Stock,3.86,62150122.0,153786.0,,593613.96,NASDAQ,Health Care,Biotechnology: Pharmaceutical Preparations,,True,Matched broad public screener and configured penny/microcap filters.
ACET,Adicet Bio Inc. Common Stock,6.64,62160294.0,149057.0,,989738.48,NASDAQ,Health Care,Biotechnology: Pharmaceutical Preparations,,True,Matched broad public screener and configured penny/microcap filters.
ESYN,EnerSyn Global Inc. Common Stock,2.1,62425440.0,30373.0,,63783.3,NASDAQ,Health Care,Other Pharmaceuticals,,True,Matched broad public screener and configured penny/microcap filters.
HYFT,MindWalk Holdings Corp. Common Stock,1.33,62658518.0,117092.0,,155732.36000000002,NASDAQ,Health Care,Biotechnology: Pharmaceutical Preparations,,True,Matched broad public screener and configured penny/microcap filters.
WNW,Meiwu Technology Company Limited Ordinary Shares,2.38,62666521.0,26414.0,,62865.32,NASDAQ,Consumer Discretionary,Package Goods/Cosmetics,,True,Matched broad public screener and configured penny/microcap filters.
WBX,Wallbox N.V. Class A Ordinary Shares,2.63,62833590.0,54884.0,,144344.91999999998,NYSE,Consumer Discretionary,Industrial Specialties,,True,Matched broad public screener and configured penny/microcap filters.
CLSKW,CleanSpark Inc. Warrant,0.2455,63048591.0,114289.0,,28057.9495,NASDAQ,Finance,Finance: Consumer Services,,True,Matched broad public screener and configured penny/microcap filters.
SGLD,Scorpio Gold Corporation American Depositary Shares ,3.65,63174967.0,200548.0,,732000.2,NASDAQ,,,,True,Matched broad public screener and configured penny/microcap filters.
ELOX,Eloxx Pharmaceuticals Inc. Common Stock,15.71,63412771.0,10888.0,,171050.48,NASDAQ,Health Care,Biotechnology: Biological Products (No Diagnostic Substances),,True,Matched broad public screener and configured penny/microcap filters.
ATHE,Alterity Therapeutics Limited American Depositary Shares,3.49,63547204.0,23206.0,,80988.94,NASDAQ,Health Care,Biotechnology: Pharmaceutical Preparations,,True,Matched broad public screener and configured penny/microcap filters.
INCR,Intercure Ltd. Ordinary Shares,5.37,63611468.0,2012.0,,10804.44,NASDAQ,Health Care,Biotechnology: Pharmaceutical Preparations,,True,Matched broad public screener and configured penny/microcap filters.
MYO,Myomo Inc. Common Stock,1.61,63768645.0,305622.0,,492051.42000000004,AMEX,Health Care,Industrial Specialties,,True,Matched broad public screener and configured penny/microcap filters.
COE,51Talk Online Education Group American depositary shares each representing 60 Class A ordinary shares,10.66,64037978.0,19723.0,,210247.18,AMEX,Real Estate,Other Consumer Services,,True,Matched broad public screener and configured penny/microcap filters.
DXR,Daxor Corporation Common Stock,10.98,64103700.0,16094.0,,176712.12,NASDAQ,Health Care,Medical/Dental Instruments,,True,Matched broad public screener and configured penny/microcap filters.
KDKRW,Kodiak AI Inc. Warrants,0.32,64197814.0,62026.0,,19848.32,NASDAQ,Technology,EDP Services,,True,Matched broad public screener and configured penny/microcap filters.
PCLA,PicoCELA Inc. American Depositary Shares,6.68,64220217.0,10108.0,,67521.44,NASDAQ,Consumer Discretionary,Building Products,,True,Matched broad public screener and configured penny/microcap filters.
GGR,Gogoro Inc. Ordinary Shares,3.12,64320413.0,12904.0,,40260.48,NASDAQ,Industrials,Auto Manufacturing,,True,Matched broad public screener and configured penny/microcap filters.
WFCF,Where Food Comes From Inc. Common Stock,12.94,64436839.0,1917747.0,,24815646.18,NASDAQ,Technology,Computer Software: Prepackaged Software,,True,Matched broad public screener and configured penny/microcap filters.
ZONE,Zone Frontier Inc. Class B Common Stock,0.1268,64519677.0,5259107.0,,666854.7676,AMEX,Consumer Discretionary,Specialty Chemicals,,True,Matched broad public screener and configured penny/microcap filters.
WKEY,WISeKey International Holding Ltd American Depositary Shares,5.68,64540999.0,32827.0,,186457.36,NASDAQ,Technology,EDP Services,,True,Matched broad public screener and configured penny/microcap filters.
GNSS,Genasys Inc. Common Stock,1.42,64669653.0,88975.0,,126344.5,NASDAQ,Consumer Staples,Consumer Electronics/Appliances,,True,Matched broad public screener and configured penny/microcap filters.
TRT,Trio-Tech International Common Stock,6.23,64696669.0,378444.0,,2357706.12,NASDAQ,Technology,Industrial Machinery/Components,,True,Matched broad public screener and configured penny/microcap filters.
ALPS,ALPS Group Inc Ordinary Share,0.39,64896122.0,7229.0,,2819.31,NASDAQ,Health Care,Medical/Nursing Services,,True,Matched broad public screener and configured penny/microcap filters.
INKT,MiNK Therapeutics Inc. Common Stock,12.73,64961215.0,26758.0,,340629.34,NASDAQ,Health Care,Biotechnology: Biological Products (No Diagnostic Substances),,True,Matched broad public screener and configured penny/microcap filters.
PLRX,Pliant Therapeutics Inc. Common Stock,1.05,65017992.0,379564.0,,398542.2,NASDAQ,Health Care,Biotechnology: Pharmaceutical Preparations,,True,Matched broad public screener and configured penny/microcap filters.
IPWR,Ideal Power Inc. Common Stock,3.97,65245580.0,53550.0,,212593.5,NASDAQ,Technology,Semiconductors,,True,Matched broad public screener and configured penny/microcap filters.
STKE,Sol Strategies Inc. Common Shares,1.67,65943088.0,342652.0,,572228.84,NASDAQ,,,,True,Matched broad public screener and configured penny/microcap filters.
WWR,Westwater Resources Inc. Common Stock,0.5158,66313741.0,628899.0,,324386.1042,AMEX,Basic Materials,Metal Mining,,True,Matched broad public screener and configured penny/microcap filters.
CITR,CitroTech Inc. Common Stock,2.92,66337086.0,84624.0,,247102.08,AMEX,Industrials,Major Chemicals,,True,Matched broad public screener and configured penny/microcap filters.
AEC,Anfield Energy Inc. Common Shares,3.36,67031919.0,13332.0,,44795.52,NASDAQ,Basic Materials,Metal Mining,,True,Matched broad public screener and configured penny/microcap filters.
XBIT,XBiotech Inc. Common Stock,2.2,67073008.0,13571.0,,29856.2,NASDAQ,Health Care,Biotechnology: Pharmaceutical Preparations,,True,Matched broad public screener and configured penny/microcap filters.
GEG,Great Elm Group Inc. Common Stock,2.16,67164962.0,8744.0,,18887.04,NASDAQ,Technology,Computer Software: Prepackaged Software,,True,Matched broad public screener and configured penny/microcap filters.
BZAI,Blaize Holdings Inc. Common Stock,0.4644,67259999.0,1725267.0,,801213.9948,NASDAQ,Technology,Semiconductors,,True,Matched broad public screener and configured penny/microcap filters.
HRTX,Heron Therapeutics Inc. Common Stock,0.3559,67568436.0,3182144.0,,1132525.0496,NASDAQ,Health Care,Biotechnology: Pharmaceutical Preparations,,True,Matched broad public screener and configured penny/microcap filters.
TMSWW,Teamshares Inc. Warrants,0.92,67767675.0,8428.0,,7753.76,NASDAQ,,,,True,Matched broad public screener and configured penny/microcap filters.
MEGL,Magic Empire Global Limited Class A Ordinary Shares,1.001,67810365.0,15592.0,,15607.591999999999,NASDAQ,Finance,Finance: Consumer Services,,True,Matched broad public screener and configured penny/microcap filters.
PRTS,CarParts.com Inc. Common Stock,8.41,67830283.0,53277.0,,448059.57,NASDAQ,Consumer Discretionary,Auto & Home Supply Stores,,True,Matched broad public screener and configured penny/microcap filters.
KLRS,Kalaris Therapeutics Inc. Common Stock,2.85,67844196.0,58628.0,,167089.80000000002,NASDAQ,Health Care,Biotechnology: Biological Products (No Diagnostic Substances),,True,Matched broad public screener and configured penny/microcap filters.
CSBR,Champions Oncology Inc. Common Stock,4.88,67922617.0,2423.0,,11824.24,NASDAQ,Health Care,Biotechnology: Biological Products (No Diagnostic Substances),,True,Matched broad public screener and configured penny/microcap filters.
TGE,The Generation Essentials Group Class A Ordinary Shares,1.4,68243851.0,7207363.0,,10090308.2,NYSE,Consumer Discretionary,Newspapers/Magazines,,True,Matched broad public screener and configured penny/microcap filters.
TYGO,Tigo Energy Inc. Common Stock,0.8921,68489828.0,264194.0,,235687.4674,NASDAQ,Technology,Semiconductors,,True,Matched broad public screener and configured penny/microcap filters.
HOUR,Hour Loop Inc. Common Stock,1.9462,68505890.0,6609.0,,12862.4358,NASDAQ,Consumer Discretionary,Catalog/Specialty Distribution,,True,Matched broad public screener and configured penny/microcap filters.
AIFU,AIFU Inc. Class A Ordinary Share,11.12,68673851.0,12253.0,,136253.36,NASDAQ,Finance,Specialty Insurers,,True,Matched broad public screener and configured penny/microcap filters.
NTWK,NetSol Technologies Inc. Common  Stock,5.75,68727266.0,142240.0,,817880.0,NASDAQ,Technology,Computer Software: Prepackaged Software,,True,Matched broad public screener and configured penny/microcap filters.
SCOR,comScore Inc. Common Stock,4.53,68784997.0,10052.0,,45535.560000000005,NASDAQ,Consumer Discretionary,Business Services,,True,Matched broad public screener and configured penny/microcap filters.
NEXM,NexMetals Mining Corp. Common Shares,1.93,68800957.0,33521.0,,64695.53,NASDAQ,Basic Materials,Metal Mining,,True,Matched broad public screener and configured penny/microcap filters.
CRT,Cross Timbers Royalty Trust Common Stock,11.48,68880000.0,9559.0,,109737.32,NYSE,Energy,Oil & Gas Production,,True,Matched broad public screener and configured penny/microcap filters.
SEV,Aptera Motors Corp. Class B Common Stock,1.7,68923313.0,1153372.0,,1960732.4,NASDAQ,Industrials,Auto Manufacturing,,True,Matched broad public screener and configured penny/microcap filters.
FBIO,Fortress Biotech Inc. Common Stock,2.07,69036556.0,286254.0,,592545.7799999999,NASDAQ,Health Care,Biotechnology: Pharmaceutical Preparations,,True,Matched broad public screener and configured penny/microcap filters.
CING,Cingulate Inc. Common Stock,4.75,69073674.0,48989.0,,232697.75,NASDAQ,Health Care,Biotechnology: Pharmaceutical Preparations,,True,Matched broad public screener and configured penny/microcap filters.
MHLA,Maiden Holdings Ltd. 6.625% Notes due 2046,8.93,69135551.0,5005.0,,44694.65,NYSE,Finance,Property-Casualty Insurers,,True,Matched broad public screener and configured penny/microcap filters.
CVU,CPI Aerostructures Inc. Common Stock,5.22,69163611.0,50630.0,,264288.6,AMEX,Industrials,Military/Government/Technical,,True,Matched broad public screener and configured penny/microcap filters.
MB,MasterBeef Group Ordinary Shares,4.04,69306200.0,24003.0,,96972.12,NASDAQ,Consumer Discretionary,Restaurants,,True,Matched broad public screener and configured penny/microcap filters.
AIFC,AI Financial Corporation Common Stock,0.4966,69442811.0,530707.0,,263549.09619999997,NASDAQ,Finance,Investment Bankers/Brokers/Service,,True,Matched broad public screener and configured penny/microcap filters.
CLST,Catalyst Bancorp Inc. Common Stock,17.25,69582895.0,7790.0,,134377.5,NASDAQ,Finance,Savings Institutions,,True,Matched broad public screener and configured penny/microcap filters.
JFIN,Jiayin Group Inc. American Depositary Shares,1.33,69598296.0,26571.0,,35339.43,NASDAQ,Finance,Finance: Consumer Services,,True,Matched broad public screener and configured penny/microcap filters.
THRY,Thryv Holdings Inc. Common Stock,1.57,69769404.0,770733.0,,1210050.81,NASDAQ,Consumer Discretionary,Advertising,,True,Matched broad public screener and configured penny/microcap filters.
PODC,PodcastOne Inc. Common Stock,2.31,69883728.0,51563.0,,119110.53,NASDAQ,Technology,Computer Software: Programming Data Processing,,True,Matched broad public screener and configured penny/microcap filters.
RNXT,RenovoRx Inc. Common Stock,1.55,69950737.0,404037.0,,626257.35,NASDAQ,Health Care,Biotechnology: Pharmaceutical Preparations,,True,Matched broad public screener and configured penny/microcap filters.
CHWM,Chilwa Minerals Limited American Depository Shares,6.6,69964019.0,223206.0,,1473159.5999999999,NASDAQ,,,,True,Matched broad public screener and configured penny/microcap filters.
SHMDW,SCHMID Group N.V. Warrants,1.15,70102738.0,12646.0,,14542.9,NASDAQ,Technology,Industrial Machinery/Components,,True,Matched broad public screener and configured penny/microcap filters.
OKYO,OKYO Pharma Limited Ordinary Shares,1.34,70322566.0,16907.0,,22655.38,NASDAQ,Health Care,Biotechnology: Biological Products (No Diagnostic Substances),,True,Matched broad public screener and configured penny/microcap filters.
ADBT,Advasa Holdings Inc. Common Stock,0.1445,70380994.0,73199027.0,,10577259.4015,NASDAQ,Technology,Computer Software: Prepackaged Software,,True,Matched broad public screener and configured penny/microcap filters.
PSIG,PS International Group Ltd. Ordinary Shares,4.58,70444165.0,418281.0,,1915726.98,NASDAQ,Industrials,Integrated Freight & Logistics,,True,Matched broad public screener and configured penny/microcap filters.
ASPS,Altisource Portfolio Solutions S.A. Common Stock,6.17,70462671.0,33464.0,,206472.88,NASDAQ,Consumer Discretionary,Other Consumer Services,,True,Matched broad public screener and configured penny/microcap filters.
OM,Outset Medical Inc. Common Stock,3.75,70489365.0,983783.0,,3689186.25,NASDAQ,Health Care,Biotechnology: Electromedical & Electrotherapeutic Apparatus,,True,Matched broad public screener and configured penny/microcap filters.
GECC,Great Elm Capital Corp. Common Stock,5.08,70559930.0,42099.0,,213862.92,NASDAQ,Finance,Finance: Consumer Services,,True,Matched broad public screener and configured penny/microcap filters.
AIRJW,AirJoule Technologies Corporation Warrant,0.9444,71025394.0,17262.0,,16302.2328,NASDAQ,Industrials,Industrial Machinery/Components,,True,Matched broad public screener and configured penny/microcap filters.
UEIC,Universal Electronics Inc. Common Stock,5.515,71061117.0,29857.0,,164661.35499999998,NASDAQ,Consumer Staples,Consumer Electronics/Appliances,,True,Matched broad public screener and configured penny/microcap filters.
STEX,Streamex Corp. Common Stock,0.6123,71311775.0,685645.0,,419820.4335,NASDAQ,Finance,Finance: Consumer Services,,True,Matched broad public screener and configured penny/microcap filters.
IBIO,iBio Inc. Common Stock,1.11,71381054.0,341293.0,,378835.23000000004,NASDAQ,Health Care,Biotechnology: Pharmaceutical Preparations,,True,Matched broad public screener and configured penny/microcap filters.
ORIQU,Origin Investment Corp I Units,10.35,71415000.0,2.0,,20.7,NASDAQ,,,,True,Matched broad public screener and configured penny/microcap filters.
IOR,Income Opportunity Realty Investors Inc. Common Stock,17.6,71564733.0,670.0,,11792.000000000002,AMEX,Real Estate,Real Estate Investment Trusts,,True,Matched broad public screener and configured penny/microcap filters.
GUTS,Fractyl Health Inc. Common Stock,0.4501,71646850.0,5547998.0,,2497153.8998,NASDAQ,Health Care,Medical/Dental Instruments,,True,Matched broad public screener and configured penny/microcap filters.
INSG,Inseego Corp. Common Stock,4.37,71757987.0,2178582.0,,9520403.34,NASDAQ,Telecommunications,Telecommunications Equipment,,True,Matched broad public screener and configured penny/microcap filters.
RSSS,Research Solutions Inc Common Stock,2.13,71914485.0,16142.0,,34382.46,NASDAQ,Technology,EDP Services,,True,Matched broad public screener and configured penny/microcap filters.
GOAI,Eva Live Inc. Common Stock,1.8,71989452.0,62850.0,,113130.0,NASDAQ,Technology,Computer Software: Programming Data Processing,,True,Matched broad public screener and configured penny/microcap filters.
TENX,Tenax Therapeutics Inc. Common Stock,1.93,72228160.0,2291867.0,,4423303.31,NASDAQ,Health Care,Biotechnology: Pharmaceutical Preparations,,True,Matched broad public screener and configured penny/microcap filters.
CEV,Eaton Vance California Municipal Income Trust Shares of Beneficial Interest,10.27,72234815.0,17143.0,,176058.61,AMEX,Finance,Finance/Investors Services,,True,Matched broad public screener and configured penny/microcap filters.
MAIA,MAIA Biotechnology Inc. Common Stock,1.17,72238077.0,781526.0,,914385.4199999999,AMEX,Health Care,Biotechnology: Pharmaceutical Preparations,,True,Matched broad public screener and configured penny/microcap filters.
LNZA,LanzaTech Global Inc. Common Stock,5.53,72383071.0,22703.0,,125547.59000000001,NASDAQ,Industrials,Major Chemicals,,True,Matched broad public screener and configured penny/microcap filters.
NEOVW,NeoVolta Inc. Warrant,1.23,72586294.0,203.0,,249.69,NASDAQ,Miscellaneous,Industrial Machinery/Components,,True,Matched broad public screener and configured penny/microcap filters.
NAMM,Namib Minerals Ordinary Shares,1.3,72608128.0,27207408.0,,35369630.4,NASDAQ,Basic Materials,Precious Metals,,True,Matched broad public screener and configured penny/microcap filters.
OPXS,Optex Systems Holdings Inc. Common Stock,10.44,72661074.0,22854.0,,238595.75999999998,NASDAQ,Technology,Electronic Components,,True,Matched broad public screener and configured penny/microcap filters.
TTEC,TTEC Holdings Inc. Common Stock,1.485,73204471.0,1291363.0,,1917674.0550000002,NASDAQ,Consumer Discretionary,Professional Services,,True,Matched broad public screener and configured penny/microcap filters.
NTIC,Northern Technologies International Corporation Common Stock,7.71,73217545.0,5129.0,,39544.59,NASDAQ,Industrials,Industrial Specialties,,True,Matched broad public screener and configured penny/microcap filters.
SPRO,Spero Therapeutics Inc. Common Stock,1.26,73375882.0,1039216.0,,1309412.16,NASDAQ,Health Care,Biotechnology: Pharmaceutical Preparations,,True,Matched broad public screener and configured penny/microcap filters.
GLBS,Globus Maritime Limited Common Stock,3.4,73379823.0,385026.0,,1309088.4,NASDAQ,Consumer Discretionary,Marine Transportation,,True,Matched broad public screener and configured penny/microcap filters.
CPSH,CPS Technologies Corp. Common Stock,3.79,73480300.0,82704.0,,313448.16,NASDAQ,Consumer Discretionary,Building Materials,,True,Matched broad public screener and configured penny/microcap filters.
RNTX,Rein Therapeutics Inc. Common Stock,0.8521,73508138.0,1108054.0,,944172.8134,NASDAQ,Health Care,Biotechnology: Pharmaceutical Preparations,,True,Matched broad public screener and configured penny/microcap filters.
GLV,Clough Global Dividend and Income Fund Common Shares of beneficial interest,5.8,73715581.0,40674.0,,235909.19999999998,AMEX,Finance,Finance/Investors Services,,True,Matched broad public screener and configured penny/microcap filters.
AMCI,AMC Robotics Corporation Common Stock,3.19,74028489.0,30758.0,,98118.02,NASDAQ,Consumer Discretionary,Home Furnishings,,True,Matched broad public screener and configured penny/microcap filters.
JRSH,Jerash Holdings (US) Inc. Common Stock,5.83,74040650.0,45164.0,,263306.12,NASDAQ,Consumer Discretionary,Apparel,,True,Matched broad public screener and configured penny/microcap filters.
ATLX,Atlas Lithium Corporation Common Stock,2.46,74045520.0,205264.0,,504949.44,NASDAQ,Industrials,Mining & Quarrying of Nonmetallic Minerals (No Fuels),,True,Matched broad public screener and configured penny/microcap filters.
AMTD,AMTD IDEA Group American Depositary Shares each representing six (6) Class A Ordinary Shares,0.7742,74095240.0,15785.0,,12220.747,NYSE,Finance,Finance: Consumer Services,,True,Matched broad public screener and configured penny/microcap filters.
OPNW,OpenWorld Inc. Common Stock,5.54,74276774.0,983662.0,,5449487.48,NASDAQ,Technology,EDP Services,,True,Matched broad public screener and configured penny/microcap filters.
DTCX,Datacentrex Inc. Common Stock,1.86,74667144.0,65823.0,,122430.78000000001,NASDAQ,Technology,EDP Services,,True,Matched broad public screener and configured penny/microcap filters.
OSTX,OS Therapies Incorporated Common Stock,1.61,74817972.0,329645.0,,530728.4500000001,AMEX,Health Care,Biotechnology: Pharmaceutical Preparations,,True,Matched broad public screener and configured penny/microcap filters.
BSIN,Big Sky Industrial Inc. Common Stock,1.43,75065602.0,505333.0,,722626.19,NASDAQ,Energy,Oil & Gas Production,,True,Matched broad public screener and configured penny/microcap filters.
GANX,Gain Therapeutics Inc. Common Stock,1.72,75067025.0,497423.0,,855567.5599999999,NASDAQ,Health Care,Biotechnology: Pharmaceutical Preparations,,True,Matched broad public screener and configured penny/microcap filters.
BLUW,Blue Water Acquisition Corp. III Class A Ordinary Shares,10.38,75203100.0,65942.0,,684477.9600000001,NASDAQ,,,,True,Matched broad public screener and configured penny/microcap filters.
VERI,Veritone Inc. Common Stock,0.7494,75282527.0,24891625.0,,18653783.775,NASDAQ,Technology,EDP Services,,True,Matched broad public screener and configured penny/microcap filters.
ASRV,AmeriServ Financial Inc. Common Stock,4.45,75557738.0,9905.0,,44077.25,NASDAQ,Finance,Major Banks,,True,Matched broad public screener and configured penny/microcap filters.
ARBE,Arbe Robotics Ltd. Ordinary Shares,0.592,75858392.0,1366902.0,,809205.9839999999,NASDAQ,Technology,EDP Services,,True,Matched broad public screener and configured penny/microcap filters.
OPENZ,Opendoor Technologies Inc  Series Z Warrants each whole warrant exercisable to purchase one share of Common Stock at an exercise price of $17.00 per warrant,0.0782,75939320.0,288259.0,,22541.8538,NASDAQ,Finance,Real Estate,,True,Matched broad public screener and configured penny/microcap filters.
SLQT,SelectQuote Inc. Common Stock,0.426,76365527.0,660884.0,,281536.584,NYSE,Finance,Specialty Insurers,,True,Matched broad public screener and configured penny/microcap filters.
AISP,Airship AI Holdings Inc. Class A Common Stock,2.22,76455828.0,41942762.0,,93112931.64000002,NASDAQ,Technology,Computer Software: Prepackaged Software,,True,Matched broad public screener and configured penny/microcap filters.
FSI,Flexible Solutions International Inc. Common Stock (CDA),6.0,76634988.0,18599.0,,111594.0,AMEX,Industrials,Major Chemicals,,True,Matched broad public screener and configured penny/microcap filters.
CSPI,CSP Inc. Common Stock,7.63,76915321.0,7932.0,,60521.159999999996,NASDAQ,Technology,EDP Services,,True,Matched broad public screener and configured penny/microcap filters.
BLNK,Blink Charging Co. Common Stock,0.531,76962458.0,1159187.0,,615528.297,NASDAQ,Miscellaneous,Industrial Machinery/Components,,True,Matched broad public screener and configured penny/microcap filters.
BARK,BARK Inc. Class A Common Stock,8.52,76965054.0,34332.0,,292508.64,NYSE,Consumer Discretionary,Other Specialty Stores,,True,Matched broad public screener and configured penny/microcap filters.
KBSX,FST Corp. Ordinary Shares,1.72,76997525.0,74347.0,,127876.84,NASDAQ,Consumer Discretionary,Recreational Games/Products/Toys,,True,Matched broad public screener and configured penny/microcap filters.
SRL,Scully Royalty Ltd.,5.066,77136694.0,2604.0,,13191.864,NYSE,Industrials,Precious Metals,,True,Matched broad public screener and configured penny/microcap filters.
NRT,North European Oil Royality Trust Common Stock,8.4,77200956.0,17220.0,,144648.0,NYSE,Energy,Oil & Gas Production,,True,Matched broad public screener and configured penny/microcap filters.
ROC,Rank One Computing Corporation Common stock,4.05,77274514.0,34752.0,,140745.6,NASDAQ,Technology,Computer Software: Prepackaged Software,,True,Matched broad public screener and configured penny/microcap filters.
GDHG,Golden Heaven Group Holdings Ltd. Class A Ordinary Shares,1.18,77279262.0,2838.0,,3348.8399999999997,NASDAQ,Consumer Discretionary,Services-Misc. Amusement & Recreation,,True,Matched broad public screener and configured penny/microcap filters.
ISPR,Ispire Technology Inc. Common Stock,1.34,77390991.0,13647.0,,18286.98,NASDAQ,Health Care, Medicinal Chemicals and Botanical Products ,,True,Matched broad public screener and configured penny/microcap filters.
VRCA,Verrica Pharmaceuticals Inc. Common Stock,4.515,77562219.0,55313.0,,249738.19499999998,NASDAQ,Health Care,Biotechnology: Pharmaceutical Preparations,,True,Matched broad public screener and configured penny/microcap filters.
AZI,Autozi Internet Technology (Global) Ltd. Class A Ordinary Shares,1.17,77629575.0,74625.0,,87311.25,NASDAQ,Consumer Discretionary,Automotive Aftermarket,,True,Matched broad public screener and configured penny/microcap filters.
BTCS,BTCS Inc. Common Stock,1.48,77658473.0,1693919.0,,2507000.12,NASDAQ,Finance,Finance: Consumer Services,,True,Matched broad public screener and configured penny/microcap filters.
OPENL,Opendoor Technologies Inc  Series A Warrants each whole warrant exercisable to purchase one share of Common Stock at an exercise price of $13.00 per warrant,0.08,77687284.0,356054.0,,28484.32,NASDAQ,Finance,Real Estate,,True,Matched broad public screener and configured penny/microcap filters.
VENU,Venu Holding Corporation Common Stock,1.32,77707527.0,734433.0,,969451.56,AMEX,Consumer Discretionary,Services-Misc. Amusement & Recreation,,True,Matched broad public screener and configured penny/microcap filters.
ALDX,Aldeyra Therapeutics Inc. Common Stock,1.29,77821083.0,1211453.0,,1562774.37,NASDAQ,Health Care,Biotechnology: Pharmaceutical Preparations,,True,Matched broad public screener and configured penny/microcap filters.
RFL,Rafael Holdings Inc. Class B Common Stock,1.5,77999994.0,505551.0,,758326.5,NYSE,Health Care,Biotechnology: Pharmaceutical Preparations,,True,Matched broad public screener and configured penny/microcap filters.
GCV,Gabelli Convertible and Income Securities Fund Inc. (The) Common Stock,4.1,78064119.0,46665.0,,191326.49999999997,NYSE,Finance,Finance/Investors Services,,True,Matched broad public screener and configured penny/microcap filters.
FATN,FatPipe Inc. Common Stock,5.53,78130428.0,29007.0,,160408.71000000002,NASDAQ,Technology,Computer Software: Prepackaged Software,,True,Matched broad public screener and configured penny/microcap filters.
PXS,Pyxis Tankers Inc. Common Stock,7.61,78193808.0,159306.0,,1212318.6600000001,NASDAQ,Consumer Discretionary,Marine Transportation,,True,Matched broad public screener and configured penny/microcap filters.
LSE,Leishen Energy Holding Co. Ltd. Class A Ordinary Shares,4.6,78315000.0,2879.0,,13243.4,NASDAQ,Consumer Discretionary,Oil and Gas Field Machinery,,True,Matched broad public screener and configured penny/microcap filters.
LFVN,Lifevantage Corporation Common Stock (Delaware),6.24,78558131.0,36177.0,,225744.48,NASDAQ,Health Care,Biotechnology: Pharmaceutical Preparations,,True,Matched broad public screener and configured penny/microcap filters.
WYY,WidePoint Corporation Common Stock,7.86,78586284.0,264347.0,,2077767.4200000002,AMEX,Technology,EDP Services,,True,Matched broad public screener and configured penny/microcap filters.
AVAT,Avalanche Treasury Corporation Class A Common Stock,1.8,78696799.0,881195.0,,1586151.0,NASDAQ,Finance,Finance: Consumer Services,,True,Matched broad public screener and configured penny/microcap filters.
DTF,DTF Tax-Free Income 2028 Term Fund Inc. Common Stock,11.2,78731150.0,50473.0,,565297.6,NYSE,Finance,Investment Managers,,True,Matched broad public screener and configured penny/microcap filters.
CHGG,Chegg Inc. Common Stock,0.7106,78896129.0,1179267.0,,837987.1302,NYSE,Real Estate,Other Consumer Services,,True,Matched broad public screener and configured penny/microcap filters.
AFCG,Advanced Flower Capital Inc. Common Stock,3.485,79011638.0,75630.0,,263570.55,NASDAQ,Finance,Real Estate,,True,Matched broad public screener and configured penny/microcap filters.
LUD,Luda Technology Group Limited Ordinary Shares,3.49,79188100.0,9090.0,,31724.100000000002,AMEX,Industrials,Steel/Iron Ore,,True,Matched broad public screener and configured penny/microcap filters.
TSQ,Townsquare Media Inc. Class A Common Stock,4.35,79307630.0,106016.0,,461169.6,NYSE,Consumer Discretionary,Broadcasting,,True,Matched broad public screener and configured penny/microcap filters.
RFM,RiverNorth Flexible Municipal Income Fund Inc. Common Stock,12.97,79307646.0,16218.0,,210347.46000000002,NYSE,Finance,Finance/Investors Services,,True,Matched broad public screener and configured penny/microcap filters.
YDDL,One and One Green Technologies. Inc Class A Ordinary Shares,1.42,79567333.0,8981.0,,12753.019999999999,NASDAQ,Consumer Discretionary,Industrial Specialties,,True,Matched broad public screener and configured penny/microcap filters.
TGEN,Tecogen Inc. Common Stock,2.65,79997728.0,182927.0,,484756.55,AMEX,Industrials,Industrial Machinery/Components,,True,Matched broad public screener and configured penny/microcap filters.
YRD,Yiren Digital Ltd. American Depositary Shares each representing two ordinary shares,0.916,80139430.0,43732.0,,40058.512,NYSE,Finance,Finance: Consumer Services,,True,Matched broad public screener and configured penny/microcap filters.
USIO,Usio Inc. Common Stock,2.815,80214590.0,178385.0,,502153.77499999997,NASDAQ,Finance,Investment Bankers/Brokers/Service,,True,Matched broad public screener and configured penny/microcap filters.
MNOV,Medicinova Inc Common Stock,1.63,80230631.0,263272.0,,429133.36,NASDAQ,Health Care,Biotechnology: Pharmaceutical Preparations,,True,Matched broad public screener and configured penny/microcap filters.
TELO,Telomir Pharmaceuticals Inc. Common Stock,1.17,80466699.0,59761.0,,69920.37,NASDAQ,Health Care,Biotechnology: Pharmaceutical Preparations,,True,Matched broad public screener and configured penny/microcap filters.
SERA,Sera Prognostics Inc. Class A Common Stock,2.04,80476911.0,6695.0,,13657.800000000001,NASDAQ,Health Care,Medical Specialities,,True,Matched broad public screener and configured penny/microcap filters.
MBOT,Microbot Medical Inc. Common Stock,1.2,80597761.0,685529.0,,822634.7999999999,NASDAQ,Health Care,Medical/Dental Instruments,,True,Matched broad public screener and configured penny/microcap filters.
LNSR,LENSAR Inc. Common Stock,6.57,80718133.0,40950.0,,269041.5,NASDAQ,Health Care,Medical/Dental Instruments,,True,Matched broad public screener and configured penny/microcap filters.
DWSN,Dawson Geophysical Company Common Stock,2.6,80744607.0,253622.0,,659417.2000000001,NASDAQ,Energy,Oil & Gas Production,,True,Matched broad public screener and configured penny/microcap filters.
CPHC,Canterbury Park Holding Corporation 'New' Common Stock,15.6,80860946.0,360.0,,5616.0,NASDAQ,Consumer Discretionary,Services-Misc. Amusement & Recreation,,True,Matched broad public screener and configured penny/microcap filters.
MHNC,Maiden Holdings North America Ltd. 7.75% Notes due 2043,10.468,81042659.0,4366.0,,45703.288,NYSE,Finance,Property-Casualty Insurers,,True,Matched broad public screener and configured penny/microcap filters.
CMCM,Cheetah Mobile Inc. American Depositary Shares each representing fifty (50) Class A Ordinary Shares,2.6001,81060296.0,1623.0,,4219.9623,NYSE,Technology,Computer Software: Prepackaged Software,,True,Matched broad public screener and configured penny/microcap filters.
ACR,ACRES Commercial Realty Corp. Common Stock,10.87,81290882.0,59587.0,,647710.69,NYSE,Real Estate,Real Estate Investment Trusts,,True,Matched broad public screener and configured penny/microcap filters.
NAAS,NaaS Technology Inc. American Depositary Shares,3.31,81303096.0,14683.0,,48600.73,NASDAQ,Consumer Discretionary,Other Specialty Stores,,True,Matched broad public screener and configured penny/microcap filters.
BYRN,Byrna Technologies Inc. Common Stock,3.48,81448544.0,337673.0,,1175102.04,NASDAQ,Miscellaneous,Industrial Machinery/Components,,True,Matched broad public screener and configured penny/microcap filters.
DTI,Drilling Tools International Corporation Common Stock,2.31,81501937.0,39974.0,,92339.94,NASDAQ,Consumer Discretionary,Oil and Gas Field Machinery,,True,Matched broad public screener and configured penny/microcap filters.
SSBI,Summit State Bank Common Stock,12.25,81745843.0,3068.0,,37583.0,NASDAQ,Finance,Major Banks,,True,Matched broad public screener and configured penny/microcap filters.
WSTN,Westin Acquisition Corp Class A Ordinary Share,10.15,81758250.0,6.0,,60.900000000000006,NASDAQ,Technology,EDP Services,,True,Matched broad public screener and configured penny/microcap filters.
ONCY,Oncolytics Biotech Inc. Common Stock,0.6412,81759736.0,693120.0,,444428.544,NASDAQ,Health Care,Biotechnology: Pharmaceutical Preparations,,True,Matched broad public screener and configured penny/microcap filters.
PBHC,Pathfinder Bancorp Inc. Common Stock (MD),16.71,81851596.0,468.0,,7820.280000000001,NASDAQ,Finance,Major Banks,,True,Matched broad public screener and configured penny/microcap filters.
SKIN,SkinHealth Systems Inc. Class A Common Stock,0.63,81988681.0,353988.0,,223012.44,NASDAQ,Health Care,Medical/Dental Instruments,,True,Matched broad public screener and configured penny/microcap filters.
UBCP,United Bancorp Inc. Common Stock,14.3,82017907.0,5251.0,,75089.3,NASDAQ,Finance,Major Banks,,True,Matched broad public screener and configured penny/microcap filters.
LUNG,Pulmonx Corporation Common Stock,1.91,82031194.0,166801.0,,318589.91,NASDAQ,Health Care,Medical/Dental Instruments,,True,Matched broad public screener and configured penny/microcap filters.
HNNA,Hennessy Advisors Inc. Common Stock,10.39,82126820.0,14945.0,,155278.55000000002,NASDAQ,Finance,Investment Managers,,True,Matched broad public screener and configured penny/microcap filters.
EIC,Eagle Point Income Company Common Shares of Beneficial Interest,9.23,82221837.0,423693.0,,3910686.39,NYSE,Finance,Finance/Investors Services,,True,Matched broad public screener and configured penny/microcap filters.
NDLS,Noodles & Company Class A Common Stock,13.8,82339908.0,15177.0,,209442.6,NASDAQ,Consumer Discretionary,Restaurants,,True,Matched broad public screener and configured penny/microcap filters.
ARQ,Arq Inc. Common Stock,1.89,82533433.0,202160.0,,382082.39999999997,NASDAQ,Industrials,Major Chemicals,,True,Matched broad public screener and configured penny/microcap filters.
OPTXW,Syntec Optics Holdings Inc. Warrant,2.05,82573750.0,15515.0,,31805.749999999996,NASDAQ,Technology,Electronic Components,,True,Matched broad public screener and configured penny/microcap filters.
MNTS,Momentus Inc. Class A Common Stock,3.76,82582388.0,447699.0,,1683348.24,NASDAQ,Industrials,Military/Government/Technical,,True,Matched broad public screener and configured penny/microcap filters.
CPBI,Central Plains Bancshares Inc. Common Stock,19.9899,83402580.0,6124.0,,122418.1476,NASDAQ,Finance,Savings Institutions,,True,Matched broad public screener and configured penny/microcap filters.
RPT,Rithm Property Trust Inc. Common stock,10.76,83632789.0,51754.0,,556873.04,NYSE,Real Estate,Real Estate Investment Trusts,,True,Matched broad public screener and configured penny/microcap filters.
SKYA,SkyAI Inc. Common Stock,1.94,83900162.0,287048.0,,556873.12,NASDAQ,Health Care,Medical/Dental Instruments,,True,Matched broad public screener and configured penny/microcap filters.
BCIC,BCP Investment Corporation Common Stock,6.79,84084997.0,38458.0,,261129.82,NASDAQ,Finance,Finance: Consumer Services,,True,Matched broad public screener and configured penny/microcap filters.
PMN,ProMIS Neurosciences Inc. Common Shares (ON),9.38,84116960.0,102146.0,,958129.4800000001,NASDAQ,Health Care,Biotechnology: Pharmaceutical Preparations,,True,Matched broad public screener and configured penny/microcap filters.
ETS,Elite Express Holding Inc. Class A Common Stock,1.73,84279843.0,76495.0,,132336.35,NASDAQ,Industrials,Trucking Freight/Courier Services,,True,Matched broad public screener and configured penny/microcap filters.
SUNS,Sunrise Realty Trust Inc. Common Stock,6.28,84879544.0,78379.0,,492220.12,NASDAQ,Real Estate,Real Estate Investment Trusts,,True,Matched broad public screener and configured penny/microcap filters.
EVF,Eaton Vance Senior Income Trust Common Stock,4.84,84888073.0,38010.0,,183968.4,NYSE,Finance,Investment Bankers/Brokers/Service,,True,Matched broad public screener and configured penny/microcap filters.
ATRA,Atara Biotherapeutics Inc. Common Stock,8.46,84919027.0,90938.0,,769335.4800000001,NASDAQ,Health Care,Biotechnology: Biological Products (No Diagnostic Substances),,True,Matched broad public screener and configured penny/microcap filters.
MMLP,Martin Midstream Partners L.P. Limited Partnership,2.18,85291815.0,17807.0,,38819.26,NASDAQ,Energy,Oil Refining/Marketing,,True,Matched broad public screener and configured penny/microcap filters.
KNDI,Kandi Technologies Group Inc. Ordinary Shares,0.85,85353060.0,532531.0,,452651.35,NASDAQ,Industrials,Auto Manufacturing,,True,Matched broad public screener and configured penny/microcap filters.
EMPD,Empery Digital Inc. Common stock,3.06,86016940.0,75227.0,,230194.62,NASDAQ,Industrials,Auto Manufacturing,,True,Matched broad public screener and configured penny/microcap filters.
ACRV,Acrivon Therapeutics Inc. Common Stock,2.01,86135258.0,316884.0,,636936.84,NASDAQ,Health Care,Biotechnology: Pharmaceutical Preparations,,True,Matched broad public screener and configured penny/microcap filters.
MGLD,The Marygold Companies Inc. Common Stock,2.02,86278745.0,305826.0,,617768.52,AMEX,Finance,Finance: Consumer Services,,True,Matched broad public screener and configured penny/microcap filters.
CCLD,CareCloud Inc. Common Stock,2.04,86687472.0,303262.0,,618654.48,NASDAQ,Technology,Computer Software: Prepackaged Software,,True,Matched broad public screener and configured penny/microcap filters.
FACWW,Factorial Energy Inc. Warrant,0.81,86688828.0,8946.0,,7246.26,NASDAQ,Miscellaneous,Industrial Machinery/Components,,True,Matched broad public screener and configured penny/microcap filters.
FTLF,FitLife Brands Inc. Common Stock,9.28,87149148.0,19008.0,,176394.24,NASDAQ,Health Care, Medicinal Chemicals and Botanical Products ,,True,Matched broad public screener and configured penny/microcap filters.
ICCC,ImmuCell Corporation Common Stock,9.6,87189091.0,39536.0,,379545.6,NASDAQ,Health Care,Biotechnology: In Vitro & In Vivo Diagnostic Substances,,True,Matched broad public screener and configured penny/microcap filters.
AEYE,AudioEye Inc. Common Stock,6.94,87233538.0,50616.0,,351275.04000000004,NASDAQ,Technology,Computer Software: Prepackaged Software,,True,Matched broad public screener and configured penny/microcap filters.
ATGL,Alpha Technology Group Limited Class A Ordinary Shares,5.3,87251250.0,2529.0,,13403.699999999999,NASDAQ,Technology,EDP Services,,True,Matched broad public screener and configured penny/microcap filters.
RFIL,RF Industries Ltd. Common Stock,8.05,87324476.0,163348.0,,1314951.4000000001,NASDAQ,Technology,Electrical Products,,True,Matched broad public screener and configured penny/microcap filters.
MHH,Mastech Digital Inc Common Stock,7.2699,87330263.0,2546.0,,18509.165399999998,AMEX,Consumer Discretionary,Professional Services,,True,Matched broad public screener and configured penny/microcap filters.
JLHL,Julong Holding Limited Class A Ordinary Shares,3.97,88128569.0,668583.0,,2654274.5100000002,NASDAQ,Consumer Discretionary,Military/Government/Technical,,True,Matched broad public screener and configured penny/microcap filters.
MGF,Aberdeen Government Markets Income Fund Common Shares of Beneficial Interest,2.71,88338935.0,79432.0,,215260.72,NYSE,Finance,Trusts Except Educational Religious and Charitable,,True,Matched broad public screener and configured penny/microcap filters.
PUSA,Powerus Corporation Common Stock,3.2,88459462.0,3644473.0,,11662313.600000001,NASDAQ,Consumer Discretionary,Hotels/Resorts,,True,Matched broad public screener and configured penny/microcap filters.
HDRN,Hadron Energy Inc. Common Stock  ,1.24,88658564.0,26397.0,,32732.28,NASDAQ,Utilities,Electric Utilities: Central,,True,Matched broad public screener and configured penny/microcap filters.
LGL,LGL Group Inc. (The) Common Stock,7.04,88796569.0,13452.0,,94702.08,AMEX,Technology,Industrial Machinery/Components,,True,Matched broad public screener and configured penny/microcap filters.
RLYB,Rallybio Corporation Common Stock,16.76,89003963.0,7087.0,,118778.12000000001,NASDAQ,Health Care,Biotechnology: Pharmaceutical Preparations,,True,Matched broad public screener and configured penny/microcap filters.
RGT,Royce Global Trust Inc. Common Stock,14.218,89103396.0,4671.0,,66412.278,NYSE,Finance,Trusts Except Educational Religious and Charitable,,True,Matched broad public screener and configured penny/microcap filters.
NTRB,Nutriband Inc. Common Stock,7.36,89465827.0,42189.0,,310511.04000000004,NASDAQ,Health Care,Industrial Specialties,,True,Matched broad public screener and configured penny/microcap filters.
GRWG,GrowGeneration Corp. Common Stock,1.52,89559082.0,320285.0,,486833.2,NASDAQ,Consumer Discretionary,RETAIL: Building Materials,,True,Matched broad public screener and configured penny/microcap filters.
SIEB,Siebert Financial Corp. Common Stock,2.18,89600040.0,8231.0,,17943.58,NASDAQ,Finance,Investment Bankers/Brokers/Service,,True,Matched broad public screener and configured penny/microcap filters.
SLNG,Stabilis Solutions Inc. Common Stock,4.83,89820134.0,23994.0,,115891.02,NASDAQ,Utilities,Oil/Gas Transmission,,True,Matched broad public screener and configured penny/microcap filters.
NRXS,Neuraxis Inc. Common Stock,7.17,90039175.0,134886.0,,967132.62,AMEX,Health Care,Biotechnology: Electromedical & Electrotherapeutic Apparatus,,True,Matched broad public screener and configured penny/microcap filters.
RMI,RiverNorth Opportunistic Municipal Income Fund Inc. Common Stock,14.21,90564138.0,41811.0,,594134.31,NYSE,Finance,Finance/Investors Services,,True,Matched broad public screener and configured penny/microcap filters.
FDSB,Fifth District Bancorp Inc. Common Stock,17.33,90733953.0,4935.0,,85523.54999999999,NASDAQ,Finance,Savings Institutions,,True,Matched broad public screener and configured penny/microcap filters.
FUSB,First US Bancshares Inc. Common Stock,16.49,90772651.0,2940.0,,48480.6,NASDAQ,Finance,Major Banks,,True,Matched broad public screener and configured penny/microcap filters.
NTHI,NeOnc Technologies Holdings Inc. Common Stock,3.06,91084251.0,161072.0,,492880.32,NASDAQ,Health Care,Biotechnology: Pharmaceutical Preparations,,True,Matched broad public screener and configured penny/microcap filters.
CTOR,Citius Oncology Inc. Common Stock,0.98,91121580.0,99597.0,,97605.06,NASDAQ,Health Care,Biotechnology: Pharmaceutical Preparations,,True,Matched broad public screener and configured penny/microcap filters.
HERE,Here Group Limited American Depositary Shares,1.68,91366153.0,2493.0,,4188.24,NASDAQ,Consumer Discretionary,Recreational Games/Products/Toys,,True,Matched broad public screener and configured penny/microcap filters.
SOTK,Sono-Tek Corporation Common Stock,5.82,91471328.0,149014.0,,867261.4800000001,NASDAQ,Technology,Industrial Machinery/Components,,True,Matched broad public screener and configured penny/microcap filters.
CRDF,Cardiff Oncology Inc. Common Stock,1.18,91798394.0,298506.0,,352237.07999999996,NASDAQ,Health Care,Biotechnology: Biological Products (No Diagnostic Substances),,True,Matched broad public screener and configured penny/microcap filters.
GFUZW,General Fusion Group Ltd. Warrant,1.4502,92158355.0,10022.0,,14533.9044,NASDAQ,Utilities,Electric Utilities: Central,,True,Matched broad public screener and configured penny/microcap filters.
LPA,Logistic Properties of the Americas Ordinary Shares,2.91,92243028.0,1022727.0,,2976135.5700000003,AMEX,Finance,Real Estate,,True,Matched broad public screener and configured penny/microcap filters.
SPAI,Safe Pro Group Inc. Common Stock,4.53,92243765.0,76658.0,,347260.74,NASDAQ,Technology,Computer Software: Prepackaged Software,,True,Matched broad public screener and configured penny/microcap filters.
HFFG,HF Foods Group Inc. Common Stock,1.66,92300675.0,47898.0,,79510.68,NASDAQ,Consumer Discretionary,Food Distributors,,True,Matched broad public screener and configured penny/microcap filters.
WRAP,Wrap Technologies Inc. Common Stock,1.43,92344498.0,502534.0,,718623.62,NASDAQ,Industrials,Ordnance And Accessories,,True,Matched broad public screener and configured penny/microcap filters.
MDIA,Mediaco Holding Inc. Class A Common Stock ,1.1,92421844.0,23697.0,,26066.7,NASDAQ,Consumer Discretionary,Broadcasting,,True,Matched broad public screener and configured penny/microcap filters.
HYPR,Hyperfine Inc. Class A Common Stock,0.8717,92442625.0,1033930.0,,901276.7810000001,NASDAQ,Health Care,Biotechnology: Electromedical & Electrotherapeutic Apparatus,,True,Matched broad public screener and configured penny/microcap filters.
AMPG,Amplitech Group Inc. Common Stock,3.09,92835611.0,711243.0,,2197740.87,NASDAQ,Telecommunications,Telecommunications Equipment,,True,Matched broad public screener and configured penny/microcap filters.
ECOR,electroCore Inc. Common Stock,10.315,92998854.0,97548.0,,1006207.62,NASDAQ,Health Care,Biotechnology: Electromedical & Electrotherapeutic Apparatus,,True,Matched broad public screener and configured penny/microcap filters.
QXL,Quantum X Labs Inc. Common Stock,4.32,93173008.0,49384.0,,213338.88,NASDAQ,Technology,Computer Software: Prepackaged Software,,True,Matched broad public screener and configured penny/microcap filters.
ZVIA,Zevia PBC Class A Common Stock,1.21,93587935.0,254979.0,,308524.58999999997,NYSE,Consumer Staples,Beverages (Production/Distribution),,True,Matched broad public screener and configured penny/microcap filters.
CNXU,Conexeu Sciences Inc. Common Stock,3.32,93646237.0,95798.0,,318049.36,NASDAQ,Health Care,Industrial Specialties,,True,Matched broad public screener and configured penny/microcap filters.
GCL,GCL Global Holdings Ltd Ordinary Shares,0.7206,93775592.0,38675.0,,27869.205,NASDAQ,Technology,Computer Software: Prepackaged Software,,True,Matched broad public screener and configured penny/microcap filters.
CIGL,Concorde International Group Ltd Class A Ordinary Shares,0.38,93886814.0,44407.0,,16874.66,NASDAQ,Consumer Discretionary,Diversified Commercial Services,,True,Matched broad public screener and configured penny/microcap filters.
LINK,Interlink Electronics Inc. Common Stock,5.96,93890318.0,23132.0,,137866.72,NASDAQ,Technology,Computer peripheral equipment,,True,Matched broad public screener and configured penny/microcap filters.
GRABW,Grab Holdings Limited Warrant,0.0229,93901033.0,62421.0,,1429.4409,NASDAQ,Consumer Discretionary,Business Services,,True,Matched broad public screener and configured penny/microcap filters.
USGO,U.S. GoldMining Inc. Common stock,6.7,94039431.0,85121.0,,570310.7000000001,NASDAQ,Basic Materials,Precious Metals,,True,Matched broad public screener and configured penny/microcap filters.
BMEA,Biomea Fusion Inc. Common Stock,1.3,94229008.0,1069866.0,,1390825.8,NASDAQ,Health Care,Biotechnology: Pharmaceutical Preparations,,True,Matched broad public screener and configured penny/microcap filters.
XLAB,Exascale Labs Holdings Inc. Class A Common Stock,1.47,94572140.0,193961.0,,285122.67,NASDAQ,Technology,Computer Software: Prepackaged Software,,True,Matched broad public screener and configured penny/microcap filters.
NIPG,NIP Group Inc. American Depositary Shares,11.15,95015684.0,4347.0,,48469.05,NASDAQ,Consumer Discretionary,Services-Misc. Amusement & Recreation,,True,Matched broad public screener and configured penny/microcap filters.
FNWB,First Northwest Bancorp Common Stock,10.0,95116150.0,60413.0,,604130.0,NASDAQ,Finance,Banks,,True,Matched broad public screener and configured penny/microcap filters.
XHG,XChange TEC.INC American Depositary Shares ,1.85,95363663.0,2323.0,,4297.55,NASDAQ,Finance,Specialty Insurers,,True,Matched broad public screener and configured penny/microcap filters.
SRG,Seritage Growth Properties Class A Common Stock,1.7,95751832.0,254445.0,,432556.5,NYSE,Finance,Real Estate,,True,Matched broad public screener and configured penny/microcap filters.
CSTE,Caesarstone Ltd. Ordinary Shares,2.78,96124269.0,60229.0,,167436.62,NASDAQ,Industrials,Building Materials,,True,Matched broad public screener and configured penny/microcap filters.
ANTA,Antalpha Platform Holding Company Class A Ordinary Shares,2.56,96256000.0,17217.0,,44075.520000000004,NASDAQ,Finance,Investment Bankers/Brokers/Service,,True,Matched broad public screener and configured penny/microcap filters.
ANIX,Anixa Biosciences Inc. Common Stock,2.77,96295732.0,290407.0,,804427.39,NASDAQ,Health Care,Biotechnology: Pharmaceutical Preparations,,True,Matched broad public screener and configured penny/microcap filters.
NFE,New Fortress Energy Inc. Class A Common Stock,5.91,96460745.0,258359.0,,1526901.69,NASDAQ,Utilities,Oil/Gas Transmission,,True,Matched broad public screener and configured penny/microcap filters.
JXG,JX Luxventure Group Inc. Common Stock,8.01,96599615.0,116226.0,,930970.26,NASDAQ,Industrials,Office Equipment/Supplies/Services,,True,Matched broad public screener and configured penny/microcap filters.
INSE,Inspired Entertainment Inc. Common Stock,3.67,96735225.0,444010.0,,1629516.7,NASDAQ,Technology,Computer Software: Prepackaged Software,,True,Matched broad public screener and configured penny/microcap filters.
CHMI,Cherry Hill Mortgage Investment Corporation Common Stock,2.62,96802172.0,202110.0,,529528.2000000001,NYSE,Real Estate,Real Estate Investment Trusts,,True,Matched broad public screener and configured penny/microcap filters.
FJET,Starfighters Space Inc. Common Stock,1.77,97342954.0,875181.0,,1549070.37,AMEX,Consumer Discretionary,Air Freight/Delivery Services,,True,Matched broad public screener and configured penny/microcap filters.
EQ,Equillium Inc. Common Stock,1.54,97648446.0,529410.0,,815291.4,NASDAQ,Health Care,Biotechnology: Pharmaceutical Preparations,,True,Matched broad public screener and configured penny/microcap filters.
TRBG,TurboGen Ltd. Ordinary Shares,3.845,97878282.0,282805.0,,1087385.225,NASDAQ,Utilities,Power Generation,,True,Matched broad public screener and configured penny/microcap filters.
PAL,Proficient Auto Logistics Inc. Common Stock,3.5,98185231.0,655428.0,,2293998.0,NASDAQ,Consumer Discretionary,Transportation Services,,True,Matched broad public screener and configured penny/microcap filters.
SPWR,SunPower Inc. Common Stock,0.3069,98300176.0,1513138.0,,464382.05220000003,NASDAQ,Technology,Semiconductors,,True,Matched broad public screener and configured penny/microcap filters.
FLNT,Fluent Inc. Common Stock,3.12,98614108.0,20442.0,,63779.04,NASDAQ,Consumer Discretionary,Advertising,,True,Matched broad public screener and configured penny/microcap filters.
BWEN,Broadwind Inc. Common Stock,4.19,99124393.0,139390.0,,584044.1000000001,NASDAQ,Telecommunications,Metal Fabrications,,True,Matched broad public screener and configured penny/microcap filters.
FURY,Fury Gold Mines Limited Common Shares,0.5249,99800389.0,191886.0,,100720.9614,AMEX,Basic Materials,Precious Metals,,True,Matched broad public screener and configured penny/microcap filters.
BZFD,BuzzFeed Inc. Class A Common Stock,1.12,100054901.0,298415.0,,334224.80000000005,NASDAQ,Consumer Discretionary,Telecommunications Equipment,,True,Matched broad public screener and configured penny/microcap filters.
LAKE,Lakeland Industries Inc. Common Stock,10.13,100604535.0,64718.0,,655593.3400000001,NASDAQ,Health Care,Industrial Specialties,,True,Matched broad public screener and configured penny/microcap filters.
PLYX,Polaryx Therapeutics Inc. Common Stock,2.02,100688906.0,58972.0,,119123.44,NASDAQ,Health Care,Biotechnology: Pharmaceutical Preparations,,True,Matched broad public screener and configured penny/microcap filters.
VIVO,VivoPower PLC Class A Ordinary Shares,3.15,100779698.0,1286199.0,,4051526.85,NASDAQ,Utilities,Power Generation,,True,Matched broad public screener and configured penny/microcap filters.
VATE,INNOVATE Corp. Common Stock,7.43,101359064.0,32734.0,,243213.62,NYSE,Industrials,Metal Fabrications,,True,Matched broad public screener and configured penny/microcap filters.
HMR,Heidmar Maritime Holdings Corp. Common Stock,1.72,101466235.0,217849.0,,374700.27999999997,NASDAQ,Consumer Discretionary,Marine Transportation,,True,Matched broad public screener and configured penny/microcap filters.
EP,Empire Petroleum Corporation Common Stock,2.44,101509712.0,63720.0,,155476.8,AMEX,Energy,Oil & Gas Production,,True,Matched broad public screener and configured penny/microcap filters.
MIST,Milestone Pharmaceuticals Inc. Common Shares,0.8157,101553002.0,725600.0,,591871.92,NASDAQ,Health Care,Biotechnology: Pharmaceutical Preparations,,True,Matched broad public screener and configured penny/microcap filters.
UPXI,Upexi Inc. Common Stock,1.16,102287010.0,2188063.0,,2538153.0799999996,NASDAQ,Finance,Finance: Consumer Services,,True,Matched broad public screener and configured penny/microcap filters.
ILLU,Illumination Acquisition Corp I Class A Ordinary Shares,9.98,102442145.0,24387.0,,243382.26,NASDAQ,Finance,Blank Checks,,True,Matched broad public screener and configured penny/microcap filters.
OKUR,OnKure Therapeutics Inc. Class A Common Stock,2.54,102860625.0,2082161.0,,5288688.94,NASDAQ,Health Care,Biotechnology: Pharmaceutical Preparations,,True,Matched broad public screener and configured penny/microcap filters.
VIRC,Virco Manufacturing Corporation Common Stock,6.55,103252988.0,25039.0,,164005.44999999998,NASDAQ,Consumer Discretionary,Industrial Specialties,,True,Matched broad public screener and configured penny/microcap filters.
NMRA,Neumora Therapeutics Inc. Common Stock,0.55,103342752.0,2849900.0,,1567445.0000000002,NASDAQ,Health Care,Biotechnology: Biological Products (No Diagnostic Substances),,True,Matched broad public screener and configured penny/microcap filters.
ALVOW,Alvotech Warrant,0.2647,103347213.0,7524.0,,1991.6028,NASDAQ,Health Care,Biotechnology: Biological Products (No Diagnostic Substances),,True,Matched broad public screener and configured penny/microcap filters.
NINE,Nine Energy Service Inc. Common Stock,7.42,103508926.0,27236.0,,202091.12,AMEX,Energy,Oilfield Services/Equipment,,True,Matched broad public screener and configured penny/microcap filters.
WFF,WF Holding Limited Ordinary Shares,2.47,103542237.0,65797.0,,162518.59000000003,NASDAQ,Consumer Discretionary,Miscellaneous manufacturing industries,,True,Matched broad public screener and configured penny/microcap filters.
ICG,Intchains Group Limited American Depositary Shares,0.8602,103897452.0,13923.0,,11976.5646,NASDAQ,Technology,Semiconductors,,True,Matched broad public screener and configured penny/microcap filters.
GHG,GreenTree Hospitality Group Ltd. American depositary shares each representing one Class A ordinary share,1.03,103924245.0,6260.0,,6447.8,NYSE,Consumer Discretionary,Hotels/Resorts,,True,Matched broad public screener and configured penny/microcap filters.
STHO,Star Holdings Shares of Beneficial Interest,8.62,104141090.0,226049.0,,1948542.38,NASDAQ,Real Estate,Real Estate,,True,Matched broad public screener and configured penny/microcap filters.
DAVA,Endava plc American Depositary Shares (each representing one Class A Ordinary Share),1.92,104308998.0,571662.0,,1097591.04,NYSE,Technology,EDP Services,,True,Matched broad public screener and configured penny/microcap filters.
RDZN,Roadzen Inc. Ordinary Shares,1.225,104327202.0,292625.0,,358465.625,NASDAQ,Finance,Specialty Insurers,,True,Matched broad public screener and configured penny/microcap filters.
BGM,BGM Group Ltd. Class A Ordinary Shares,7.82,104429156.0,42105.0,,329261.10000000003,NASDAQ,Health Care,Biotechnology: Pharmaceutical Preparations,,True,Matched broad public screener and configured penny/microcap filters.
CANG,Cango Inc. Class A Ordinary Shares,2.55,104606016.0,585941.0,,1494149.5499999998,NYSE,Finance,Finance: Consumer Services,,True,Matched broad public screener and configured penny/microcap filters.
NRDY,Nerdy Inc. Class A Common Stock,8.2,104746743.0,11572.0,,94890.4,NYSE,Real Estate,Other Consumer Services,,True,Matched broad public screener and configured penny/microcap filters.
GLU,Gabelli Global Utility Common Shares of Beneficial Ownership,17.59,104993144.0,14802.0,,260367.18,AMEX,Finance,Finance/Investors Services,,True,Matched broad public screener and configured penny/microcap filters.
EVTL,Vertical Aerospace Ltd. Ordinary Shares,0.6118,105060524.0,3347322.0,,2047891.5996,NYSE,Industrials,Aerospace,,True,Matched broad public screener and configured penny/microcap filters.
PZG,Paramount Gold Nevada Corp. Common Stock,1.22,105182765.0,284619.0,,347235.18,AMEX,Basic Materials,Metal Mining,,True,Matched broad public screener and configured penny/microcap filters.
TP,Ticketplus Ltd. Ordinary Shares,8.24,105289698.0,5426.0,,44710.24,AMEX,Consumer Discretionary,Services-Misc. Amusement & Recreation,,True,Matched broad public screener and configured penny/microcap filters.
ZKIN,ZK International Group Co. Ltd Ordinary Share,1.8373,105299903.0,9163.0,,16835.1799,NASDAQ,Industrials,Metal Fabrications,,True,Matched broad public screener and configured penny/microcap filters.
APYX,Apyx Medical Corporation Common Stock,2.5,105310058.0,294905.0,,737262.5,NASDAQ,Health Care,Medical/Dental Instruments,,True,Matched broad public screener and configured penny/microcap filters.
MWC,Micware Co. Ltd. American Depositary Shares,1.72,105491023.0,317126.0,,545456.72,NASDAQ,Technology,EDP Services,,True,Matched broad public screener and configured penny/microcap filters.
BUDA,Buda Juice Inc. Common Stock,8.4,105559994.0,1896.0,,15926.400000000001,AMEX,Consumer Staples,Beverages (Production/Distribution),,True,Matched broad public screener and configured penny/microcap filters.
ZSTK,ZeroStack Corp. Common Stock,4.84,105611351.0,18240.0,,88281.59999999999,NASDAQ,Health Care,Other Pharmaceuticals,,True,Matched broad public screener and configured penny/microcap filters.
JYNT,The Joint Corp. Common Stock,7.47,105649360.0,153001.0,,1142917.47,NASDAQ,Miscellaneous,Multi-Sector Companies,,True,Matched broad public screener and configured penny/microcap filters.
BMHL,Bluemount Holdings Limited Class B Ordinary Shares,4.15,105908610.0,4061.0,,16853.15,NASDAQ,Finance,Finance: Consumer Services,,True,Matched broad public screener and configured penny/microcap filters.
TCX,Tucows Inc. Class A Common Stock,9.48,106006422.0,20772.0,,196918.56,NASDAQ,Technology,EDP Services,,True,Matched broad public screener and configured penny/microcap filters.
BYFC,Broadway Financial Corporation Class A Common Stock,11.535,107028017.0,5759.0,,66430.065,NASDAQ,Finance,Savings Institutions,,True,Matched broad public screener and configured penny/microcap filters.
JHI,John Hancock Investors Trust Common Stock,12.25,107120701.0,19737.0,,241778.25,NYSE,Finance,Trusts Except Educational Religious and Charitable,,True,Matched broad public screener and configured penny/microcap filters.
HOVNP,Hovnanian Enterprises Inc Dep Shr Srs A Pfd,18.04,107516416.0,7059.0,,127344.36,NASDAQ,Consumer Discretionary,Homebuilding,,True,Matched broad public screener and configured penny/microcap filters.
NICM,Nicola Mining Inc. American Depositary Shares,5.4399,107827451.0,4351.0,,23669.0049,NASDAQ,Basic Materials,Metal Mining,,True,Matched broad public screener and configured penny/microcap filters.
BEEP,Mobile Infrastructure Corporation Common Stock,2.615,107999500.0,48180.0,,125990.70000000001,NASDAQ,Finance,Real Estate,,True,Matched broad public screener and configured penny/microcap filters.
BDTX,Black Diamond Therapeutics Inc. Common Stock,1.88,108013044.0,399136.0,,750375.6799999999,NASDAQ,Health Care,Biotechnology: Biological Products (No Diagnostic Substances),,True,Matched broad public screener and configured penny/microcap filters.
PYPD,PolyPid Ltd. Ordinary Shares,5.37,109074183.0,118783.0,,637864.71,NASDAQ,Health Care,Medical/Dental Instruments,,True,Matched broad public screener and configured penny/microcap filters.
HOST,Host Digital Inc. Class A Common Stock,3.88,109417245.0,285785.0,,1108845.8,AMEX,Consumer Staples,Food Chains,,True,Matched broad public screener and configured penny/microcap filters.
OPHC,OptimumBank Holdings Inc. Common Stock,8.69,109689264.0,46239.0,,401816.91,AMEX,Finance,Major Banks,,True,Matched broad public screener and configured penny/microcap filters.
GGT,Gabelli Multi-Media Trust Inc. (The) Common Stock,3.99,109867646.0,231613.0,,924135.87,NYSE,Finance,Trusts Except Educational Religious and Charitable,,True,Matched broad public screener and configured penny/microcap filters.
VANI,Vivani Medical Inc. Common Stock (DE),1.22,110048094.0,63764.0,,77792.08,NASDAQ,Health Care,Biotechnology: Electromedical & Electrotherapeutic Apparatus,,True,Matched broad public screener and configured penny/microcap filters.
FLX,BingEx Limited American Depositary Shares,1.51,110426164.0,145801.0,,220159.51,NASDAQ,Industrials,Trucking Freight/Courier Services,,True,Matched broad public screener and configured penny/microcap filters.
NIOBW,NioCorp Developments Ltd. Warrant,0.76,110845719.0,84.0,,63.84,NASDAQ,Basic Materials,Metal Mining,,True,Matched broad public screener and configured penny/microcap filters.
RANI,Rani Therapeutics Holdings Inc. Class A Common Stock,0.7955,110888976.0,484907.0,,385743.5185,NASDAQ,Health Care,Biotechnology: Pharmaceutical Preparations,,True,Matched broad public screener and configured penny/microcap filters.
COYA,Coya Therapeutics Inc. Common Stock,4.73,110955626.0,116138.0,,549332.7400000001,NASDAQ,Health Care,Biotechnology: Pharmaceutical Preparations,,True,Matched broad public screener and configured penny/microcap filters.
BXBL,BOXABL Inc. Common stock,3.21,111056858.0,194153.0,,623231.13,NASDAQ,Consumer Discretionary,Homebuilding,,True,Matched broad public screener and configured penny/microcap filters.
PNBK,Patriot National Bancorp Inc. Common Stock,0.9357,111107077.0,72613.0,,67943.9841,NASDAQ,Finance,Major Banks,,True,Matched broad public screener and configured penny/microcap filters.
SSTI,SoundThinking Inc. Common Stock,8.44,111749921.0,98429.0,,830740.7599999999,NASDAQ,Technology,Computer Software: Prepackaged Software,,True,Matched broad public screener and configured penny/microcap filters.
HOVR,New Horizon Aircraft Ltd. Class A Ordinary Share,1.67,112096981.0,305350.0,,509934.5,NASDAQ,Industrials,Aerospace,,True,Matched broad public screener and configured penny/microcap filters.
MXCT,MaxCyte Inc. Common Stock,1.09,112494765.0,397080.0,,432817.2,NASDAQ,Health Care,Biotechnology: Commercial Physical & Biological Resarch,,True,Matched broad public screener and configured penny/microcap filters.
CPIX,Cumberland Pharmaceuticals Inc. Common Stock,7.51,112523134.0,73346.0,,550828.46,NASDAQ,Health Care,Biotechnology: Pharmaceutical Preparations,,True,Matched broad public screener and configured penny/microcap filters.
ULBI,Ultralife Corporation Common Stock,6.775,112893647.0,63582.0,,430768.05000000005,NASDAQ,Miscellaneous,Industrial Machinery/Components,,True,Matched broad public screener and configured penny/microcap filters.
BHR,Braemar Hotels & Resorts Inc. Common Stock,1.65,113320875.0,675654.0,,1114829.0999999999,NYSE,Real Estate,Real Estate Investment Trusts,,True,Matched broad public screener and configured penny/microcap filters.
QUCY,Quantum Cyber N.V. Ordinary Shares,1.35,113492059.0,446763.0,,603130.05,NASDAQ,Health Care,Biotechnology: Pharmaceutical Preparations,,True,Matched broad public screener and configured penny/microcap filters.
IMDX,Insight Molecular Diagnostics Inc. Common Stock,3.47,113553265.0,395210.0,,1371378.7000000002,NASDAQ,Health Care,Biotechnology: In Vitro & In Vivo Diagnostic Substances,,True,Matched broad public screener and configured penny/microcap filters.
GSIW,Garden Stage Limited Class A Ordinary Shares,10.61,113658553.0,3231.0,,34280.909999999996,NASDAQ,Finance,Investment Bankers/Brokers/Service,,True,Matched broad public screener and configured penny/microcap filters.
PROV,Provident Financial Holdings Inc. Common Stock,18.25,113769734.0,18488.0,,337406.0,NASDAQ,Finance,Savings Institutions,,True,Matched broad public screener and configured penny/microcap filters.
GNLX,Genelux Corporation Common Stock,2.52,114018244.0,200942.0,,506373.84,NASDAQ,Health Care,Biotechnology: Pharmaceutical Preparations,,True,Matched broad public screener and configured penny/microcap filters.
AARD,Aardvark Therapeutics Inc. Common Stock,5.27,115333138.0,47853.0,,252185.30999999997,NASDAQ,Health Care,Biotechnology: Pharmaceutical Preparations,,True,Matched broad public screener and configured penny/microcap filters.
AIB,AIB Data Centers Inc. Common Stock,1.52,115488788.0,6407262.0,,9739038.24,AMEX,Finance,Investment Bankers/Brokers/Service,,True,Matched broad public screener and configured penny/microcap filters.
BOOM,DMC Global Inc. Common Stock,5.625,115542838.0,100190.0,,563568.75,NASDAQ,Industrials,Industrial Specialties,,True,Matched broad public screener and configured penny/microcap filters.
BSBK,Bogota Financial Corp. Common Stock,9.06,115617496.0,8600.0,,77916.0,NASDAQ,Finance,Banks,,True,Matched broad public screener and configured penny/microcap filters.
ZENA,ZenaTech Inc. Common Stock,1.35,115983941.0,1107010.0,,1494463.5,NASDAQ,Technology,Computer Software: Prepackaged Software,,True,Matched broad public screener and configured penny/microcap filters.
LX,LexinFintech Holdings Ltd. American Depositary Shares,0.705,116175733.0,793453.0,,559384.365,NASDAQ,Finance,Finance: Consumer Services,,True,Matched broad public screener and configured penny/microcap filters.
SWVL,Swvl Holdings Corp Class A Common Shares,3.88,116399115.0,39297.0,,152472.36,NASDAQ,Consumer Discretionary,Business Services,,True,Matched broad public screener and configured penny/microcap filters.
OPENW,Opendoor Technologies Inc  Series K Warrants each whole warrant exercisable to purchase one share of Common Stock at an exercise price of $9.00 per warrant,0.12,116530926.0,233155.0,,27978.6,NASDAQ,Finance,Real Estate,,True,Matched broad public screener and configured penny/microcap filters.
IMUX,Immunic Inc. Common Stock,8.64,117888195.0,559818.0,,4836827.5200000005,NASDAQ,Health Care,Biotechnology: Pharmaceutical Preparations,,True,Matched broad public screener and configured penny/microcap filters.
CSHRW,CoinShares PLC Warrants,0.9001,118615366.0,1574.0,,1416.7574,NASDAQ,Finance,Investment Bankers/Brokers/Service,,True,Matched broad public screener and configured penny/microcap filters.
WALD,Waldencast plc Class A Ordinary Share,0.9227,118660062.0,305021.0,,281442.87669999996,NASDAQ,Consumer Discretionary,Package Goods/Cosmetics,,True,Matched broad public screener and configured penny/microcap filters.
CBAT,CBAK Energy Technology Limited Ordinary Shares,1.34,118785420.0,366522.0,,491139.48000000004,NASDAQ,Miscellaneous,Industrial Machinery/Components,,True,Matched broad public screener and configured penny/microcap filters.
LENZ,LENZ Therapeutics Inc. Common Stock,3.79,119083100.0,738906.0,,2800453.74,NASDAQ,Health Care,Biotechnology: Biological Products (No Diagnostic Substances),,True,Matched broad public screener and configured penny/microcap filters.
AKA,a.k.a. Brands Holding Corp. Common Stock,10.85,119252990.0,795.0,,8625.75,NYSE,Consumer Discretionary,Catalog/Specialty Distribution,,True,Matched broad public screener and configured penny/microcap filters.
ABLV,Able View Global Inc. Class B Ordinary Shares,2.16,119276984.0,190101.0,,410618.16000000003,NASDAQ,Consumer Discretionary,Other Consumer Services,,True,Matched broad public screener and configured penny/microcap filters.
STXS,Stereotaxis Inc. Common Stock,1.2,120242614.0,673160.0,,807792.0,AMEX,Health Care,Biotechnology: Electromedical & Electrotherapeutic Apparatus,,True,Matched broad public screener and configured penny/microcap filters.
WSBK,Winchester Bancorp Inc. Common Stock,12.95,120375119.0,2226.0,,28826.699999999997,NASDAQ,Finance,Banks,,True,Matched broad public screener and configured penny/microcap filters.
CODA,Coda Octopus Group Inc. Common stock,10.7,120729181.0,52278.0,,559374.6,NASDAQ,Industrials,Industrial Machinery/Components,,True,Matched broad public screener and configured penny/microcap filters.
UP,Wheels Up Experience Inc. Class A Common Stock,3.33,120798551.0,80558.0,,268258.14,NYSE,Consumer Discretionary,Transportation Services,,True,Matched broad public screener and configured penny/microcap filters.
CVGI,Commercial Vehicle Group Inc. Common Stock,2.975,120882229.0,241561.0,,718643.975,NASDAQ,Consumer Discretionary,Auto Parts:O.E.M.,,True,Matched broad public screener and configured penny/microcap filters.
PLBY,Playboy Inc. Common Stock,1.01,121005765.0,1164581.0,,1176226.81,NASDAQ,Consumer Discretionary,Other Specialty Stores,,True,Matched broad public screener and configured penny/microcap filters.
CTW,CTW Class A Ordinary Shares,1.94,121056000.0,4103.0,,7959.82,NASDAQ,Technology,EDP Services,,True,Matched broad public screener and configured penny/microcap filters.
JHS,John Hancock Income Securities Trust Common Stock,10.4,121124484.0,1691.0,,17586.4,NYSE,Finance,Finance Companies,,True,Matched broad public screener and configured penny/microcap filters.
UFI,Unifi Inc. New Common Stock,6.52,121199217.0,32175.0,,209781.0,NYSE,Consumer Discretionary,Textiles,,True,Matched broad public screener and configured penny/microcap filters.
SUIG,Sui Group Holdings Limited Common Stock,1.58,121348538.0,623952.0,,985844.16,NASDAQ,Finance,Finance: Consumer Services,,True,Matched broad public screener and configured penny/microcap filters.
RVSB,Riverview Bancorp Inc Common Stock,6.03,121568496.0,169531.0,,1022271.93,NASDAQ,Finance,Savings Institutions,,True,Matched broad public screener and configured penny/microcap filters.
GRML,Greenland Mines Ltd. Common Stock,9.11,121592373.0,3943767.0,,35927717.37,NASDAQ,Health Care,Biotechnology: Biological Products (No Diagnostic Substances),,True,Matched broad public screener and configured penny/microcap filters.
RYDE,Ryde Group Ltd. Class A Ordinary Shares,0.6753,121706824.0,74342.0,,50203.1526,AMEX,Consumer Discretionary,Business Services,,True,Matched broad public screener and configured penny/microcap filters.
SEER,Seer Inc. Class A Common Stock,2.2,121818433.0,311964.0,,686320.8,NASDAQ,Industrials,Biotechnology: Laboratory Analytical Instruments,,True,Matched broad public screener and configured penny/microcap filters.
SHIM,Shimmick Corporation Common Stock,2.96,122354036.0,106725.0,,315906.0,NASDAQ,Industrials,Military/Government/Technical,,True,Matched broad public screener and configured penny/microcap filters.
AIRS,AirSculpt Technologies Inc. Common Stock,1.7,122561855.0,1405468.0,,2389295.6,NASDAQ,Health Care,Medical/Nursing Services,,True,Matched broad public screener and configured penny/microcap filters.
CRBP,Corbus Pharmaceuticals Holdings Inc. Common Stock,6.34,122623798.0,803037.0,,5091254.58,NASDAQ,Health Care,Biotechnology: Pharmaceutical Preparations,,True,Matched broad public screener and configured penny/microcap filters.
LGCY,Legacy Education Inc. Common Stock,9.6,123007085.0,78073.0,,749500.7999999999,AMEX,Real Estate,Other Consumer Services,,True,Matched broad public screener and configured penny/microcap filters.
ARMP,Armata Pharmaceuticals Inc. Common Stock,3.31,123072350.0,76464.0,,253095.84,AMEX,Health Care,Biotechnology: Biological Products (No Diagnostic Substances),,True,Matched broad public screener and configured penny/microcap filters.
KVHI,KVH Industries Inc. Common Stock,6.8,123358542.0,113167.0,,769535.6,NASDAQ,Consumer Discretionary,Telecommunications Equipment,,True,Matched broad public screener and configured penny/microcap filters.
NRXP,NRX Pharmaceuticals Inc. Common Stock,2.85,123392936.0,625991.0,,1784074.35,NASDAQ,Health Care,Biotechnology: Pharmaceutical Preparations,,True,Matched broad public screener and configured penny/microcap filters.
FLYX,flyExclusive Inc. Class A Common Stock,1.21,123518915.0,118219.0,,143044.99,AMEX,Consumer Discretionary,Transportation Services,,True,Matched broad public screener and configured penny/microcap filters.
WTF,Waton Financial Limited Ordinary Shares,2.57,123970303.0,2525.0,,6489.25,NASDAQ,Finance,Investment Bankers/Brokers/Service,,True,Matched broad public screener and configured penny/microcap filters.
HUHU,HUHUTECH International Group Inc. Ordinary Shares,4.87,124154558.0,595642.0,,2900776.54,NASDAQ,Telecommunications,Metal Fabrications,,True,Matched broad public screener and configured penny/microcap filters.
SAMG,Silvercrest Asset Management Group Inc. Class A Common Stock,10.49,124283076.0,101414.0,,1063832.86,NASDAQ,Finance,Investment Managers,,True,Matched broad public screener and configured penny/microcap filters.
MGYR,Magyar Bancorp Inc. Common Stock,19.286,124498517.0,375.0,,7232.250000000001,NASDAQ,Finance,Savings Institutions,,True,Matched broad public screener and configured penny/microcap filters.
CBUS,Cibus Inc. Class A Common Stock,1.63,124579211.0,106410.0,,173448.3,NASDAQ,Industrials,Agricultural Chemicals,,True,Matched broad public screener and configured penny/microcap filters.
INO,Inovio Pharmaceuticals Inc. Common Stock,1.21,125110997.0,1939703.0,,2347040.63,NASDAQ,Health Care,Biotechnology: Pharmaceutical Preparations,,True,Matched broad public screener and configured penny/microcap filters.
ACNT,Ascent Industries Co. Common Stock,13.95,125681869.0,39512.0,,551192.4,NASDAQ,Industrials,Major Chemicals,,True,Matched broad public screener and configured penny/microcap filters.
HURA,TuHURA Biosciences Inc. Common Stock,1.98,126178702.0,273616.0,,541759.68,NASDAQ,Health Care,Biotechnology: Pharmaceutical Preparations,,True,Matched broad public screener and configured penny/microcap filters.
RTB,RTB Digital Inc. Common Stock,8.47,126699969.0,50570.0,,428327.9,NASDAQ,Consumer Discretionary,Professional Services,,True,Matched broad public screener and configured penny/microcap filters.
UNCY,Unicycive Therapeutics Inc. Common Stock,4.55,126741419.0,1068838.0,,4863212.899999999,NASDAQ,Health Care,Biotechnology: Pharmaceutical Preparations,,True,Matched broad public screener and configured penny/microcap filters.
TNYA,Tenaya Therapeutics Inc. Common Stock,0.5657,126846918.0,4755458.0,,2690162.5905999998,NASDAQ,Health Care,Biotechnology: Biological Products (No Diagnostic Substances),,True,Matched broad public screener and configured penny/microcap filters.
VIOT,Viomi Technology Co. Ltd American Depositary Shares,1.895,127574678.0,3016698.0,,5716642.71,NASDAQ,Consumer Discretionary,Consumer Electronics/Appliances,,True,Matched broad public screener and configured penny/microcap filters.
USDEW,StablecoinX Inc. Warrants,4.7,127779506.0,170578.0,,801716.6,NASDAQ,Finance,Finance: Consumer Services,,True,Matched broad public screener and configured penny/microcap filters.
MED,MEDIFAST INC Common Stock,11.43,127795435.0,123292.0,,1409227.56,NYSE,Consumer Staples,Packaged Foods,,True,Matched broad public screener and configured penny/microcap filters.
HCAT,Health Catalyst Inc Common Stock,1.7,127935848.0,348973.0,,593254.1,NASDAQ,Technology,Computer Software: Programming Data Processing,,True,Matched broad public screener and configured penny/microcap filters.
ZJK,ZJK Industrial Co. Ltd. Class A Ordinary Shares,2.0,128644498.0,5082.0,,10164.0,NASDAQ,Industrials,Metal Fabrications,,True,Matched broad public screener and configured penny/microcap filters.
LUCD,Lucid Diagnostics Inc. Common Stock,0.6348,129019272.0,6786121.0,,4307829.6108,NASDAQ,Health Care,Medical/Dental Instruments,,True,Matched broad public screener and configured penny/microcap filters.
BEBE,TGE Value Creative Solutions Corp Class A Ordinary Shares,10.04,129214800.0,79143.0,,794595.72,NYSE,Consumer Discretionary,Diversified Commercial Services,,True,Matched broad public screener and configured penny/microcap filters.
CLAR,Clarus Corporation Common Stock,3.38,129413964.0,186958.0,,631918.04,NASDAQ,Consumer Discretionary,Recreational Games/Products/Toys,,True,Matched broad public screener and configured penny/microcap filters.
GHI,Greystone Housing Impact Investors LP Beneficial Unit Certificates representing assignments of limited partnership interests,5.5,129593805.0,38771.0,,213240.5,NYSE,Finance,Finance: Consumer Services,,True,Matched broad public screener and configured penny/microcap filters.
DIBS,1stdibs.com Inc. Common Stock,3.88,130427337.0,81426.0,,315932.88,NASDAQ,Consumer Discretionary,Catalog/Specialty Distribution,,True,Matched broad public screener and configured penny/microcap filters.
GRO,Brazil Potash Corp. Common Shares,2.11,130706514.0,117133.0,,247150.62999999998,AMEX,Industrials,Mining & Quarrying of Nonmetallic Minerals (No Fuels),,True,Matched broad public screener and configured penny/microcap filters.
CRBU,Caribou Biosciences Inc. Common Stock,1.22,130793166.0,687409.0,,838638.98,NASDAQ,Health Care,Biotechnology: Biological Products (No Diagnostic Substances),,True,Matched broad public screener and configured penny/microcap filters.
DOYU,DouYu International Holdings Limited ADS,4.34,130976248.0,21612.0,,93796.08,NASDAQ,Technology,Computer Software: Programming Data Processing,,True,Matched broad public screener and configured penny/microcap filters.
WSHP,WeShop Holdings Limited Class A Ordinary Shares,5.41,131014690.0,103242.0,,558539.22,NASDAQ,Consumer Discretionary,Other Specialty Stores,,True,Matched broad public screener and configured penny/microcap filters.
VNCE,Vince Holding Corp. Common Stock,10.15,131389202.0,262655.0,,2665948.25,NASDAQ,Consumer Discretionary,Clothing/Shoe/Accessory Stores,,True,Matched broad public screener and configured penny/microcap filters.
LANV,Lanvin Group Holdings Limited Ordinary Shares,1.05,131875710.0,17274.0,,18137.7,NYSE,Consumer Discretionary,Apparel,,True,Matched broad public screener and configured penny/microcap filters.
PMVP,PMV Pharmaceuticals Inc. Common Stock,1.75,132152006.0,1647444.0,,2883027.0,NASDAQ,Health Care,Biotechnology: Pharmaceutical Preparations,,True,Matched broad public screener and configured penny/microcap filters.
AGPU,Axe Compute Inc. Common Stock,11.42,132370636.0,304294.0,,3475037.48,NASDAQ,Health Care,Industrial Specialties,,True,Matched broad public screener and configured penny/microcap filters.
ENGN,enGene Therapeutics Inc. Common Stock,1.98,132692306.0,903050.0,,1788039.0,NASDAQ,Health Care,Biotechnology: Biological Products (No Diagnostic Substances),,True,Matched broad public screener and configured penny/microcap filters.
WYHG,Wing Yip Food Holdings Group Limited American Depositary Shares,3.73,132723590.0,6678.0,,24908.94,NASDAQ,Consumer Staples,Specialty Foods,,True,Matched broad public screener and configured penny/microcap filters.
RGP,Resources Connection Inc. Common Stock,3.83,132905987.0,325868.0,,1248074.44,NASDAQ,Consumer Discretionary,Business Services,,True,Matched broad public screener and configured penny/microcap filters.
NYXH,Nyxoah SA Ordinary Shares,1.33,133096844.0,120800.0,,160664.0,NASDAQ,Health Care,Medical/Dental Instruments,,True,Matched broad public screener and configured penny/microcap filters.
HYNE,Hoyne Bancorp Inc. Common Stock,16.59,134328201.0,10147.0,,168338.73,NASDAQ,Finance,Banks,,True,Matched broad public screener and configured penny/microcap filters.
FEAM,5E Advanced Materials Inc. Common Stock,3.23,134521008.0,662009.0,,2138289.07,NASDAQ,Industrials,Mining & Quarrying of Nonmetallic Minerals (No Fuels),,True,Matched broad public screener and configured penny/microcap filters.
FGBI,First Guaranty Bancshares Inc. Common Stock,8.19,135455180.0,20740.0,,169860.59999999998,NASDAQ,Finance,Savings Institutions,,True,Matched broad public screener and configured penny/microcap filters.
DH,Definitive Healthcare Corp. Class A Common Stock,0.9361,135706460.0,358668.0,,335749.11480000004,NASDAQ,Technology,Computer Software: Prepackaged Software,,True,Matched broad public screener and configured penny/microcap filters.
GGZ,Gabelli Global Small and Mid Cap Value Trust (The) Common Shares of Beneficial Interest,15.3881,136522715.0,8629.0,,132783.9149,NYSE,Finance,Investment Managers,,True,Matched broad public screener and configured penny/microcap filters.
TUSK,Mammoth Energy Services Inc. Common Stock,2.84,136682341.0,60223.0,,171033.31999999998,NASDAQ,Energy,Oilfield Services/Equipment,,True,Matched broad public screener and configured penny/microcap filters.
SAFX,XCF Global Inc. Class A Common Stock,0.33,137047976.0,3377292.0,,1114506.36,NASDAQ,Industrials,Major Chemicals,,True,Matched broad public screener and configured penny/microcap filters.
WW,WW International Inc.  Common Stock,13.72,137182987.0,512265.0,,7028275.800000001,NASDAQ,Consumer Discretionary,Other Consumer Services,,True,Matched broad public screener and configured penny/microcap filters.
LFMD,LifeMD Inc. Common Stock,2.85,137372385.0,712031.0,,2029288.35,NASDAQ,Health Care,Medical/Nursing Services,,True,Matched broad public screener and configured penny/microcap filters.
DLNG,Dynagas LNG Partners LP Common Units,3.78,137524002.0,181647.0,,686625.6599999999,NYSE,Consumer Discretionary,Marine Transportation,,True,Matched broad public screener and configured penny/microcap filters.
IMSRW,Terrestrial Energy Inc. Warrant,1.3,137715830.0,33401.0,,43421.3,NASDAQ,Industrials,Metal Fabrications,,True,Matched broad public screener and configured penny/microcap filters.
ADCT,ADC Therapeutics SA Common Shares,1.08,137881111.0,862282.0,,931264.56,NYSE,Health Care,Biotechnology: Pharmaceutical Preparations,,True,Matched broad public screener and configured penny/microcap filters.
DOUG,Douglas Elliman Inc. Common Stock,1.52,138153519.0,560121.0,,851383.92,NYSE,Finance,Real Estate,,True,Matched broad public screener and configured penny/microcap filters.
MX,Magnachip Semiconductor Corporation Common Stock,3.64,138218440.0,1116095.0,,4062585.8000000003,NYSE,Technology,Semiconductors,,True,Matched broad public screener and configured penny/microcap filters.
TLYS,Tilly's Inc. Common Stock,4.52,138254438.0,135215.0,,611171.7999999999,NYSE,Consumer Discretionary,Clothing/Shoe/Accessory Stores,,True,Matched broad public screener and configured penny/microcap filters.
OGI,Organigram Global Inc. Common Shares,0.9823,138510682.0,519143.0,,509954.1689,NASDAQ,Health Care,Biotechnology: Pharmaceutical Preparations,,True,Matched broad public screener and configured penny/microcap filters.
OXSQ,Oxford Square Capital Corp. Common Stock,1.29,138943030.0,1250300.0,,1612887.0,NASDAQ,Finance,Blank Checks,,True,Matched broad public screener and configured penny/microcap filters.
ONL,Orion Properties Inc. Common Stock,2.44,139189102.0,110285.0,,269095.39999999997,NYSE,Real Estate,Real Estate Investment Trusts,,True,Matched broad public screener and configured penny/microcap filters.
RNA,Atrium Therapeutics Inc. Common Stock,8.14,139239934.0,395730.0,,3221242.2,NASDAQ,Health Care,Biotechnology: Pharmaceutical Preparations,,True,Matched broad public screener and configured penny/microcap filters.
GOW,GOWell Energy Technology Ordinary shares,2.98,139285736.0,1318774.0,,3929946.52,NASDAQ,Consumer Discretionary,Oil and Gas Field Machinery,,True,Matched broad public screener and configured penny/microcap filters.
KRMD,KORU Medical Systems Inc. Common Stock (DE),3.02,139439144.0,280890.0,,848287.8,NASDAQ,Health Care,Medical/Dental Instruments,,True,Matched broad public screener and configured penny/microcap filters.
OTLK,Outlook Therapeutics Inc. Common Stock,0.575,139982344.0,7068893.0,,4064613.4749999996,NASDAQ,Health Care,Biotechnology: Biological Products (No Diagnostic Substances),,True,Matched broad public screener and configured penny/microcap filters.
BANX,ArrowMark Financial Corp. Common Stock,19.81,140703021.0,46713.0,,925384.5299999999,NASDAQ,Finance,Trusts Except Educational Religious and Charitable,,True,Matched broad public screener and configured penny/microcap filters.
CLLS,Cellectis S.A. American Depositary Shares,1.4,140738186.0,140743.0,,197040.19999999998,NASDAQ,Health Care,Biotechnology: Pharmaceutical Preparations,,True,Matched broad public screener and configured penny/microcap filters.
BRLT,Brilliant Earth Group Inc. Class A Common Stock,1.39,141533685.0,83054.0,,115445.06,NASDAQ,Consumer Discretionary,Consumer Specialties,,True,Matched broad public screener and configured penny/microcap filters.
RRGB,Red Robin Gourmet Burgers Inc. Common Stock,7.49,141589102.0,98796.0,,739982.04,NASDAQ,Consumer Discretionary,Restaurants,,True,Matched broad public screener and configured penny/microcap filters.
BYND,Beyond Meat Inc. Common Stock,8.26,142022159.0,1080977.0,,8928870.02,NASDAQ,Consumer Staples,Packaged Foods,,True,Matched broad public screener and configured penny/microcap filters.
HOFT,Hooker Furnishings Corporation Common Stock,13.29,142099298.0,49006.0,,651289.74,NASDAQ,Consumer Discretionary,Home Furnishings,,True,Matched broad public screener and configured penny/microcap filters.
LSBK,Lake Shore Bancorp Inc. Common Stock,18.14,142467714.0,7343.0,,133202.02000000002,NASDAQ,Finance,Savings Institutions,,True,Matched broad public screener and configured penny/microcap filters.
CEPL,Capstone Energy Plus Inc. Common Stock,4.38,142838760.0,274785.0,,1203558.3,NASDAQ,Industrials,Industrial Machinery/Components,,True,Matched broad public screener and configured penny/microcap filters.
VRA,Vera Bradley Inc. Common Stock,4.98,142869547.0,911357.0,,4538557.86,NASDAQ,Consumer Discretionary,Apparel,,True,Matched broad public screener and configured penny/microcap filters.
KRRO,Korro Bio Inc. Common Stock,9.71,142986023.0,88795.0,,862199.4500000001,NASDAQ,Health Care,Biotechnology: Pharmaceutical Preparations,,True,Matched broad public screener and configured penny/microcap filters.
EPM,Evolution Petroleum Corporation Inc. Common Stock,3.57,143414847.0,289697.0,,1034218.2899999999,AMEX,Energy,Oil & Gas Production,,True,Matched broad public screener and configured penny/microcap filters.
ASBH,American Savings Bank N.A. Common Stock,17.83,143660589.0,155797.0,,2777860.51,NYSE,,,,True,Matched broad public screener and configured penny/microcap filters.
NLOP,Net Lease Office Properties Common Shares of Beneficial Interest,9.74,144289091.0,198340.0,,1931831.6,NYSE,Real Estate,Real Estate Investment Trusts,,True,Matched broad public screener and configured penny/microcap filters.
CAAS,China Automotive Systems Inc. Ordinary Share,4.79,144517663.0,14813.0,,70954.27,NASDAQ,Consumer Discretionary,Auto Parts:O.E.M.,,True,Matched broad public screener and configured penny/microcap filters.
TLSA,Tiziana Life Sciences Ltd. Common Shares,1.14,145075409.0,697735.0,,795417.8999999999,NASDAQ,Health Care,Biotechnology: Pharmaceutical Preparations,,True,Matched broad public screener and configured penny/microcap filters.
NIU,Niu Technologies American Depositary Shares,1.85,145106763.0,209443.0,,387469.55000000005,NASDAQ,Industrials,Auto Manufacturing,,True,Matched broad public screener and configured penny/microcap filters.
PAAC,Proem Acquisition Corp I Ordinary Shares,10.05,145393350.0,136837.0,,1375211.85,NASDAQ,Finance,Investment Managers,,True,Matched broad public screener and configured penny/microcap filters.
MRDN,Meridian Holdings Inc. Common Stock,11.53,146079093.0,56904.0,,656103.12,NASDAQ,Technology,Computer Software: Prepackaged Software,,True,Matched broad public screener and configured penny/microcap filters.
MOLN,Molecular Partners AG American Depositary Shares,3.91,146668647.0,761.0,,2975.51,NASDAQ,Health Care,Biotechnology: Biological Products (No Diagnostic Substances),,True,Matched broad public screener and configured penny/microcap filters.
OWLT,Owlet Inc. Class A Common Stock,5.03,146985035.0,126989.0,,638754.67,NYSE,Industrials,Industrial Machinery/Components,,True,Matched broad public screener and configured penny/microcap filters.
KZIA,Kazia Therapeutics Limited American Depositary Shares,9.47,147247875.0,132214.0,,1252066.58,NASDAQ,Health Care,Biotechnology: Pharmaceutical Preparations,,True,Matched broad public screener and configured penny/microcap filters.
WHF,WhiteHorse Finance Inc. Common Stock,6.86,147328591.0,77434.0,,531197.24,NASDAQ,Finance,Finance Companies,,True,Matched broad public screener and configured penny/microcap filters.
AIIO,Robo.ai Inc. Class B Ordinary Shares,1.24,147604114.0,516073.0,,639930.52,NASDAQ,Industrials,Auto Manufacturing,,True,Matched broad public screener and configured penny/microcap filters.
DVLT,Datavault AI Inc. Common Stock,0.1557,147872744.0,17323665.0,,2697294.6405,NASDAQ,Consumer Discretionary,Business Services,,True,Matched broad public screener and configured penny/microcap filters.
NEOV,NeoVolta Inc. Common Stock,2.52,148713382.0,1050239.0,,2646602.28,NASDAQ,Miscellaneous,Industrial Machinery/Components,,True,Matched broad public screener and configured penny/microcap filters.
SRBK,SR Bancorp Inc. Common stock,18.75,148713675.0,22813.0,,427743.75,NASDAQ,Finance,Banks,,True,Matched broad public screener and configured penny/microcap filters.
CDXS,Codexis Inc. Common Stock,1.36,148927840.0,752114.0,,1022875.04,NASDAQ,Industrials,Major Chemicals,,True,Matched broad public screener and configured penny/microcap filters.
KLXE,KLX Energy Services Holdings Inc. Common Stock,1.41,149004807.0,359106.0,,506339.45999999996,NASDAQ,Energy,Oilfield Services/Equipment,,True,Matched broad public screener and configured penny/microcap filters.
EGG,Enigmatig Limited Class A Ordinary Shares,5.36,149250272.0,51620.0,,276683.2,AMEX,Consumer Discretionary,Professional Services,,True,Matched broad public screener and configured penny/microcap filters.
EARN,Ellington Credit Company Common Shares of Beneficial Interest,3.98,149485596.0,413986.0,,1647664.28,NYSE,Real Estate,Real Estate Investment Trusts,,True,Matched broad public screener and configured penny/microcap filters.
ABOS,Acumen Pharmaceuticals Inc. Common Stock,2.07,149696780.0,833420.0,,1725179.4,NASDAQ,Health Care,Biotechnology: Biological Products (No Diagnostic Substances),,True,Matched broad public screener and configured penny/microcap filters.
DLTH,Duluth Holdings Inc. Class B Common Stock,3.94,149739704.0,70413.0,,277427.22,NASDAQ,Consumer Discretionary,Clothing/Shoe/Accessory Stores,,True,Matched broad public screener and configured penny/microcap filters.
SRFM,Surf Air Mobility Inc. Common Stock,1.13,150119065.0,6397900.0,,7229626.999999999,NYSE,Consumer Discretionary,Transportation Services,,True,Matched broad public screener and configured penny/microcap filters.
PCTTW,PureCycle Technologies Inc. Warrant,0.75,150678608.0,4.0,,3.0,NASDAQ,Industrials,Major Chemicals,,True,Matched broad public screener and configured penny/microcap filters.
PIM,Franklin Master Intermediate Income Trust Shares of Beneficial Interest,3.0,150760182.0,66141.0,,198423.0,NYSE,Finance,Finance Companies,,True,Matched broad public screener and configured penny/microcap filters.
BIPI,BIP Bermuda Holdings I Limited 5.125% Perpetual Subordinated Notes,15.91,150777479.0,15849.0,,252157.59,NYSE,Consumer Discretionary,Marine Transportation,,True,Matched broad public screener and configured penny/microcap filters.
TRAK,ReposiTrak Inc. Common Stock,8.35,151980053.0,113358.0,,946539.2999999999,NYSE,Technology,EDP Services,,True,Matched broad public screener and configured penny/microcap filters.
SSTK,Shutterstock Inc. Common Stock,4.12,152224458.0,948334.0,,3907136.08,NYSE,Technology,EDP Services,,True,Matched broad public screener and configured penny/microcap filters.
LEE,Lee Enterprises Incorporated Common Stock,6.84,152477581.0,24173.0,,165343.32,NASDAQ,Consumer Discretionary,Newspapers/Magazines,,True,Matched broad public screener and configured penny/microcap filters.
HUCK,Huckleberry.ai Inc. Class B Common Stock,3.245,152632342.0,735331.0,,2386149.095,NASDAQ,Technology,Computer Software: Prepackaged Software,,True,Matched broad public screener and configured penny/microcap filters.
PEPG,PepGen Inc. Common Stock,2.21,153063533.0,783014.0,,1730460.94,NASDAQ,Health Care,Biotechnology: Pharmaceutical Preparations,,True,Matched broad public screener and configured penny/microcap filters.
OCC,Optical Cable Corporation Common Stock,17.35,153409116.0,146664.0,,2544620.4000000004,NASDAQ,Industrials,Telecommunications Equipment,,True,Matched broad public screener and configured penny/microcap filters.
INTT,inTest Corporation Common Stock,11.97,153524658.0,89665.0,,1073290.05,AMEX,Industrials,Electrical Products,,True,Matched broad public screener and configured penny/microcap filters.
NERV,Minerva Neurosciences Inc Common Stock,3.23,154224616.0,89222.0,,288187.06,NASDAQ,Health Care,Biotechnology: Pharmaceutical Preparations,,True,Matched broad public screener and configured penny/microcap filters.
SEVN,Seven Hills Realty Trust Common Stock,6.81,154291487.0,313814.0,,2137073.34,NASDAQ,Real Estate,Real Estate Investment Trusts,,True,Matched broad public screener and configured penny/microcap filters.
MENS,Jyong Biotech Ltd. Ordinary Shares,2.03,154336164.0,31275.0,,63488.24999999999,NASDAQ,Health Care,Biotechnology: Pharmaceutical Preparations,,True,Matched broad public screener and configured penny/microcap filters.
SKYX,SKYX Platforms Corp. Common Stock,1.14,154391333.0,662564.0,,755322.96,NASDAQ,Consumer Discretionary,Building Products,,True,Matched broad public screener and configured penny/microcap filters.
NBP,NovaBridge Biosciences American Depositary Shares,1.34,154611467.0,342397.0,,458811.98000000004,NASDAQ,Health Care,Biotechnology: Pharmaceutical Preparations,,True,Matched broad public screener and configured penny/microcap filters.
FINW,FinWise Bancorp Common Stock,11.19,155347189.0,30222.0,,338184.18,NASDAQ,Finance,Major Banks,,True,Matched broad public screener and configured penny/microcap filters.
OCSAW,Oculis Holding AG Warrants,2.68,155398294.0,1947.0,,5217.96,NASDAQ,Health Care,Biotechnology: Pharmaceutical Preparations,,True,Matched broad public screener and configured penny/microcap filters.
EGAN,eGain Corporation Common Stock,5.95,155720229.0,248326.0,,1477539.7,NASDAQ,Technology,Computer Software: Prepackaged Software,,True,Matched broad public screener and configured penny/microcap filters.
GNT,GAMCO Natural Resources Gold & Income Trust,8.45,156117460.0,66055.0,,558164.75,NYSE,Finance,Finance/Investors Services,,True,Matched broad public screener and configured penny/microcap filters.
ELME,Elme Communities Common Stock,1.76,156389874.0,2251004.0,,3961767.04,NYSE,Real Estate,Real Estate Investment Trusts,,True,Matched broad public screener and configured penny/microcap filters.
OPRX,OptimizeRx Corporation Common Stock,8.39,158033629.0,196479.0,,1648458.81,NASDAQ,Consumer Discretionary,Business Services,,True,Matched broad public screener and configured penny/microcap filters.
TNXP,Tonix Pharmaceuticals Holding Corp. Common Stock,9.23,158303952.0,477101.0,,4403642.23,NASDAQ,Health Care,Biotechnology: Pharmaceutical Preparations,,True,Matched broad public screener and configured penny/microcap filters.
ATER,Aterian Inc. Common Stock,0.6096,158391685.0,211290.0,,128802.384,NASDAQ,Consumer Discretionary,Home Furnishings,,True,Matched broad public screener and configured penny/microcap filters.
INGN,Inogen Inc Common Stock,5.98,158699255.0,1105469.0,,6610704.62,NASDAQ,Health Care,Industrial Specialties,,True,Matched broad public screener and configured penny/microcap filters.
JRVR,James River Group Holdings Inc. Common Stock,3.45,159559181.0,420099.0,,1449341.55,NASDAQ,Finance,Property-Casualty Insurers,,True,Matched broad public screener and configured penny/microcap filters.
ONEW,OneWater Marine Inc. Class A Common Stock,9.65,160823223.0,121330.0,,1170834.5,NASDAQ,Consumer Discretionary,Auto & Home Supply Stores,,True,Matched broad public screener and configured penny/microcap filters.
GRX,The Gabelli Healthcare & Wellness Trust Common Shares of Beneficial Interest,9.42,161015806.0,24227.0,,228218.34,NYSE,Finance,Finance/Investors Services,,True,Matched broad public screener and configured penny/microcap filters.
QTRX,Quanterix Corporation Common Stock,3.41,161269352.0,629506.0,,2146615.46,NASDAQ,Industrials,Biotechnology: Laboratory Analytical Instruments,,True,Matched broad public screener and configured penny/microcap filters.
FOCL,EDAP TMS S.A. American Depositary Shares,4.32,162120744.0,124402.0,,537416.64,NASDAQ,Health Care,Biotechnology: Electromedical & Electrotherapeutic Apparatus,,True,Matched broad public screener and configured penny/microcap filters.
CMPX,Compass Therapeutics Inc. Common Stock,0.9011,162277220.0,10067775.0,,9072072.0525,NASDAQ,Health Care,Biotechnology: Biological Products (No Diagnostic Substances),,True,Matched broad public screener and configured penny/microcap filters.
PLG,Platinum Group Metals Ltd. Ordinary Shares (Canada),1.27,162414092.0,688689.0,,874635.03,AMEX,Basic Materials,Precious Metals,,True,Matched broad public screener and configured penny/microcap filters.
TOYO,TOYO Co. Ltd Ordinary Shares,4.26,162619076.0,175275.0,,746671.5,NASDAQ,Consumer Discretionary,Miscellaneous manufacturing industries,,True,Matched broad public screener and configured penny/microcap filters.
NAKA,Nakamoto Inc. Common Stock,9.11,163022931.0,143030.0,,1303003.2999999998,NASDAQ,Health Care,Medical/Nursing Services,,True,Matched broad public screener and configured penny/microcap filters.
TARA,Protara Therapeutics Inc.  Common Stock,2.76,163103547.0,4999054.0,,13797389.04,NASDAQ,Health Care,Biotechnology: Biological Products (No Diagnostic Substances),,True,Matched broad public screener and configured penny/microcap filters.
SANG,Sangoma Technologies Corporation Common Shares,4.9,163360767.0,544618.0,,2668628.2,NASDAQ,Technology,Computer Software: Programming Data Processing,,True,Matched broad public screener and configured penny/microcap filters.
MRT,Marti Technologies Inc. Class A Ordinary Shares,1.9,163481179.0,16464.0,,31281.6,AMEX,Consumer Discretionary,Rental/Leasing Companies,,True,Matched broad public screener and configured penny/microcap filters.
HTLM,HomesToLife Ltd Ordinary Shares,1.83,164128125.0,3118.0,,5705.9400000000005,NASDAQ,Consumer Discretionary,Other Specialty Stores,,True,Matched broad public screener and configured penny/microcap filters.
FLWS,1-800-FLOWERS.COM Inc. Common Stock,2.56,164313846.0,430042.0,,1100907.52,NASDAQ,Consumer Discretionary,Other Specialty Stores,,True,Matched broad public screener and configured penny/microcap filters.
MPV,Barings Participation Investors Common Stock,15.51,164432367.0,30954.0,,480096.54,NYSE,Finance,Finance Companies,,True,Matched broad public screener and configured penny/microcap filters.
VYGR,Voyager Therapeutics Inc. Common Stock,2.675,164828011.0,600102.0,,1605272.8499999999,NASDAQ,Health Care,Biotechnology: Biological Products (No Diagnostic Substances),,True,Matched broad public screener and configured penny/microcap filters.
BSET,Bassett Furniture Industries Incorporated Common Stock,19.06,164894941.0,67743.0,,1291181.5799999998,NASDAQ,Consumer Discretionary,Home Furnishings,,True,Matched broad public screener and configured penny/microcap filters.
ENGS,Energys Group Limited Ordinary Shares,3.05,165238435.0,2332791.0,,7115012.55,NASDAQ,Industrials,Engineering & Construction,,True,Matched broad public screener and configured penny/microcap filters.
VRXA,Veraxa Biotech AG Ordinary Shares,1.19,168275297.0,65571.0,,78029.48999999999,NASDAQ,Health Care,Biotechnology: Pharmaceutical Preparations,,True,Matched broad public screener and configured penny/microcap filters.
UIS,Unisys Corporation New Common Stock,2.31,168435856.0,502030.0,,1159689.3,NYSE,Technology,EDP Services,,True,Matched broad public screener and configured penny/microcap filters.
BNR,Burning Rock Biotech Limited American Depositary Shares,15.99,168636025.0,38789.0,,620236.11,NASDAQ,Health Care,Medical Specialities,,True,Matched broad public screener and configured penny/microcap filters.
AOMR,Angel Oak Mortgage REIT Inc. Common Stock,7.27,168772156.0,179382.0,,1304107.14,NYSE,Finance,Real Estate,,True,Matched broad public screener and configured penny/microcap filters.
STIM,Neuronetics Inc. Common Stock,2.22,169157833.0,1306494.0,,2900416.68,NASDAQ,Health Care,Medical/Dental Instruments,,True,Matched broad public screener and configured penny/microcap filters.
RDCM,Radcom Ltd. Ordinary Shares,10.16,169575043.0,58819.0,,597601.04,NASDAQ,Technology,Computer peripheral equipment,,True,Matched broad public screener and configured penny/microcap filters.
HSDT,Solana Company Class A Common Stock (DE),2.62,169849515.0,378568.0,,991848.16,NASDAQ,Health Care,Biotechnology: Electromedical & Electrotherapeutic Apparatus,,True,Matched broad public screener and configured penny/microcap filters.
JELD,JELD-WEN Holding Inc. Common Stock,1.96,170056229.0,1917616.0,,3758527.36,NYSE,Basic Materials,Forest Products,,True,Matched broad public screener and configured penny/microcap filters.
CMTG,Claros Mortgage Trust Inc. Common Stock,1.21,170711889.0,1310376.0,,1585554.96,NYSE,Finance,Real Estate,,True,Matched broad public screener and configured penny/microcap filters.
LODE,Comstock Inc. Common Stock,2.25,170984356.0,1308822.0,,2944849.5,AMEX,Industrials,Major Chemicals,,True,Matched broad public screener and configured penny/microcap filters.
FHTX,Foghorn Therapeutics Inc. Common Stock,2.92,173405120.0,13378448.0,,39065068.16,NASDAQ,Health Care,Biotechnology: Pharmaceutical Preparations,,True,Matched broad public screener and configured penny/microcap filters.
CURI,CuriosityStream Inc. Class A Common Stock,2.93,173860422.0,488422.0,,1431076.46,NASDAQ,Consumer Discretionary,Movies/Entertainment,,True,Matched broad public screener and configured penny/microcap filters.
CNTN,Canton Strategic Holdings Inc. Common Stock,2.185,174103774.0,721776.0,,1577080.56,NASDAQ,Health Care,Biotechnology: Pharmaceutical Preparations,,True,Matched broad public screener and configured penny/microcap filters.
PED,Pedevco Corp. Common Stock,13.12,174391211.0,14680.0,,192601.59999999998,AMEX,Energy,Oil & Gas Production,,True,Matched broad public screener and configured penny/microcap filters.
DTIL,Precision BioSciences Inc. Common Stock,6.33,174717837.0,242174.0,,1532961.42,NASDAQ,Health Care,Biotechnology: Biological Products (No Diagnostic Substances),,True,Matched broad public screener and configured penny/microcap filters.
DFDV,DeFi Development Corp. Common Stock,5.37,175173642.0,1407413.0,,7557807.8100000005,NASDAQ,Finance,Finance: Consumer Services,,True,Matched broad public screener and configured penny/microcap filters.
AVXL,Anavex Life Sciences Corp. Common Stock,1.89,175197031.0,2342850.0,,4427986.5,NASDAQ,Health Care,Biotechnology: Biological Products (No Diagnostic Substances),,True,Matched broad public screener and configured penny/microcap filters.
MDWD,MediWound Ltd. Ordinary Shares,13.6,175579781.0,81548.0,,1109052.8,NASDAQ,Health Care, Medicinal Chemicals and Botanical Products ,,True,Matched broad public screener and configured penny/microcap filters.
CIA,Citizens Inc. Class A Common Stock ($1.00 Par),3.47,175731585.0,96021.0,,333192.87,NYSE,Finance,Life Insurance,,True,Matched broad public screener and configured penny/microcap filters.
SJT,San Juan Basin Royalty Trust Common Stock,3.78,176181249.0,842778.0,,3185700.84,NYSE,Energy,Oil & Gas Production,,True,Matched broad public screener and configured penny/microcap filters.
ANNA,AleAnna Inc. Class A Common Stock,2.64,176706816.0,83812.0,,221263.68000000002,NASDAQ,Energy,Oil & Gas Production,,True,Matched broad public screener and configured penny/microcap filters.
FT,Franklin Universal Trust Common Stock,7.05,177179853.0,61760.0,,435408.0,NYSE,Finance,Trusts Except Educational Religious and Charitable,,True,Matched broad public screener and configured penny/microcap filters.
IPHA,Innate Pharma S.A. ADS,1.59,177603552.0,64056.0,,101849.04000000001,NASDAQ,Health Care,Biotechnology: Biological Products (No Diagnostic Substances),,True,Matched broad public screener and configured penny/microcap filters.
GPJA,Georgia Power Company Series 2017A 5.00% Junior Subordinated Notes due October 1 2077,19.19,177728185.0,30089.0,,577407.91,NYSE,Utilities,Electric Utilities: Central,,True,Matched broad public screener and configured penny/microcap filters.
EPSN,Epsilon Energy Ltd. Common Share,5.87,177765783.0,131947.0,,774528.89,NASDAQ,Energy,Oil & Gas Production,,True,Matched broad public screener and configured penny/microcap filters.
AMBR,Amber International Holding Limited American Depositary Shares,1.89,178180224.0,154720.0,,292420.8,NASDAQ,Finance,Finance: Consumer Services,,True,Matched broad public screener and configured penny/microcap filters.
BZUN,Baozun Inc. American Depositary Shares,3.07,178454154.0,183759.0,,564140.13,NASDAQ,Consumer Discretionary,Catalog/Specialty Distribution,,True,Matched broad public screener and configured penny/microcap filters.
TORO,Toro Corp. Common Shares,5.17,178671736.0,30943.0,,159975.31,NASDAQ,Consumer Discretionary,Marine Transportation,,True,Matched broad public screener and configured penny/microcap filters.
CHRS,Coherus Oncology Inc. Common Stock,1.16,179221121.0,709405.0,,822909.7999999999,NASDAQ,Health Care,Biotechnology: Biological Products (No Diagnostic Substances),,True,Matched broad public screener and configured penny/microcap filters.
ALXO,ALX Oncology Holdings Inc. Common Stock,1.3,179760096.0,1481508.0,,1925960.4000000001,NASDAQ,Health Care,Biotechnology: Pharmaceutical Preparations,,True,Matched broad public screener and configured penny/microcap filters.
RC,Ready Capital Corporation Common Stock,1.09,180058181.0,2600006.0,,2834006.54,NYSE,Real Estate,Real Estate Investment Trusts,,True,Matched broad public screener and configured penny/microcap filters.
ORGO,Organogenesis Holdings Inc. Class A Common Stock,1.4,180144367.0,684634.0,,958487.6,NASDAQ,Health Care,Biotechnology: Pharmaceutical Preparations,,True,Matched broad public screener and configured penny/microcap filters.
SIDU,Sidus Space Inc. Class A Common Stock,1.78,180181080.0,3592529.0,,6394701.62,NASDAQ,Telecommunications,Telecommunications Equipment,,True,Matched broad public screener and configured penny/microcap filters.
MSLE,Satellos Bioscience Inc. Common Stock,8.5,180339732.0,79984.0,,679864.0,NASDAQ,Health Care,Biotechnology: Pharmaceutical Preparations,,True,Matched broad public screener and configured penny/microcap filters.
NUCL,Eagle Nuclear Energy Corp. Common stock,6.11,180732566.0,142177.0,,868701.4700000001,NASDAQ,Basic Materials,Other Metals and Minerals,,True,Matched broad public screener and configured penny/microcap filters.
AMPY,Amplify Energy Corp. Common Stock,4.38,181579251.0,493060.0,,2159602.8,NYSE,Energy,Oil & Gas Production,,True,Matched broad public screener and configured penny/microcap filters.
MITT,TPG Mortgage Investment Trust Inc. Common Stock,5.71,181597842.0,474961.0,,2712027.31,NYSE,Real Estate,Real Estate Investment Trusts,,True,Matched broad public screener and configured penny/microcap filters.
STRW,Strawberry Fields REIT Inc. Common Stock,12.87,182204914.0,39311.0,,505932.56999999995,AMEX,Real Estate,Real Estate Investment Trusts,,True,Matched broad public screener and configured penny/microcap filters.
PYXS,Pyxis Oncology Inc. Common Stock,2.19,182663630.0,2604663.0,,5704211.97,NASDAQ,Health Care,Biotechnology: Pharmaceutical Preparations,,True,Matched broad public screener and configured penny/microcap filters.
DMRC,Digimarc Corporation Common Stock,6.76,182847529.0,474653.0,,3208654.28,NASDAQ,Technology,EDP Services,,True,Matched broad public screener and configured penny/microcap filters.
MRLN,Merlin Inc. Common Stock,1.81,182932689.0,1452304.0,,2628670.24,NASDAQ,Technology,EDP Services,,True,Matched broad public screener and configured penny/microcap filters.
ATOM,Atomera Incorporated Common Stock,4.69,183022757.0,949517.0,,4453234.73,NASDAQ,Technology,Semiconductors,,True,Matched broad public screener and configured penny/microcap filters.
MINE,Mayfair Gold Corp. Common Shares,2.73,183288094.0,204979.0,,559592.67,AMEX,Energy,Oil & Gas Production,,True,Matched broad public screener and configured penny/microcap filters.
NKTX,Nkarta Inc. Common Stock,2.56,183359465.0,402302.0,,1029893.12,NASDAQ,Health Care,Biotechnology: Pharmaceutical Preparations,,True,Matched broad public screener and configured penny/microcap filters.
SITC,SITE Centers Corp. Common Stock,3.5,183663687.0,5147526.0,,18016341.0,NYSE,Real Estate,Real Estate Investment Trusts,,True,Matched broad public screener and configured penny/microcap filters.
WHG,Westwood Holdings Group Inc Common Stock,19.41,185232580.0,9839.0,,190974.99,NYSE,Finance,Investment Managers,,True,Matched broad public screener and configured penny/microcap filters.
AP,Ampco-Pittsburgh Corporation Common Stock,8.99,185721003.0,122269.0,,1099198.31,NYSE,Industrials,Fluid Controls,,True,Matched broad public screener and configured penny/microcap filters.
VTN,Invesco Trust for Investment Grade New York Municipals Common Stock,9.54,185896240.0,123304.0,,1176320.16,NYSE,Finance,Finance Companies,,True,Matched broad public screener and configured penny/microcap filters.
ORMP,Oramed Pharmaceuticals Inc. Common Stock,4.48,186356146.0,272611.0,,1221297.28,NASDAQ,Health Care,Biotechnology: Pharmaceutical Preparations,,True,Matched broad public screener and configured penny/microcap filters.
NGEN,NervGen Pharma Corp. Common stock,1.76,187286234.0,1051278.0,,1850249.28,NASDAQ,Health Care,Biotechnology: Pharmaceutical Preparations,,True,Matched broad public screener and configured penny/microcap filters.
OMSE,OMS Energy Technologies Inc. Ordinary Shares,4.43,188047759.0,22382.0,,99152.26,NASDAQ,Consumer Discretionary,Oil and Gas Field Machinery,,True,Matched broad public screener and configured penny/microcap filters.
CRDL,Cardiol Therapeutics Inc. Class A Common Shares,1.56,188230294.0,1829269.0,,2853659.64,NASDAQ,Health Care,Biotechnology: Biological Products (No Diagnostic Substances),,True,Matched broad public screener and configured penny/microcap filters.
APC,ARKO Petroleum Corp. Class A Common Stock,15.03,188930452.0,237272.0,,3566198.1599999997,NASDAQ,Energy,Oil Refining/Marketing,,True,Matched broad public screener and configured penny/microcap filters.
SDEV,Stablecoin Development Corporation Common Stock,3.66,189409974.0,107778998.0,,394471132.68,AMEX,Health Care,Biotechnology: Pharmaceutical Preparations,,True,Matched broad public screener and configured penny/microcap filters.
ACOG,Alpha Cognition Inc. Common Stock,8.7,189434705.0,88402.0,,769097.3999999999,NASDAQ,,,,True,Matched broad public screener and configured penny/microcap filters.
ETX,Eaton Vance Municipal Income 2028 Term Trust Common Shares of Beneficial Interest,17.41,189507084.0,39788.0,,692709.08,NYSE,Finance,Investment Managers,,True,Matched broad public screener and configured penny/microcap filters.
DERM,Journey Medical Corporation Common Stock,6.72,189667934.0,103839.0,,697798.08,NASDAQ,Health Care,Biotechnology: Pharmaceutical Preparations,,True,Matched broad public screener and configured penny/microcap filters.
HLP,Hongli Group Inc. Class A Ordinary Shares,2.54,189836425.0,54001.0,,137162.54,NASDAQ,Industrials,Industrial Machinery/Components,,True,Matched broad public screener and configured penny/microcap filters.
SRI,Stoneridge Inc. Common Stock,6.7,191103256.0,307560.0,,2060652.0,NYSE,Consumer Discretionary,Auto Parts:O.E.M.,,True,Matched broad public screener and configured penny/microcap filters.
XGN,Exagen Inc. Common Stock,7.89,191137925.0,401745.0,,3169768.05,NASDAQ,Health Care,Medical Specialities,,True,Matched broad public screener and configured penny/microcap filters.
CRNT,Ceragon Networks Ltd. Ordinary Shares,2.1,191689075.0,340921.0,,715934.1,NASDAQ,Technology,Radio And Television Broadcasting And Communications Equipment,,True,Matched broad public screener and configured penny/microcap filters.
GLND,Greenland Energy Company Common Stock,4.4,192412854.0,9517506.0,,41877026.400000006,NASDAQ,Energy,Oil & Gas Production,,True,Matched broad public screener and configured penny/microcap filters.
AREC,American Resources Corporation Class A Common Stock,1.8,192548290.0,1214803.0,,2186645.4,NASDAQ,Energy,Coal Mining,,True,Matched broad public screener and configured penny/microcap filters.
AEHL,Antelope Enterprise Holdings Limited Class A Ordinary Shares,10.16,192682937.0,97919.0,,994857.04,NASDAQ,Consumer Discretionary,Telecommunications Equipment,,True,Matched broad public screener and configured penny/microcap filters.
ADAG,Adagene Inc. American Depositary Shares,2.93,193531170.0,278287.0,,815380.91,NASDAQ,Health Care,Biotechnology: Pharmaceutical Preparations,,True,Matched broad public screener and configured penny/microcap filters.
OSG,Octave Specialty Group Inc. Common Stock,4.3,193721390.0,614486.0,,2642289.8,NYSE,Finance,Property-Casualty Insurers,,True,Matched broad public screener and configured penny/microcap filters.
PERF,Perfect Corp. Class A Ordinary Share,1.91,194530962.0,51725.0,,98794.75,NYSE,Technology,Computer Software: Prepackaged Software,,True,Matched broad public screener and configured penny/microcap filters.
KLTR,Kaltura Inc. Common Stock,1.28,195265565.0,307643.0,,393783.04000000004,NASDAQ,Technology,Computer Software: Prepackaged Software,,True,Matched broad public screener and configured penny/microcap filters.
CHCI,Comstock Holding Companies Inc. Class A Common Stock,19.03,195665547.0,46962.0,,893686.8600000001,NASDAQ,Finance,Real Estate,,True,Matched broad public screener and configured penny/microcap filters.
MPAA,Motorcar Parts  of America Inc. Common Stock,10.34,195769360.0,102763.0,,1062569.42,NASDAQ,Consumer Discretionary,Auto Parts:O.E.M.,,True,Matched broad public screener and configured penny/microcap filters.
GCTS,GCT Semiconductor Holding Inc. Common Stock,2.14,196815214.0,1299350.0,,2780609.0,NYSE,Technology,Semiconductors,,True,Matched broad public screener and configured penny/microcap filters.
VLN,Valens Semiconductor Ltd. Ordinary Shares,1.87,196897349.0,326306.0,,610192.2200000001,NYSE,Technology,Semiconductors,,True,Matched broad public screener and configured penny/microcap filters.
FC,Franklin Covey Company Common Stock,17.44,196965145.0,52754.0,,920029.76,NYSE,Consumer Discretionary,Other Consumer Services,,True,Matched broad public screener and configured penny/microcap filters.
CXDO,Crexendo Inc. Common Stock,5.93,197194975.0,105558.0,,625958.94,NASDAQ,Telecommunications,Telecommunications Equipment,,True,Matched broad public screener and configured penny/microcap filters.
REA,Rare Earths Americas Inc. Common Stock,9.63,197534229.0,160808.0,,1548581.04,AMEX,Basic Materials,Metal Mining,,True,Matched broad public screener and configured penny/microcap filters.
DEFT,Defi Technologies Inc. Common Stock,0.509,197539452.0,2255342.0,,1147969.078,NASDAQ,Finance,Finance: Consumer Services,,True,Matched broad public screener and configured penny/microcap filters.
RXST,RxSight Inc. Common Stock,4.75,197567966.0,508924.0,,2417389.0,NASDAQ,Health Care,Ophthalmic Goods,,True,Matched broad public screener and configured penny/microcap filters.
NSLR,Neostellar Capital Corp. Common Stock,7.47,197754968.0,870483.0,,6502508.01,NASDAQ,Finance,Finance: Consumer Services,,True,Matched broad public screener and configured penny/microcap filters.
ELDN,Eledon Pharmaceuticals Inc. Common Stock,2.435,197870905.0,616538.0,,1501270.03,NASDAQ,Health Care,Biotechnology: Pharmaceutical Preparations,,True,Matched broad public screener and configured penny/microcap filters.
BAFN,BayFirst Financial Corp. Common Stock,7.35,198176690.0,82711.0,,607925.85,NASDAQ,Finance,Major Banks,,True,Matched broad public screener and configured penny/microcap filters.
TPVG,TriplePoint Venture Growth BDC Corp. Common Stock,4.88,198663448.0,224520.0,,1095657.5999999999,NYSE,Consumer Discretionary,Other Consumer Services,,True,Matched broad public screener and configured penny/microcap filters.
LCUT,Lifetime Brands Inc. Common Stock,8.65,198853431.0,64867.0,,561099.55,NASDAQ,Consumer Discretionary,Industrial Machinery/Components,,True,Matched broad public screener and configured penny/microcap filters.
NCMI,National CineMedia Inc. Common Stock,2.115,198958987.0,3310366.0,,7001424.090000001,NASDAQ,Consumer Discretionary,Advertising,,True,Matched broad public screener and configured penny/microcap filters.
NAUT,Nautilus Biotechnology Inc. Common Stock,1.57,199790700.0,8508012.0,,13357578.84,NASDAQ,Industrials,Biotechnology: Laboratory Analytical Instruments,,True,Matched broad public screener and configured penny/microcap filters.
GDEV,GDEV Inc. Ordinary Shares,11.01,199836884.0,2591.0,,28526.91,NASDAQ,Technology,EDP Services,,True,Matched broad public screener and configured penny/microcap filters.
TONX,TON Strategy Company Common Stock,3.63,199911320.0,135228.0,,490877.64,NASDAQ,Finance,Finance: Consumer Services,,True,Matched broad public screener and configured penny/microcap filters.
RZLVW,Rezolve AI PLC Warrants,0.5,200195883.0,3819.0,,1909.5,NASDAQ,Technology,Computer Software: Programming Data Processing,,True,Matched broad public screener and configured penny/microcap filters.
AUC,ATIF Holdings Limited Ordinary Shares,9.05,200261821.0,3606.0,,32634.300000000003,NASDAQ,Consumer Discretionary,Professional Services,,True,Matched broad public screener and configured penny/microcap filters.
MFM,Aberdeen Municipal Income Fund Common Shares of Beneficial Interest,4.87,200583763.0,429953.0,,2093871.11,NYSE,Finance,Finance Companies,,True,Matched broad public screener and configured penny/microcap filters.
RBKB,Rhinebeck Bancorp Inc. Common Stock,12.92,202016681.0,107046.0,,1383034.32,NASDAQ,Finance,Banks,,True,Matched broad public screener and configured penny/microcap filters.
EU,enCore Energy Corp. Common Shares,1.04,202052210.0,2417567.0,,2514269.68,NASDAQ,Basic Materials,Other Metals and Minerals,,True,Matched broad public screener and configured penny/microcap filters.
KTWO,K2 Capital Acquisition Corporation Class A Ordinary Share,10.1,202415716.0,109.0,,1100.8999999999999,NASDAQ,Health Care,Medical/Dental Instruments,,True,Matched broad public screener and configured penny/microcap filters.
AOUT,American Outdoor Brands Inc. Common Stock ,16.04,202444449.0,160004.0,,2566464.1599999997,NASDAQ,Consumer Discretionary,Recreational Games/Products/Toys,,True,Matched broad public screener and configured penny/microcap filters.
FIRY,Firy Inc. Class A Common Stock,12.18,202459090.0,134146.0,,1633898.28,NYSE,Technology,EDP Services,,True,Matched broad public screener and configured penny/microcap filters.
GLDG,GoldMining Inc. Common Shares,0.9458,202501642.0,597434.0,,565053.0771999999,AMEX,Basic Materials,Precious Metals,,True,Matched broad public screener and configured penny/microcap filters.
RILY,BRC Group Holdings Inc. Common Stock,5.045,202807764.0,603851.0,,3046428.295,NASDAQ,Finance,Investment Managers,,True,Matched broad public screener and configured penny/microcap filters.
QMLS,QumulusAI Inc. Common Stock,6.07,203093186.0,454589.0,,2759355.23,NASDAQ,Technology,EDP Services,,True,Matched broad public screener and configured penny/microcap filters.
MSC,Studio City International Holdings Limited American depositary shares each representing four  Class A ordinary shares,0.9652,203383194.0,202540.0,,195491.60799999998,NYSE,Consumer Discretionary,Hotels/Resorts,,True,Matched broad public screener and configured penny/microcap filters.
CPSS,Consumer Portfolio Services Inc. Common Stock,9.33,204375376.0,24828.0,,231645.24,NASDAQ,Finance,Finance: Consumer Services,,True,Matched broad public screener and configured penny/microcap filters.
ESOA,Energy Services of America Corporation Common Stock,10.96,204504624.0,103043.0,,1129351.28,NASDAQ,Industrials,Water Sewer Pipeline Comm & Power Line Construction,,True,Matched broad public screener and configured penny/microcap filters.
FCNCP,First Citizens BancShares Inc. Depositary Shares,18.12,204631334.0,13704.0,,248316.48,NASDAQ,Finance,Major Banks,,True,Matched broad public screener and configured penny/microcap filters.
OWLS,OBOOK Holdings Inc. Class A Common Shares,5.435,205581109.0,2861.0,,15549.534999999998,NASDAQ,Technology,Computer Software: Prepackaged Software,,True,Matched broad public screener and configured penny/microcap filters.
SGC,Superior Group of Companies Inc. Common Stock,12.94,206330901.0,24047.0,,311168.18,NASDAQ,Consumer Discretionary,Apparel,,True,Matched broad public screener and configured penny/microcap filters.
AIRO,AIRO Group Holdings Inc. Common Stock,6.54,206375697.0,371271.0,,2428112.34,NASDAQ,Industrials,Aerospace,,True,Matched broad public screener and configured penny/microcap filters.
ALTG,Alta Equipment Group Inc. Class A Common Stock,6.32,206454631.0,204530.0,,1292629.6,NYSE,Industrials,Industrial Machinery/Components,,True,Matched broad public screener and configured penny/microcap filters.
ZUMZ,Zumiez Inc. Common Stock,13.48,206656663.0,443471.0,,5977989.08,NASDAQ,Consumer Discretionary,Clothing/Shoe/Accessory Stores,,True,Matched broad public screener and configured penny/microcap filters.
RDNW,RideNow Group Inc. Class B Common Stock,5.305,206953822.0,81865.0,,434293.82499999995,NASDAQ,Technology,EDP Services,,True,Matched broad public screener and configured penny/microcap filters.
DHX,DHI Group Inc. Common Stock,4.77,207133386.0,195243.0,,931309.1099999999,NYSE,Consumer Discretionary,Business Services,,True,Matched broad public screener and configured penny/microcap filters.
LDI,loanDepot Inc. Class A Common Stock,0.613,207289179.0,2848519.0,,1746142.1469999999,NYSE,Finance,Finance: Consumer Services,,True,Matched broad public screener and configured penny/microcap filters.
ALEC,Alector Inc. Common Stock,1.86,207681869.0,774599.0,,1440754.1400000001,NASDAQ,Health Care,Biotechnology: Biological Products (No Diagnostic Substances),,True,Matched broad public screener and configured penny/microcap filters.
NVA,Nova Minerals Corp Common Stock,5.45,208159306.0,447396.0,,2438308.2,AMEX,Basic Materials,Precious Metals,,True,Matched broad public screener and configured penny/microcap filters.
EXOD,Exodus Movement Inc. Class A Common Stock,6.9,208402480.0,42846.0,,295637.4,AMEX,Finance,Finance: Consumer Services,,True,Matched broad public screener and configured penny/microcap filters.
USBC,USBC Inc. Common Stock,0.538,208821703.0,219947.0,,118331.486,AMEX,Finance,Finance: Consumer Services,,True,Matched broad public screener and configured penny/microcap filters.
ZSQR,Z Squared Inc. Common Stock,3.95,209351568.0,747679.0,,2953332.0500000003,NASDAQ,Finance,Finance: Consumer Services,,True,Matched broad public screener and configured penny/microcap filters.
GSIT,GSI Technology Common Stock,5.46,209841941.0,389277.0,,2125452.42,NASDAQ,Technology,Semiconductors,,True,Matched broad public screener and configured penny/microcap filters.
ECC,Eagle Point Credit Company Common Share of Beneficial Interest,3.47,210498958.0,2084523.0,,7233294.8100000005,NYSE,Finance,Trusts Except Educational Religious and Charitable,,True,Matched broad public screener and configured penny/microcap filters.
PMA,PMA Graphene Technology Group Inc. Class A Ordinary Shares,1.3,211867500.0,6950.0,,9035.0,NASDAQ,Consumer Discretionary,Engineering & Construction,,True,Matched broad public screener and configured penny/microcap filters.
NAGE,Niagen Bioscience Inc. Common Stock,2.68,212057685.0,1386588.0,,3716055.8400000003,NASDAQ,Health Care, Medicinal Chemicals and Botanical Products ,,True,Matched broad public screener and configured penny/microcap filters.
ANTX,AN2 Therapeutics Inc. Common Stock,5.62,212077652.0,509449.0,,2863103.38,NASDAQ,Health Care,Biotechnology: Pharmaceutical Preparations,,True,Matched broad public screener and configured penny/microcap filters.
BETR,Better Home & Finance Holding Company Class A Common Stock,11.19,212594099.0,526789.0,,5894768.91,NASDAQ,Finance,Finance: Consumer Services,,True,Matched broad public screener and configured penny/microcap filters.
SCM,Stellus Capital Investment Corporation Common Stock,7.47,212745129.0,91814.0,,685850.58,NYSE,Finance,Finance/Investors Services,,True,Matched broad public screener and configured penny/microcap filters.
QUIK,QuickLogic Corporation Common Stock,11.66,213584860.0,234441.0,,2733582.06,NASDAQ,Technology,Semiconductors,,True,Matched broad public screener and configured penny/microcap filters.
DPRO,Draganfly Inc. Common Shares,5.495,213586029.0,1704043.0,,9363716.285,NASDAQ,Industrials,Aerospace,,True,Matched broad public screener and configured penny/microcap filters.
PROF,Profound Medical Corp. Common Stock,5.85,213715675.0,156434.0,,915138.8999999999,NASDAQ,Health Care,Medical/Dental Instruments,,True,Matched broad public screener and configured penny/microcap filters.
WHWK,Whitehawk Therapeutics Inc. Common Stock,3.76,214353878.0,208078.0,,782373.2799999999,NASDAQ,Health Care,Biotechnology: Pharmaceutical Preparations,,True,Matched broad public screener and configured penny/microcap filters.
FCNCO,First Citizens BancShares Inc. 5.625% Non-Cumulative Perpetual Preferred Stock Series C,19.0,214569280.0,6740.0,,128060.0,NASDAQ,Finance,Major Banks,,True,Matched broad public screener and configured penny/microcap filters.
ACRE,Ares Commercial Real Estate Corporation Common Stock,3.87,214711907.0,1055619.0,,4085245.5300000003,NYSE,Real Estate,Real Estate Investment Trusts,,True,Matched broad public screener and configured penny/microcap filters.
RAIL,FreightCar America Inc. Common Stock,6.57,215438710.0,227487.0,,1494589.59,NASDAQ,Industrials,Railroads,,True,Matched broad public screener and configured penny/microcap filters.
LIEN,Chicago Atlantic BDC Inc. Common Stock,9.45,215654576.0,95137.0,,899044.6499999999,NASDAQ,Finance,Finance: Consumer Services,,True,Matched broad public screener and configured penny/microcap filters.
LOVE,The Lovesac Company Common Stock,14.97,215918792.0,149624.0,,2239871.2800000003,NASDAQ,Consumer Discretionary,Other Specialty Stores,,True,Matched broad public screener and configured penny/microcap filters.
PLX,Protalix BioTherapeutics Inc. (DE) Common Stock,2.68,215932001.0,1589293.0,,4259305.24,AMEX,Health Care,Biotechnology: Biological Products (No Diagnostic Substances),,True,Matched broad public screener and configured penny/microcap filters.
EXFY,Expensify Inc. Class A Common Stock,2.37,216112394.0,587756.0,,1392981.72,NASDAQ,Technology,Computer Software: Prepackaged Software,,True,Matched broad public screener and configured penny/microcap filters.
LMNR,Limoneira Co Common Stock,11.92,216133523.0,152989.0,,1823628.88,NASDAQ,Consumer Staples,Farming/Seeds/Milling,,True,Matched broad public screener and configured penny/microcap filters.
FTF,Franklin Limited Duration Income Trust Common Shares of Beneficial Interest,5.35,216168751.0,322452.0,,1725118.2,AMEX,Finance,Finance/Investors Services,,True,Matched broad public screener and configured penny/microcap filters.
PNNT,PennantPark Investment Corporation Common Stock,3.32,216783032.0,631828.0,,2097668.96,NYSE,Finance,Finance: Consumer Services,,True,Matched broad public screener and configured penny/microcap filters.
HKD,AMTD Digital Inc. American Depositary Shares (every five of which represent two Class A Ordinary Shares),1.72,217002030.0,131041.0,,225390.52,NYSE,Finance,Finance: Consumer Services,,True,Matched broad public screener and configured penny/microcap filters.
TROO,TROOPS Inc. Ordinary Shares ,1.78,217445095.0,241056.0,,429079.68,NASDAQ,Finance,Diversified Financial Services,,True,Matched broad public screener and configured penny/microcap filters.
AMWL,American Well Corporation Class A Common Stock,12.82,218052278.0,116282.0,,1490735.24,NYSE,Consumer Discretionary,Business Services,,True,Matched broad public screener and configured penny/microcap filters.
SMHI,SEACOR Marine Holdings Inc. Common Stock ,8.04,218147921.0,130719.0,,1050980.7599999998,NYSE,Consumer Discretionary,Marine Transportation,,True,Matched broad public screener and configured penny/microcap filters.
RNAC,Cartesian Therapeutics Inc. Common Stock,7.22,218443641.0,175763.0,,1269008.8599999999,NASDAQ,Health Care,Biotechnology: Pharmaceutical Preparations,,True,Matched broad public screener and configured penny/microcap filters.
SND,Smart Sand Inc. Common Stock,5.16,218779155.0,206346.0,,1064745.36,NASDAQ,Industrials,Mining & Quarrying of Nonmetallic Minerals (No Fuels),,True,Matched broad public screener and configured penny/microcap filters.
MBI,MBIA Inc. Common Stock,4.29,218860545.0,400216.0,,1716926.6400000001,NYSE,Finance,Property-Casualty Insurers,,True,Matched broad public screener and configured penny/microcap filters.
KLC,KinderCare Learning Companies Inc. Common Stock,1.85,219256511.0,870121.0,,1609723.85,NYSE,Consumer Discretionary,Other Consumer Services,,True,Matched broad public screener and configured penny/microcap filters.
KGEI,Kolibri Global Energy Inc. Common stock,6.12,220023149.0,145779.0,,892167.48,NASDAQ,Energy,Oil & Gas Production,,True,Matched broad public screener and configured penny/microcap filters.
FF,FutureFuel Corp.  Common shares,5.02,220193856.0,257090.0,,1290591.7999999998,NYSE,Industrials,Major Chemicals,,True,Matched broad public screener and configured penny/microcap filters.
HDSN,Hudson Technologies Inc. Common Stock,5.25,220964872.0,320165.0,,1680866.25,NASDAQ,Consumer Discretionary,Industrial Specialties,,True,Matched broad public screener and configured penny/microcap filters.
FORR,Forrester Research Inc. Common Stock,11.61,221042790.0,94403.0,,1096018.8299999998,NASDAQ,Industrials,Diversified Commercial Services,,True,Matched broad public screener and configured penny/microcap filters.
BMEZ,BlackRock Health Sciences Term Trust Common Shares of Beneficial Interest,16.58,221061438.0,186962.0,,3099829.9599999995,NYSE,Finance,Trusts Except Educational Religious and Charitable,,True,Matched broad public screener and configured penny/microcap filters.
TRDA,Entrada Therapeutics Inc. Common Stock,5.68,221160280.0,425152.0,,2414863.36,NASDAQ,Health Care,Biotechnology: Pharmaceutical Preparations,,True,Matched broad public screener and configured penny/microcap filters.
CGEN,Compugen Ltd. Ordinary Shares,2.34,221328048.0,173354.0,,405648.36,NASDAQ,Health Care,Biotechnology: Biological Products (No Diagnostic Substances),,True,Matched broad public screener and configured penny/microcap filters.
IONR,ioneer Ltd American Depositary Shares,2.88,221373645.0,96854.0,,278939.52,NASDAQ,Industrials,Mining & Quarrying of Nonmetallic Minerals (No Fuels),,True,Matched broad public screener and configured penny/microcap filters.
NUS,Nu Skin Enterprises Inc. Common Stock,4.55,221478685.0,693345.0,,3154719.75,NYSE,Health Care,Other Pharmaceuticals,,True,Matched broad public screener and configured penny/microcap filters.
NATR,Nature's Sunshine Products Inc. Common Stock,12.59,221527597.0,159967.0,,2013984.53,NASDAQ,Health Care,Biotechnology: Pharmaceutical Preparations,,True,Matched broad public screener and configured penny/microcap filters.
ASUR,Asure Software Inc Common Stock,7.68,221793239.0,180142.0,,1383490.56,NASDAQ,Technology,EDP Services,,True,Matched broad public screener and configured penny/microcap filters.
PSQLW,Pasqal Holding SA Warrant,1.05,222908376.0,33452.0,,35124.6,NASDAQ,Technology,EDP Services,,True,Matched broad public screener and configured penny/microcap filters.
SPOK,Spok Holdings Inc. Common Stock,10.67,223196522.0,122040.0,,1302166.8,NASDAQ,Telecommunications,Telecommunications Equipment,,True,Matched broad public screener and configured penny/microcap filters.
KROS,Keros Therapeutics Inc. Common Stock,11.26,223254137.0,140178.0,,1578404.28,NASDAQ,Health Care,Biotechnology: Pharmaceutical Preparations,,True,Matched broad public screener and configured penny/microcap filters.
OSS,One Stop Systems Inc. Common Stock,8.97,223712966.0,632532.0,,5673812.04,NASDAQ,Technology,Computer Manufacturing,,True,Matched broad public screener and configured penny/microcap filters.
BRCC,BRC Inc. Class A Common Stock,8.94,223756989.0,95302.0,,851999.88,NYSE,Consumer Staples,Beverages (Production/Distribution),,True,Matched broad public screener and configured penny/microcap filters.
PLAY,Dave & Buster's Entertainment Inc. Common Stock,6.43,223961041.0,1475446.0,,9487117.78,NASDAQ,Consumer Discretionary,Restaurants,,True,Matched broad public screener and configured penny/microcap filters.
MRBK,Meridian Corporation Common Stock,18.81,224385393.0,59148.0,,1112573.88,NASDAQ,Finance,Major Banks,,True,Matched broad public screener and configured penny/microcap filters.
FOA,Finance of America Companies Inc. Class A Common Stock,12.97,224470363.0,93271.0,,1209724.87,NYSE,Finance,Finance: Consumer Services,,True,Matched broad public screener and configured penny/microcap filters.
AENT,Alliance Entertainment Holding Corporation Class A Common Stock,4.41,224820168.0,20162.0,,88914.42,NASDAQ,Consumer Discretionary,Durable Goods,,True,Matched broad public screener and configured penny/microcap filters.
TMCR,The Metals Royalty Company Inc. Common Stock,3.35,225836974.0,248396.0,,832126.6,NASDAQ,Basic Materials,Precious Metals,,True,Matched broad public screener and configured penny/microcap filters.
CURV,Torrid Holdings Inc. Common Stock,2.27,226363117.0,272102.0,,617671.54,NYSE,Consumer Discretionary,Clothing/Shoe/Accessory Stores,,True,Matched broad public screener and configured penny/microcap filters.
OPBK,OP Bancorp Common Stock,15.23,227423726.0,46794.0,,712672.62,NASDAQ,Finance,Major Banks,,True,Matched broad public screener and configured penny/microcap filters.
TBCH,Turtle Beach Corporation Common Stock,12.79,229065204.0,267136.0,,3416669.44,NASDAQ,Telecommunications,Telecommunications Equipment,,True,Matched broad public screener and configured penny/microcap filters.
MGNX,MacroGenics Inc. Common Stock,3.6,229320673.0,656640.0,,2363904.0,NASDAQ,Health Care,Biotechnology: Pharmaceutical Preparations,,True,Matched broad public screener and configured penny/microcap filters.
XPOF,Xponential Fitness Inc. Class A Common Stock,4.66,229849840.0,775515.0,,3613899.9,NYSE,Consumer Discretionary,Services-Misc. Amusement & Recreation,,True,Matched broad public screener and configured penny/microcap filters.
SMRT,SmartRent Inc. Class A Common Stock,1.2,229934159.0,489205.0,,587046.0,NYSE,Technology,EDP Services,,True,Matched broad public screener and configured penny/microcap filters.
PRQR,ProQR Therapeutics N.V. Ordinary Shares,1.63,230028006.0,1970535.0,,3211972.05,NASDAQ,Health Care,Biotechnology: Pharmaceutical Preparations,,True,Matched broad public screener and configured penny/microcap filters.
SION,Sionna Therapeutics Inc. Common Stock,5.1,230583235.0,1059894.0,,5405459.399999999,NASDAQ,Health Care,Biotechnology: Pharmaceutical Preparations,,True,Matched broad public screener and configured penny/microcap filters.
LYEL,Lyell Immunopharma Inc. Common Stock,9.41,230593377.0,115255.0,,1084549.55,NASDAQ,Health Care,Biotechnology: Pharmaceutical Preparations,,True,Matched broad public screener and configured penny/microcap filters.
FUFU,BitFuFu Inc. Class A Ordinary Shares,1.39,231648501.0,30021.0,,41729.189999999995,NASDAQ,Finance,Finance: Consumer Services,,True,Matched broad public screener and configured penny/microcap filters.
AIAI,AIAI Holdings Corporation Class A Common Stock,3.3,233790770.0,294837.0,,972962.1,NASDAQ,Technology,EDP Services,,True,Matched broad public screener and configured penny/microcap filters.
LTBR,Lightbridge Corporation Common Stock,6.28,235236811.0,472364.0,,2966445.92,NASDAQ,Basic Materials,Major Chemicals,,True,Matched broad public screener and configured penny/microcap filters.
EAF,GrafTech International Ltd. Common Stock,9.07,236655927.0,578322.0,,5245380.54,NYSE,Energy,Industrial Machinery/Components,,True,Matched broad public screener and configured penny/microcap filters.
ANGI,Angi Inc. Class A Common Stock,5.86,237659631.0,662958.0,,3884933.8800000004,NASDAQ,Consumer Discretionary,Advertising,,True,Matched broad public screener and configured penny/microcap filters.
BGS,B&G Foods Inc. Common Stock,2.93,238137716.0,1917781.0,,5619098.33,NYSE,Consumer Staples,Packaged Foods,,True,Matched broad public screener and configured penny/microcap filters.
IMPP,Imperial Petroleum Inc. Common Shares,5.27,238275978.0,564053.0,,2972559.3099999996,NASDAQ,Consumer Discretionary,Marine Transportation,,True,Matched broad public screener and configured penny/microcap filters.
ASLE,AerSale Corporation Common Stock,5.0,238633815.0,435292.0,,2176460.0,NASDAQ,Consumer Discretionary,Industrial Specialties,,True,Matched broad public screener and configured penny/microcap filters.
GWRS,Global Water Resources Inc. Common Stock,8.0,239402368.0,92473.0,,739784.0,NASDAQ,Utilities,Water Supply,,True,Matched broad public screener and configured penny/microcap filters.
IVVD,Invivyd Inc. Common Stock,0.8165,240670516.0,5459853.0,,4457969.9745000005,NASDAQ,Health Care,Biotechnology: Biological Products (No Diagnostic Substances),,True,Matched broad public screener and configured penny/microcap filters.
SIGA,SIGA Technologies Inc. Common Stock,3.35,240696549.0,619945.0,,2076815.75,NASDAQ,Health Care,Biotechnology: Pharmaceutical Preparations,,True,Matched broad public screener and configured penny/microcap filters.
SNFCA,Security National Financial Corporation Class A Common Stock,8.8,240920143.0,33157.0,,291781.60000000003,NASDAQ,Finance,Finance: Consumer Services,,True,Matched broad public screener and configured penny/microcap filters.
CAMP,CAMP4 Therapeutics Corporation Common Stock,3.84,240972288.0,994728.0,,3819755.52,NASDAQ,Health Care,Biotechnology: Pharmaceutical Preparations,,True,Matched broad public screener and configured penny/microcap filters.
AKBA,Akebia Therapeutics Inc. Common Stock,0.871,241359539.0,4518319.0,,3935455.849,NASDAQ,Health Care,Biotechnology: Pharmaceutical Preparations,,True,Matched broad public screener and configured penny/microcap filters.
EOT,Eaton Vance Municipal Income Trust EATON VANCE NATIONAL MUNICIPAL OPPORTUNITIES TRUST,15.45,241405029.0,111537.0,,1723246.65,NYSE,Finance,Investment Bankers/Brokers/Service,,True,Matched broad public screener and configured penny/microcap filters.
TII,Titan Mining Corporation Common Shares,2.44,241511995.0,197669.0,,482312.36,AMEX,,,,True,Matched broad public screener and configured penny/microcap filters.
ACB,Aurora Cannabis Inc. Common Shares,3.9,241632004.0,607554.0,,2369460.6,NASDAQ,Health Care, Medicinal Chemicals and Botanical Products ,,True,Matched broad public screener and configured penny/microcap filters.
CAN,Canaan Inc. American Depositary Shares,0.34,241865512.0,7007472.0,,2382540.48,NASDAQ,Finance,Finance: Consumer Services,,True,Matched broad public screener and configured penny/microcap filters.
USAU,U.S. Gold Corp. Common Stock,14.65,242144913.0,97126.0,,1422895.9000000001,NASDAQ,Basic Materials,Metal Mining,,True,Matched broad public screener and configured penny/microcap filters.
IMMR,Immersion Corporation Common Stock,7.31,242736160.0,342405.0,,2502980.55,NASDAQ,Technology,Computer peripheral equipment,,True,Matched broad public screener and configured penny/microcap filters.
TG,Tredegar Corporation Common Stock,6.95,242861940.0,124814.0,,867457.3,NYSE,Industrials,Metal Fabrications,,True,Matched broad public screener and configured penny/microcap filters.
ALMU,Aeluma Inc. Common Stock,12.58,242981731.0,298830.0,,3759281.4,NASDAQ,Technology,Semiconductors,,True,Matched broad public screener and configured penny/microcap filters.
JACK,Jack In The Box Inc. Common Stock,12.67,243002111.0,614770.0,,7789135.9,NASDAQ,Consumer Discretionary,Restaurants,,True,Matched broad public screener and configured penny/microcap filters.
ALIT,Alight Inc. Class A Common Stock,9.06,244068183.0,782745.0,,7091669.7,NYSE,Consumer Discretionary,Business Services,,True,Matched broad public screener and configured penny/microcap filters.
SSP,E.W. Scripps Company (The) Class A Common Stock,2.64,244646136.0,625760.0,,1652006.4000000001,NASDAQ,Industrials,Broadcasting,,True,Matched broad public screener and configured penny/microcap filters.
CPZ,Calamos Long/Short Equity & Dynamic Income Trust Common Stock,12.47,244813459.0,60645.0,,756243.15,NASDAQ,Finance,Trusts Except Educational Religious and Charitable,,True,Matched broad public screener and configured penny/microcap filters.
GPRO,GoPro Inc. Class A Common Stock,1.33,245390864.0,8594580.0,,11430791.4,NASDAQ,Consumer Discretionary,Industrial Machinery/Components,,True,Matched broad public screener and configured penny/microcap filters.
QTTB,Q32 Bio Inc. Common Stock,8.25,245598095.0,3087637.0,,25473005.25,NASDAQ,Health Care,Biotechnology: Pharmaceutical Preparations,,True,Matched broad public screener and configured penny/microcap filters.
BNC,BNB Standard Corporation Common Stock,5.98,246219623.0,704260.0,,4211474.800000001,NASDAQ,Consumer Staples,Farming/Seeds/Milling,,True,Matched broad public screener and configured penny/microcap filters.
ZNTL,Zentalis Pharmaceuticals Inc. Common Stock,2.605,246611620.0,1898791.0,,4946350.555,NASDAQ,Health Care,Biotechnology: Pharmaceutical Preparations,,True,Matched broad public screener and configured penny/microcap filters.
LFCR,Lifecore Biomedical Inc. Common Stock,6.53,247180482.0,707121.0,,4617500.13,NASDAQ,Health Care,Biotechnology: Pharmaceutical Preparations,,True,Matched broad public screener and configured penny/microcap filters.
AZ,A2Z Cust2Mate Solutions Corp. Common Shares,5.64,248309274.0,265871.0,,1499512.44,NASDAQ,Industrials,Industrial Machinery/Components,,True,Matched broad public screener and configured penny/microcap filters.
BLND,Blend Labs Inc. Class A Common Stock,1.05,248338985.0,1407583.0,,1477962.1500000001,NYSE,Technology,Computer Software: Programming Data Processing,,True,Matched broad public screener and configured penny/microcap filters.
EVI,EVI Industries Inc.  Common Stock,19.29,248426882.0,23186.0,,447257.94,AMEX,Consumer Discretionary,Other Consumer Services,,True,Matched broad public screener and configured penny/microcap filters.
RMM,RiverNorth Managed Duration Municipal Income Fund Inc. Common Stock,12.59,248521917.0,80053.0,,1007867.27,NYSE,Finance,Trusts Except Educational Religious and Charitable,,True,Matched broad public screener and configured penny/microcap filters.
PAMT,PAMT CORP Common Stock,11.87,248584591.0,10292.0,,122166.04,NASDAQ,Industrials,Trucking Freight/Courier Services,,True,Matched broad public screener and configured penny/microcap filters.
BCYC,Bicycle Therapeutics plc American Depositary Shares,3.56,249174621.0,379987.0,,1352753.72,NASDAQ,Health Care,Biotechnology: Pharmaceutical Preparations,,True,Matched broad public screener and configured penny/microcap filters.
PALI,Palisade Bio Inc. Common Stock,1.43,249206898.0,2645209.0,,3782648.8699999996,NASDAQ,Health Care,Biotechnology: Biological Products (No Diagnostic Substances),,True,Matched broad public screener and configured penny/microcap filters.
BRT,BRT Apartments Corp. (MD) Common Stock,13.32,250326450.0,83287.0,,1109382.84,NYSE,Real Estate,Real Estate Investment Trusts,,True,Matched broad public screener and configured penny/microcap filters.
MSB,Mesabi Trust Common Stock,19.1,250592191.0,26404.0,,504316.4,NYSE,Industrials,Precious Metals,,True,Matched broad public screener and configured penny/microcap filters.
RMBI,Richmond Mutual Bancorporation Inc. Common Stock,14.955,250631533.0,40246.0,,601878.93,NASDAQ,Finance,Major Banks,,True,Matched broad public screener and configured penny/microcap filters.
IFRX,InflaRx N.V. Common Stock,1.71,251999658.0,369964.0,,632638.44,NASDAQ,Health Care,Biotechnology: Pharmaceutical Preparations,,True,Matched broad public screener and configured penny/microcap filters.
SOUNW,SoundHound AI Inc. Warrant,0.524,252046454.0,59137.0,,30987.788,NASDAQ,Technology,Computer Software: Prepackaged Software,,True,Matched broad public screener and configured penny/microcap filters.
VPV,Invesco Pennsylvania Value Municipal Income Trust Common Stock (DE),10.61,252831462.0,27758.0,,294512.38,NYSE,Finance,Trusts Except Educational Religious and Charitable,,True,Matched broad public screener and configured penny/microcap filters.
SBMT,Silver Bow Mining Corp. Common Shares,8.59,253649815.0,122666.0,,1053700.94,AMEX,Basic Materials,Precious Metals,,True,Matched broad public screener and configured penny/microcap filters.
MVST,Microvast Holdings Inc. Common Stock,0.66,253792761.0,3966942.0,,2618181.72,NASDAQ,Miscellaneous,Industrial Machinery/Components,,True,Matched broad public screener and configured penny/microcap filters.
GENC,Gencor Industries Inc. Common Stock,17.35,254311130.0,36642.0,,635738.7000000001,AMEX,Industrials,Construction/Ag Equipment/Trucks,,True,Matched broad public screener and configured penny/microcap filters.
REFI,Chicago Atlantic Real Estate Finance Inc. Common Stock,9.93,254417980.0,219353.0,,2178175.29,NASDAQ,Real Estate,Real Estate Investment Trusts,,True,Matched broad public screener and configured penny/microcap filters.
GLSI,Greenwich LifeSciences Inc. Common Stock,17.35,254666909.0,121619.0,,2110089.6500000004,NASDAQ,Health Care,Biotechnology: Pharmaceutical Preparations,,True,Matched broad public screener and configured penny/microcap filters.
CNDT,Conduent Incorporated Common Stock ,1.64,255054112.0,2227972.0,,3653874.0799999996,NASDAQ,Consumer Discretionary,Business Services,,True,Matched broad public screener and configured penny/microcap filters.
INFU,InfuSystems Holdings Inc. Common Stock,12.82,255338260.0,111798.0,,1433250.36,AMEX,Health Care,Medical/Dental Instruments,,True,Matched broad public screener and configured penny/microcap filters.
MMT,Aberdeen Multi-Market Income Fund Common Shares of Beneficial Interest,4.29,255462228.0,260272.0,,1116566.8800000001,NYSE,Finance,Trusts Except Educational Religious and Charitable,,True,Matched broad public screener and configured penny/microcap filters.
TLSI,TriSalus Life Sciences Inc. Common Stock,4.15,255534590.0,273184.0,,1133713.6,NASDAQ,Health Care,Medical Specialities,,True,Matched broad public screener and configured penny/microcap filters.
YSG,Yatsen Holding Limited American Depositary Shares each representing twenty (20) Class A Ordinary Shares,2.73,256252547.0,61489.0,,167864.97,NYSE,Consumer Discretionary,Package Goods/Cosmetics,,True,Matched broad public screener and configured penny/microcap filters.
GBFH,GBank Financial Holdings Inc. Common Stock,17.75,257667112.0,126830.0,,2251232.5,NASDAQ,Finance,Major Banks,,True,Matched broad public screener and configured penny/microcap filters.
NEGG,Newegg Commerce Inc. Common Shares,12.33,258602306.0,79565.0,,981036.45,NASDAQ,Consumer Discretionary,Other Specialty Stores,,True,Matched broad public screener and configured penny/microcap filters.
ANIK,Anika Therapeutics Inc. Common Stock,19.36,259094222.0,111925.0,,2166868.0,NASDAQ,Health Care,Medical/Dental Instruments,,True,Matched broad public screener and configured penny/microcap filters.
RMMZ,RiverNorth Managed Duration Municipal Income Fund II Inc. Common Stock,13.17,259970901.0,51538.0,,678755.46,NYSE,Finance,Investment Managers,,True,Matched broad public screener and configured penny/microcap filters.
AIBZ,Bitzero Holdings Inc. Common Shares,4.19,260659866.0,218824.0,,916872.56,NASDAQ,Consumer Discretionary,Services-Misc. Amusement & Recreation,,True,Matched broad public screener and configured penny/microcap filters.
IMRX,Immuneering Corporation Class A Common Stock,4.03,260730530.0,538240.0,,2169107.2,NASDAQ,Health Care,Biotechnology: Pharmaceutical Preparations,,True,Matched broad public screener and configured penny/microcap filters.
SWMR,Swarmer Inc Common Stock,16.38,261047749.0,745227.0,,12206818.26,NASDAQ,Technology,Computer Software: Prepackaged Software,,True,Matched broad public screener and configured penny/microcap filters.
SLNH,Soluna Holdings Inc. Common Stock,1.06,261504170.0,8120156.0,,8607365.360000001,NASDAQ,Technology,EDP Services,,True,Matched broad public screener and configured penny/microcap filters.
EVMN,Evommune Inc. Common Stock,7.21,261666135.0,1525199.0,,10996684.79,NYSE,Health Care,Biotechnology: Pharmaceutical Preparations,,True,Matched broad public screener and configured penny/microcap filters.
PCYO,Pure Cycle Corporation Common Stock,10.89,262420359.0,48298.0,,525965.22,NASDAQ,Utilities,Water Supply,,True,Matched broad public screener and configured penny/microcap filters.
KINS,Kingstone Companies Inc. Common Stock,18.14,262597053.0,84999.0,,1541881.86,NASDAQ,Finance,Property-Casualty Insurers,,True,Matched broad public screener and configured penny/microcap filters.
PDYN,Palladyne AI Corp. Common Stock,5.325,262727566.0,939330.0,,5001932.25,NASDAQ,Technology,Computer Software: Prepackaged Software,,True,Matched broad public screener and configured penny/microcap filters.
FXHO,UTime Limited Class A Ordinary Shares,9.64,262943831.0,34985.0,,337255.4,NASDAQ,Technology,Consumer Electronics/Appliances,,True,Matched broad public screener and configured penny/microcap filters.
ARDC,Ares Dynamic Credit Allocation Fund Inc. Common Shares,11.48,263063500.0,109274.0,,1254465.52,NYSE,Finance,Investment Managers,,True,Matched broad public screener and configured penny/microcap filters.
ESCA,Escalade Incorporated Common Stock,19.14,263482656.0,34273.0,,655985.22,NASDAQ,Consumer Discretionary,Recreational Games/Products/Toys,,True,Matched broad public screener and configured penny/microcap filters.
BGIN,Bgin Blockchain Limited Class A Ordinary Shares,2.33,263606743.0,93051.0,,216808.83000000002,NASDAQ,Finance,Finance: Consumer Services,,True,Matched broad public screener and configured penny/microcap filters.
MIN,Aberdeen Intermediate Income Fund Common Shares of Beneficial Interest,2.3,264264873.0,201305.0,,463001.49999999994,NYSE,Finance,Trusts Except Educational Religious and Charitable,,True,Matched broad public screener and configured penny/microcap filters.
STRO,Sutro Biopharma Inc. Common Stock,15.97,264801301.0,197001.0,,3146105.97,NASDAQ,Health Care,Biotechnology: Biological Products (No Diagnostic Substances),,True,Matched broad public screener and configured penny/microcap filters.
USNA,USANA Health Sciences Inc. Common Stock,14.37,265507794.0,140096.0,,2013179.5199999998,NYSE,Health Care, Medicinal Chemicals and Botanical Products ,,True,Matched broad public screener and configured penny/microcap filters.
OSUR,OraSure Technologies Inc. Common Stock,3.88,267598273.0,480874.0,,1865791.1199999999,NASDAQ,Health Care,Medical/Dental Instruments,,True,Matched broad public screener and configured penny/microcap filters.
FBLA,FB Bancorp Inc. Common Stock,16.78,267610427.0,120367.0,,2019758.2600000002,NASDAQ,Finance,Banks,,True,Matched broad public screener and configured penny/microcap filters.
TTGT,TechTarget Inc. Common Stock,3.7,267630842.0,440787.0,,1630911.9000000001,NASDAQ,Telecommunications,Telecommunications Equipment,,True,Matched broad public screener and configured penny/microcap filters.
LCNB,LCNB Corporation Common Stock,18.79,267851225.0,29113.0,,547033.27,NASDAQ,Finance,Major Banks,,True,Matched broad public screener and configured penny/microcap filters.
PTLO,Portillo's Inc. Class A Common Stock,3.53,268079581.0,3021425.0,,10665630.25,NASDAQ,Consumer Discretionary,Restaurants,,True,Matched broad public screener and configured penny/microcap filters.
XPER,Xperi Inc. Common Stock ,5.5,268245021.0,315915.0,,1737532.5,NYSE,Technology,Computer Software: Prepackaged Software,,True,Matched broad public screener and configured penny/microcap filters.
CMRC,Commerce.com Inc. Series 1 Common Stock,3.24,268463131.0,488730.0,,1583485.2000000002,NASDAQ,Technology,Computer Software: Prepackaged Software,,True,Matched broad public screener and configured penny/microcap filters.
AMRN,Amarin Corporation plc,12.72,268682448.0,77333.0,,983675.76,NASDAQ,Health Care,Biotechnology: Pharmaceutical Preparations,,True,Matched broad public screener and configured penny/microcap filters.
AUDC,AudioCodes Ltd. Common Stock,10.93,268777980.0,183441.0,,2005010.13,NASDAQ,Utilities,Telecommunications Equipment,,True,Matched broad public screener and configured penny/microcap filters.
SAR,Saratoga Investment Corp New,16.72,268872916.0,102697.0,,1717093.8399999999,NYSE,Finance,Investment Managers,,True,Matched broad public screener and configured penny/microcap filters.
IKT,Inhibikase Therapeutics Inc. Common Stock,1.93,269304287.0,476976.0,,920563.6799999999,NASDAQ,Health Care,Biotechnology: Biological Products (No Diagnostic Substances),,True,Matched broad public screener and configured penny/microcap filters.
KWY,Kingsway Corporation Common Stock,9.33,269926230.0,32870.0,,306677.1,NYSE,Finance,Property-Casualty Insurers,,True,Matched broad public screener and configured penny/microcap filters.
ARL,American Realty Investors Inc. Common Stock,16.72,270062159.0,628.0,,10500.16,NYSE,Finance,Real Estate,,True,Matched broad public screener and configured penny/microcap filters.
NXH,Neighborhood Intelligence Inc. Common Stock,2.83,270258443.0,2712288.0,,7675775.04,NASDAQ,Consumer Discretionary,Catalog/Specialty Distribution,,True,Matched broad public screener and configured penny/microcap filters.
SY,So-Young International Inc. American Depository Shares,2.7,270815862.0,242490.0,,654723.0,NASDAQ,Technology,EDP Services,,True,Matched broad public screener and configured penny/microcap filters.
SHMD,SCHMID Group N.V. Class A Ordinary Shares,4.445,270962324.0,1470405.0,,6535950.225000001,NASDAQ,Technology,Industrial Machinery/Components,,True,Matched broad public screener and configured penny/microcap filters.
HQI,HireQuest Inc. Common Stock (DE),19.59,272301000.0,19809.0,,388058.31,NASDAQ,Consumer Discretionary,Professional Services,,True,Matched broad public screener and configured penny/microcap filters.
HCKT,Hackett Group Inc (The). Common Stock,10.97,272910267.0,334125.0,,3665351.25,NASDAQ,Consumer Discretionary,Professional Services,,True,Matched broad public screener and configured penny/microcap filters.
PMM,Franklin Managed Municipal Income Trust Shares of Beneficial Interest,5.6,272937330.0,308020.0,,1724912.0,NYSE,Finance,Investment Managers,,True,Matched broad public screener and configured penny/microcap filters.
OIA,Invesco Municipal Income Opportunities Trust Common Stock,5.74,273256081.0,239967.0,,1377410.58,NYSE,Finance,Finance Companies,,True,Matched broad public screener and configured penny/microcap filters.
MFIN,Medallion Financial Corp. Common Stock,11.92,273686168.0,44461.0,,529975.12,NASDAQ,Finance,Finance: Consumer Services,,True,Matched broad public screener and configured penny/microcap filters.
CHPT,ChargePoint Holdings Inc. Common Stock,10.2,273873305.0,1056496.0,,10776259.2,NYSE,Miscellaneous,Industrial Machinery/Components,,True,Matched broad public screener and configured penny/microcap filters.
FATE,Fate Therapeutics Inc. Common Stock,2.3,275587182.0,812989.0,,1869874.7,NASDAQ,Health Care,Biotechnology: Biological Products (No Diagnostic Substances),,True,Matched broad public screener and configured penny/microcap filters.
WNEB,Western New England Bancorp Inc. Common Stock,13.75,275630740.0,57597.0,,791958.75,NASDAQ,Finance,Savings Institutions,,True,Matched broad public screener and configured penny/microcap filters.
MGPI,MGP Ingredients Inc.,12.88,275813299.0,197786.0,,2547483.68,NASDAQ,Consumer Staples,Beverages (Production/Distribution),,True,Matched broad public screener and configured penny/microcap filters.
RELL,Richardson Electronics Ltd. Common Stock,18.56,275879886.0,144658.0,,2684852.48,NASDAQ,Technology,Electronic Components,,True,Matched broad public screener and configured penny/microcap filters.
UPB,Upstream Bio Inc. Common Stock,5.04,276046047.0,832385.0,,4195220.4,NASDAQ,Health Care,Biotechnology: Pharmaceutical Preparations,,True,Matched broad public screener and configured penny/microcap filters.
CNCK,Coincheck Group N.V. Ordinary Shares,1.44,276189081.0,62220.0,,89596.8,NASDAQ,Finance,Finance: Consumer Services,,True,Matched broad public screener and configured penny/microcap filters.
LAW,CS Disco Inc. Common Stock,4.26,276558199.0,167615.0,,714039.8999999999,NYSE,Technology,Computer Software: Prepackaged Software,,True,Matched broad public screener and configured penny/microcap filters.
NXDT,NexPoint Diversified Real Estate Trust Common Stock,5.22,277213461.0,109160.0,,569815.2,NYSE,Real Estate,Real Estate Investment Trusts,,True,Matched broad public screener and configured penny/microcap filters.
RWAY,Runway Growth Finance Corp. Common Stock,6.62,277443564.0,266330.0,,1763104.6,NASDAQ,Finance,Finance: Consumer Services,,True,Matched broad public screener and configured penny/microcap filters.
TSSI,TSS Inc. Common Stock,9.84,277675649.0,696017.0,,6848807.28,NASDAQ,Consumer Discretionary,Professional Services,,True,Matched broad public screener and configured penny/microcap filters.
III,Information Services Group Inc. Common Stock,5.74,277893272.0,284863.0,,1635113.62,NASDAQ,Consumer Discretionary,Professional Services,,True,Matched broad public screener and configured penny/microcap filters.
SABS,SAB Biotherapeutics Inc. Common Stock,3.06,278418286.0,426593.0,,1305374.58,NASDAQ,Health Care,Biotechnology: Biological Products (No Diagnostic Substances),,True,Matched broad public screener and configured penny/microcap filters.
EYPT,EyePoint Inc. Common Stock,3.23,278465206.0,2862734.0,,9246630.82,NASDAQ,Industrials,Biotechnology: Laboratory Analytical Instruments,,True,Matched broad public screener and configured penny/microcap filters.
GBAB,Guggenheim Taxable Municipal Bond & Investment Grade Debt Trust Common Shares of Beneficial Interest,12.44,278617498.0,171220.0,,2129976.8,NYSE,Finance,Investment Managers,,True,Matched broad public screener and configured penny/microcap filters.
METCB,Ramaco Resources Inc. Class B Common Stock,4.39,279569573.0,46014.0,,202001.46,NASDAQ,Energy,Coal Mining,,True,Matched broad public screener and configured penny/microcap filters.
TDUP,ThredUp Inc. Class A Common Stock,2.13,279740675.0,1142217.0,,2432922.21,NASDAQ,Consumer Discretionary,Catalog/Specialty Distribution,,True,Matched broad public screener and configured penny/microcap filters.
DUOT,Duos Technologies Group Inc. Common Stock,8.9,280105241.0,755559.0,,6724475.100000001,NASDAQ,Technology,Computer Software: Prepackaged Software,,True,Matched broad public screener and configured penny/microcap filters.
XYF,X Financial American Depositary Shares each representing six Class A Ordinary Shares,5.12,280488141.0,30128.0,,154255.36000000002,NYSE,Finance,Finance: Consumer Services,,True,Matched broad public screener and configured penny/microcap filters.
XFOR,X4 Pharmaceuticals Inc. Common Stock,2.83,280585283.0,501500.0,,1419245.0,NASDAQ,Health Care,Biotechnology: Biological Products (No Diagnostic Substances),,True,Matched broad public screener and configured penny/microcap filters.
IHRT,iHeartMedia Inc. Class A Common Stock,2.1,280768167.0,564088.0,,1184584.8,NASDAQ,Consumer Discretionary,Broadcasting,,True,Matched broad public screener and configured penny/microcap filters.
FULC,Fulcrum Therapeutics Inc. Common Stock,3.68,280773906.0,1227545.0,,4517365.600000001,NASDAQ,Health Care,Biotechnology: Pharmaceutical Preparations,,True,Matched broad public screener and configured penny/microcap filters.
TMCI,Treace Medical Concepts Inc. Common Stock,4.33,281599610.0,183077.0,,792723.41,NASDAQ,Health Care,Medical/Dental Instruments,,True,Matched broad public screener and configured penny/microcap filters.
INDP,Indaptus Therapeutics Inc. Common Stock,2.12,282473727.0,479406.0,,1016340.7200000001,NASDAQ,Health Care,Biotechnology: Pharmaceutical Preparations,,True,Matched broad public screener and configured penny/microcap filters.
CUVL,Clinuvel Pharmaceuticals Limited American Depositary Shares,5.66,283343562.0,10435.0,,59062.1,NASDAQ,Miscellaneous,Miscellaneous,,True,Matched broad public screener and configured penny/microcap filters.
PSFE,Paysafe Limited Common Shares,5.44,284052168.0,375911.0,,2044955.84,NYSE,Consumer Discretionary,Business Services,,True,Matched broad public screener and configured penny/microcap filters.
RCKT,Rocket Pharmaceuticals Inc. Common Stock,2.59,284316206.0,2091990.0,,5418254.1,NASDAQ,Health Care,Biotechnology: Pharmaceutical Preparations,,True,Matched broad public screener and configured penny/microcap filters.
FUND,Sprott Focus Trust Inc. Common Stock,9.61,284778483.0,16368.0,,157296.47999999998,NASDAQ,Finance,Investment Managers,,True,Matched broad public screener and configured penny/microcap filters.
FGBIP,First Guaranty Bancshares Inc. 6.75% Series A Fixed-Rate Non-Cumulative Perpetual Preferred Stock,17.23,284968590.0,5018.0,,86460.14,NASDAQ,Finance,Savings Institutions,,True,Matched broad public screener and configured penny/microcap filters.
ALTO,Alto Ingredients Inc. Common Stock,3.68,285448636.0,1444292.0,,5314994.5600000005,NASDAQ,Industrials,Major Chemicals,,True,Matched broad public screener and configured penny/microcap filters.
LAB,Standard BioTools Inc. Common Stock,0.7283,285915146.0,1083142.0,,788852.3186,NASDAQ,Industrials,Biotechnology: Laboratory Analytical Instruments,,True,Matched broad public screener and configured penny/microcap filters.
ACIU,AC Immune SA Common Stock,2.81,285983740.0,352707.0,,991106.67,NASDAQ,Health Care,Biotechnology: Pharmaceutical Preparations,,True,Matched broad public screener and configured penny/microcap filters.
ABEO,Abeona Therapeutics Inc. Common Stock,5.01,286491925.0,1475822.0,,7393868.22,NASDAQ,Health Care,Biotechnology: Pharmaceutical Preparations,,True,Matched broad public screener and configured penny/microcap filters.
RFMZ,RiverNorth Flexible Municipal Income Fund II Inc. Common Stock,11.82,287837756.0,143055.0,,1690910.1,NYSE,Finance,Finance/Investors Services,,True,Matched broad public screener and configured penny/microcap filters.
HLLY,Holley Inc. Common Stock,2.38,288537260.0,807061.0,,1920805.18,NYSE,Consumer Discretionary,Auto Parts:O.E.M.,,True,Matched broad public screener and configured penny/microcap filters.
TBI,TrueBlue Inc. Common Stock,9.48,288612381.0,173622.0,,1645936.56,NYSE,Consumer Discretionary,Professional Services,,True,Matched broad public screener and configured penny/microcap filters.
AIV,Apartment Investment and Management Company Common Stock,1.99,289021427.0,5223915.0,,10395590.85,NYSE,Real Estate,Real Estate Investment Trusts,,True,Matched broad public screener and configured penny/microcap filters.
FNRN,First Northern Community Bancorp Common stock,17.64,289213145.0,204596.0,,3609073.44,NASDAQ,Finance,Savings Institutions,,True,Matched broad public screener and configured penny/microcap filters.
VNDA,Vanda Pharmaceuticals Inc. Common Stock,4.81,290825524.0,1351746.0,,6501898.26,NASDAQ,Health Care,Biotechnology: Pharmaceutical Preparations,,True,Matched broad public screener and configured penny/microcap filters.
IPSC,Century Therapeutics Inc. Common Stock,1.61,291531267.0,622513.0,,1002245.93,NASDAQ,Health Care,Biotechnology: Biological Products (No Diagnostic Substances),,True,Matched broad public screener and configured penny/microcap filters.
ZIP,ZipRecruiter Inc. Class A Common Stock,3.56,292725140.0,569166.0,,2026230.96,NYSE,Technology,Computer Software: Programming Data Processing,,True,Matched broad public screener and configured penny/microcap filters.
SUPX,SuperX AI Technology Limited Ordinary Shares,6.79,293440273.0,275237.0,,1868859.23,NASDAQ,,,,True,Matched broad public screener and configured penny/microcap filters.
GOGO,Gogo Inc. Common Stock,2.17,294052061.0,1551546.0,,3366854.82,NASDAQ,Consumer Discretionary,Telecommunications Equipment,,True,Matched broad public screener and configured penny/microcap filters.
CHAD,DeFi Development Corp. Variable Rate Series C Perpetual Preferred Stock,9.05,295218150.0,19361.0,,175217.05000000002,NASDAQ,Finance,Finance: Consumer Services,,True,Matched broad public screener and configured penny/microcap filters.
XNET,Xunlei Limited American Depositary Shares,4.64,295353558.0,390234.0,,1810685.7599999998,NASDAQ,Technology,Computer Software: Prepackaged Software,,True,Matched broad public screener and configured penny/microcap filters.
MTRX,Matrix Service Company Common Stock,10.46,295933494.0,815354.0,,8528602.84,NASDAQ,Consumer Discretionary,Engineering & Construction,,True,Matched broad public screener and configured penny/microcap filters.
AFRI,Forafric Global PLC Ordinary Shares,11.0,296601965.0,23618.0,,259798.0,NASDAQ,Consumer Staples,Packaged Foods,,True,Matched broad public screener and configured penny/microcap filters.
NREF,NexPoint Real Estate Finance Inc. Common Stock,15.75,296856457.0,144039.0,,2268614.25,NYSE,Real Estate,Real Estate Investment Trusts,,True,Matched broad public screener and configured penny/microcap filters.
DSC,DSC Holdings Ltd. American Depositary Shares,5.93,296929878.0,61179.0,,362791.47,NASDAQ,Technology,Computer Software: Programming Data Processing,,True,Matched broad public screener and configured penny/microcap filters.
LXEO,Lexeo Therapeutics Inc. Common Stock,3.62,297007443.0,2886521.0,,10449206.02,NASDAQ,Health Care,Biotechnology: Biological Products (No Diagnostic Substances),,True,Matched broad public screener and configured penny/microcap filters.
AIRJ,AirJoule Technologies Corporation Class A Common Stock,3.96,297819316.0,1023080.0,,4051396.8,NASDAQ,Industrials,Industrial Machinery/Components,,True,Matched broad public screener and configured penny/microcap filters.
PHOS,First Phosphate Corp. American Depositary Shares,15.77,298280924.0,36330.0,,572924.1,NASDAQ,Industrials,Mining & Quarrying of Nonmetallic Minerals (No Fuels),,True,Matched broad public screener and configured penny/microcap filters.
FINS,Angel Oak Financial Strategies Income Term Trust Common Shares of Beneficial Interest,11.91,298496019.0,33293.0,,396519.63,NYSE,Finance,Finance/Investors Services,,True,Matched broad public screener and configured penny/microcap filters.
NNBR,NN Inc. Common Stock,3.63,299768536.0,1262274.0,,4582054.62,NASDAQ,Industrials,Industrial Machinery/Components,,True,Matched broad public screener and configured penny/microcap filters.
MOBI,Mobia Medical Inc. Common Stock,9.03,300618597.0,170818.0,,1542486.5399999998,NASDAQ,Health Care,Medical/Dental Instruments,,True,Matched broad public screener and configured penny/microcap filters.
UXIN,Uxin Limited ADS,1.37,301372958.0,278634.0,,381728.58,NASDAQ,Consumer Discretionary,Business Services,,True,Matched broad public screener and configured penny/microcap filters.
ASYS,Amtech Systems Inc. Common Stock,17.25,302014742.0,214137.0,,3693863.25,NASDAQ,Technology,Industrial Machinery/Components,,True,Matched broad public screener and configured penny/microcap filters.
PRLD,Prelude Therapeutics Incorporated Common Stock,3.79,302455208.0,502517.0,,1904539.43,NASDAQ,Health Care,Biotechnology: Pharmaceutical Preparations,,True,Matched broad public screener and configured penny/microcap filters.
LEGO,Legato Merger Corp. IV Ordinary Shares,10.0,303070360.0,63174.0,,631740.0,AMEX,Industrials,Military/Government/Technical,,True,Matched broad public screener and configured penny/microcap filters.
SES,SES AI Corporation Class A Common Stock,0.8163,303081905.0,81085850.0,,66190379.355000004,NYSE,Miscellaneous,Industrial Machinery/Components,,True,Matched broad public screener and configured penny/microcap filters.
FISN,Deep Fission Inc. Common Stock,5.18,305132759.0,336767.0,,1744453.0599999998,NASDAQ,Utilities,Electric Utilities: Central,,True,Matched broad public screener and configured penny/microcap filters.
SVCO,Silvaco Group Inc. Common Stock,9.02,305649537.0,805346.0,,7264220.92,NASDAQ,Technology,Computer Software: Prepackaged Software,,True,Matched broad public screener and configured penny/microcap filters.
OPAL,OPAL Fuels Inc. Class A Common Stock,1.75,305707500.0,255084.0,,446397.0,NASDAQ,Utilities,Natural Gas Distribution,,True,Matched broad public screener and configured penny/microcap filters.
NODK,NI Holdings Inc. Common Stock,14.99,305866798.0,24366.0,,365246.34,NASDAQ,Finance,Property-Casualty Insurers,,True,Matched broad public screener and configured penny/microcap filters.
FIP,FTAI Infrastructure Inc. Common Stock ,2.6,307272516.0,2101632.0,,5464243.2,NASDAQ,Industrials,Railroads,,True,Matched broad public screener and configured penny/microcap filters.
RBBN,Ribbon Communications Inc. Common Stock,1.72,307576165.0,1382100.0,,2377212.0,NASDAQ,Technology,EDP Services,,True,Matched broad public screener and configured penny/microcap filters.
FVRR,Fiverr International Ltd. Ordinary Shares no par value,8.56,307738232.0,473450.0,,4052732.0000000005,NYSE,Consumer Discretionary,Business Services,,True,Matched broad public screener and configured penny/microcap filters.
EH,EHang Holdings Limited ADS,4.08,309449077.0,747068.0,,3048037.44,NASDAQ,Industrials,Aerospace,,True,Matched broad public screener and configured penny/microcap filters.
HRZN,Horizon Technology Finance Corporation Common Stock,4.62,309696660.0,407403.0,,1882201.86,NASDAQ,Finance,Finance: Consumer Services,,True,Matched broad public screener and configured penny/microcap filters.
DBI,Designer Brands Inc. Class A Common Stock,6.06,309807828.0,701985.0,,4254029.1,NYSE,Consumer Discretionary,Clothing/Shoe/Accessory Stores,,True,Matched broad public screener and configured penny/microcap filters.
LE,Lands' End Inc. Common Stock,10.49,309918175.0,152442.0,,1599116.58,NASDAQ,Consumer Discretionary,Clothing/Shoe/Accessory Stores,,True,Matched broad public screener and configured penny/microcap filters.
SNDL,SNDL Inc. Common Shares,1.26,310112262.0,1218142.0,,1534858.92,NASDAQ,Health Care, Medicinal Chemicals and Botanical Products ,,True,Matched broad public screener and configured penny/microcap filters.
CATX,Perspective Therapeutics Inc. Common Stock,2.72,310492523.0,1542550.0,,4195736.0,AMEX,Health Care,Biotechnology: Pharmaceutical Preparations,,True,Matched broad public screener and configured penny/microcap filters.
PMO,Franklin Municipal Opportunities Trust Shares of Beneficial Interest,9.14,310591522.0,259607.0,,2372807.98,NYSE,Finance,Finance Companies,,True,Matched broad public screener and configured penny/microcap filters.
PINE,Alpine Income Property Trust Inc. Common Stock,17.36,311358666.0,213452.0,,3705526.7199999997,NYSE,Real Estate,Real Estate Investment Trusts,,True,Matched broad public screener and configured penny/microcap filters.
FTW,Presidio Production Company Class A Common Stock,9.96,312005117.0,59860.0,,596205.6000000001,NYSE,Energy,Oil & Gas Production,,True,Matched broad public screener and configured penny/microcap filters.
EFT,Eaton Vance Floating Rate Income Trust Common Shares of Beneficial Interest,10.74,312431057.0,145719.0,,1565022.06,NYSE,Finance,Finance Companies,,True,Matched broad public screener and configured penny/microcap filters.
ZH,Zhihu Inc. American Depositary Shares each representing three (3) Class A Ordinary Shares,3.52,312522369.0,239927.0,,844543.04,NYSE,Consumer Discretionary,Business Services,,True,Matched broad public screener and configured penny/microcap filters.
BIOA,BioAge Labs Inc. Common Stock,6.81,312557950.0,591136.0,,4025636.1599999997,NASDAQ,Health Care,Biotechnology: Pharmaceutical Preparations,,True,Matched broad public screener and configured penny/microcap filters.
QSI,Quantum-Si Incorporated Class A Common Stock,1.43,313003994.0,33063704.0,,47281096.72,NASDAQ,Industrials,Industrial Machinery/Components,,True,Matched broad public screener and configured penny/microcap filters.
MKTW,MarketWise Inc. Class A Common Stock,19.855,313202400.0,14827.0,,294390.085,NASDAQ,Technology,Computer Software: Prepackaged Software,,True,Matched broad public screener and configured penny/microcap filters.
CDZI,CADIZ Inc. Common Stock,3.7,313305178.0,1207546.0,,4467920.2,NASDAQ,Utilities,Water Supply,,True,Matched broad public screener and configured penny/microcap filters.
MLP,Maui Land & Pineapple Company Inc. Common Stock,15.78,313377466.0,13967.0,,220399.25999999998,NYSE,Finance,Real Estate,,True,Matched broad public screener and configured penny/microcap filters.
FNKO,Funko Inc. Class A Common Stock,5.6,313576290.0,1813523.0,,10155728.799999999,NASDAQ,Consumer Discretionary,Recreational Games/Products/Toys,,True,Matched broad public screener and configured penny/microcap filters.
CLW,Clearwater Paper Corporation Common Stock,19.45,313685010.0,132915.0,,2585196.75,NYSE,Basic Materials,Paper,,True,Matched broad public screener and configured penny/microcap filters.
PPHC,Public Policy Holding Company Inc. Common Stock,10.52,314498440.0,177693.0,,1869330.3599999999,NASDAQ,,,,True,Matched broad public screener and configured penny/microcap filters.
CYPH,Cypherpunk Technologies Inc. Common Stock,2.92,314671995.0,15690430.0,,45816055.6,NASDAQ,Health Care,Biotechnology: Pharmaceutical Preparations,,True,Matched broad public screener and configured penny/microcap filters.
HTZWW,Hertz Global Holdings Inc Warrant,0.8849,315423838.0,294379.0,,260495.97710000002,NASDAQ,Consumer Discretionary,Rental/Leasing Companies,,True,Matched broad public screener and configured penny/microcap filters.
BBOT,BridgeBio Oncology Therapeutics Inc. Common Stock  ,3.94,315886612.0,1363725.0,,5373076.5,NASDAQ,Health Care,Biotechnology: Pharmaceutical Preparations,,True,Matched broad public screener and configured penny/microcap filters.
TLS,Telos Corporation Common Stock,4.23,316136617.0,786108.0,,3325236.8400000003,NASDAQ,Technology,EDP Services,,True,Matched broad public screener and configured penny/microcap filters.
ZJYL,JIN MEDICAL INTERNATIONAL LTD. Class A Ordinary Shares,2.0,316389066.0,10058.0,,20116.0,NASDAQ,Health Care,Industrial Specialties,,True,Matched broad public screener and configured penny/microcap filters.
ELA,Envela Corporation Common Stock,12.19,316494772.0,79195.0,,965387.0499999999,AMEX,Consumer Discretionary,Consumer Specialties,,True,Matched broad public screener and configured penny/microcap filters.
FVCB,FVCBankcorp Inc. Common Stock,17.6,317402008.0,53897.0,,948587.2000000001,NASDAQ,Finance,Major Banks,,True,Matched broad public screener and configured penny/microcap filters.
LRMR,Larimar Therapeutics Inc. Common Stock,3.06,317881787.0,858326.0,,2626477.56,NASDAQ,Health Care,Biotechnology: Pharmaceutical Preparations,,True,Matched broad public screener and configured penny/microcap filters.
LVWR,LiveWire Group Inc. Common Stock,1.55,318389308.0,119804.0,,185696.2,NYSE,Consumer Discretionary,Motor Vehicles,,True,Matched broad public screener and configured penny/microcap filters.
OEC,Orion S.A. Common Shares,5.64,318788022.0,440093.0,,2482124.52,NYSE,Industrials,Major Chemicals,,True,Matched broad public screener and configured penny/microcap filters.
NPWR,NET Power Inc. Class A Common Stock,1.42,319299157.0,644744.0,,915536.48,NYSE,Energy,Industrial Machinery/Components,,True,Matched broad public screener and configured penny/microcap filters.
KTF,DWS Municipal Income Trust,8.1,319957598.0,292880.0,,2372328.0,NYSE,Finance,Finance Companies,,True,Matched broad public screener and configured penny/microcap filters.
CABA,Cabaletta Bio Inc. Common Stock,1.89,320440891.0,8535389.0,,16131885.209999999,NASDAQ,Health Care,Biotechnology: Biological Products (No Diagnostic Substances),,True,Matched broad public screener and configured penny/microcap filters.
ELVA,Electrovaya Inc. Common Shares,6.425,321242913.0,287692.0,,1848421.0999999999,NASDAQ,Miscellaneous,Industrial Machinery/Components,,True,Matched broad public screener and configured penny/microcap filters.
NEWT,NewtekOne Inc. Common Stock,11.24,324664376.0,357990.0,,4023807.6,NASDAQ,Finance,Major Banks,,True,Matched broad public screener and configured penny/microcap filters.
ABAT,American Battery Technology Company Common Stock,2.28,325077288.0,21540438.0,,49112198.63999999,NASDAQ,Industrials,Mining & Quarrying of Nonmetallic Minerals (No Fuels),,True,Matched broad public screener and configured penny/microcap filters.
GEVO,Gevo Inc. Common Stock,1.315,325116792.0,2030794.0,,2670494.11,NASDAQ,Industrials,Major Chemicals,,True,Matched broad public screener and configured penny/microcap filters.
SCTX,Scribe Therapeutics Inc. Common Stock,17.175,325151604.0,670092.0,,11508830.1,NASDAQ,Health Care,Biotechnology: Biological Products (No Diagnostic Substances),,True,Matched broad public screener and configured penny/microcap filters.
PPT,Franklin Premier Income Trust Shares of Beneficial Interest,3.28,326452703.0,224950.0,,737836.0,NYSE,Finance,Finance Companies,,True,Matched broad public screener and configured penny/microcap filters.
EBS,Emergent BioSolutions Inc. Common Stock,6.37,326611150.0,811242.0,,5167611.54,NYSE,Health Care,Biotechnology: Pharmaceutical Preparations,,True,Matched broad public screener and configured penny/microcap filters.
OPTX,Syntec Optics Holdings Inc. Class A Common Stock,8.11,326669811.0,328365.0,,2663040.15,NASDAQ,Technology,Electronic Components,,True,Matched broad public screener and configured penny/microcap filters.
SVIA,Silvia Inc. Common Stock,3.875,326702955.0,814728.0,,3157071.0,NASDAQ,Finance,Finance: Consumer Services,,True,Matched broad public screener and configured penny/microcap filters.
PESI,Perma-Fix Environmental Services Inc. Common Stock,15.41,326974789.0,392561.0,,6049365.01,NASDAQ,Industrials,Environmental Services,,True,Matched broad public screener and configured penny/microcap filters.
EMBC,Embecta Corp. Common Stock,5.79,328059078.0,1048110.0,,6068556.9,NASDAQ,Health Care,Medical/Dental Instruments,,True,Matched broad public screener and configured penny/microcap filters.
LTRX,Lantronix Inc. Common Stock,7.06,330968564.0,753740.0,,5321404.399999999,NASDAQ,Telecommunications,Computer Communications Equipment,,True,Matched broad public screener and configured penny/microcap filters.
VKI,Invesco Advantage Municipal Income Trust II Common Shares of Beneficial Interest (DE),7.47,331712969.0,407805.0,,3046303.35,AMEX,Finance,Finance Companies,,True,Matched broad public screener and configured penny/microcap filters.
ARTV,Artiva Biotherapeutics Inc. Common Stock,6.79,331963922.0,444390.0,,3017408.1,NASDAQ,Health Care,Biotechnology: Biological Products (No Diagnostic Substances),,True,Matched broad public screener and configured penny/microcap filters.
OTLY,Oatly Group AB American Depositary Shares,10.43,332844851.0,96485.0,,1006338.5499999999,NASDAQ,Consumer Staples,Packaged Foods,,True,Matched broad public screener and configured penny/microcap filters.
IA,Innovative Solutions and Support Inc. Common Stock,18.61,333103610.0,190497.0,,3545149.17,NASDAQ,Technology,EDP Services,,True,Matched broad public screener and configured penny/microcap filters.
EGHT,8x8 Inc Common Stock,2.31,333646007.0,2156294.0,,4981039.14,NASDAQ,Technology,EDP Services,,True,Matched broad public screener and configured penny/microcap filters.
BNTC,Benitec Biopharma Inc. Common Stock,9.58,334176515.0,103102.0,,987717.16,NASDAQ,Health Care,Biotechnology: Pharmaceutical Preparations,,True,Matched broad public screener and configured penny/microcap filters.
SOHU,Sohu.com Limited American Depositary Shares,12.82,334204862.0,44428.0,,569566.96,NASDAQ,Technology,EDP Services,,True,Matched broad public screener and configured penny/microcap filters.
KDK,Kodiak AI Inc. Common Stock ,1.67,335032344.0,9355516.0,,15623711.719999999,NASDAQ,Technology,EDP Services,,True,Matched broad public screener and configured penny/microcap filters.
RPAY,Repay Holdings Corporation Class A Common Stock,3.73,335180213.0,309390.0,,1154024.7,NASDAQ,Consumer Discretionary,Business Services,,True,Matched broad public screener and configured penny/microcap filters.
NOA,North American Construction Group Ltd. Common Shares (no par),12.11,335573695.0,86634.0,,1049137.74,NYSE,Energy,Oilfield Services/Equipment,,True,Matched broad public screener and configured penny/microcap filters.
CV,CapsoVision Inc. Common Stock,6.32,336196141.0,159439.0,,1007654.4800000001,NASDAQ,Health Care,Biotechnology: Electromedical & Electrotherapeutic Apparatus,,True,Matched broad public screener and configured penny/microcap filters.
BMBL,Bumble Inc. Class A Common Stock,2.55,336519201.0,2283667.0,,5823350.85,NASDAQ,Technology,Computer Software: Programming Data Processing,,True,Matched broad public screener and configured penny/microcap filters.
VELO,Velo3D Inc. Common stock,10.47,336601265.0,1113853.0,,11662040.91,NASDAQ,Technology,Industrial Machinery/Components,,True,Matched broad public screener and configured penny/microcap filters.
LZM,Lifezone Metals Limited Ordinary Shares,3.75,337179589.0,356637.0,,1337388.75,NYSE,Basic Materials,Metal Mining,,True,Matched broad public screener and configured penny/microcap filters.
OPI,Office Properties Income Trust Common shares of beneficial interest,15.36,337206943.0,110424.0,,1696112.64,NASDAQ,Finance,Real Estate,,True,Matched broad public screener and configured penny/microcap filters.
CCAP,Crescent Capital BDC Inc. Common stock,9.17,337877380.0,351802.0,,3226024.34,NASDAQ,Finance,Finance: Consumer Services,,True,Matched broad public screener and configured penny/microcap filters.
TCPC,BlackRock TCP Capital Corp. Common Stock,4.03,338128183.0,642719.0,,2590157.5700000003,NASDAQ,Finance,Finance/Investors Services,,True,Matched broad public screener and configured penny/microcap filters.
OCGN,Ocugen Inc. Common Stock,1.0,339110401.0,5058485.0,,5058485.0,NASDAQ,Health Care,Biotechnology: Biological Products (No Diagnostic Substances),,True,Matched broad public screener and configured penny/microcap filters.
GASS,StealthGas Inc. Common Stock,9.14,339877170.0,170319.0,,1556715.6600000001,NASDAQ,Consumer Discretionary,Marine Transportation,,True,Matched broad public screener and configured penny/microcap filters.
ERII,Energy Recovery Inc. Common Stock,6.7,342000663.0,725728.0,,4862377.600000001,NASDAQ,Technology,Industrial Machinery/Components,,True,Matched broad public screener and configured penny/microcap filters.
REI,Ring Energy Inc. Common Stock,1.32,343912281.0,1660675.0,,2192091.0,AMEX,Energy,Oil & Gas Production,,True,Matched broad public screener and configured penny/microcap filters.
GMTL,Guardian Metal Resources PLC ADS,8.65,343918827.0,181542.0,,1570338.3,AMEX,Basic Materials,Metal Mining,,True,Matched broad public screener and configured penny/microcap filters.
PERI,Perion Network Ltd. Ordinary Shares,8.76,344533594.0,274831.0,,2407519.56,NASDAQ,Technology,EDP Services,,True,Matched broad public screener and configured penny/microcap filters.
SHOE,Shoe Station Group Inc. Common Stock,12.69,344962612.0,1068919.0,,13564582.11,NASDAQ,Consumer Discretionary,Clothing/Shoe/Accessory Stores,,True,Matched broad public screener and configured penny/microcap filters.
NL,NLI Holdings Inc. Common Stock,7.07,345714049.0,15681.0,,110864.67,NYSE,Basic Materials,Major Chemicals,,True,Matched broad public screener and configured penny/microcap filters.
VMD,Viemed Healthcare Inc. Common Shares,9.08,345841110.0,265018.0,,2406363.44,NASDAQ,Health Care,Misc Health and Biotechnology Services,,True,Matched broad public screener and configured penny/microcap filters.
CUB,Lionheart Holdings Class A Ordinary Shares,10.9,346277478.0,297.0,,3237.3,NASDAQ,Industrials,Industrial Machinery/Components,,True,Matched broad public screener and configured penny/microcap filters.
API,Agora Inc. American Depositary Shares,4.14,346828500.0,74645.0,,309030.3,NASDAQ,Technology,Computer Software: Prepackaged Software,,True,Matched broad public screener and configured penny/microcap filters.
BRBS,Blue Ridge Bankshares Inc. Common Stock,3.87,347095861.0,2036134.0,,7879838.58,AMEX,Finance,Major Banks,,True,Matched broad public screener and configured penny/microcap filters.
IMXI,International Money Express Inc. Common Stock,11.49,347131594.0,886718.0,,10188389.82,NASDAQ,Consumer Discretionary,Business Services,,True,Matched broad public screener and configured penny/microcap filters.
SFIX,Stitch Fix Inc. Class A Common Stock,2.6,347369586.0,4224372.0,,10983367.200000001,NASDAQ,Consumer Discretionary,Catalog/Specialty Distribution,,True,Matched broad public screener and configured penny/microcap filters.
BKKT,Bakkt Inc. Class A Common Stock,7.71,347485521.0,1120778.0,,8641198.38,NYSE,Finance,Finance: Consumer Services,,True,Matched broad public screener and configured penny/microcap filters.
LEO,BNY Mellon Strategic Municipals Inc. Common Stock,5.58,347582965.0,436862.0,,2437689.96,NYSE,Finance,Trusts Except Educational Religious and Charitable,,True,Matched broad public screener and configured penny/microcap filters.
VOXR,Vox Royalty Corp. Common Stock,5.01,348171373.0,361369.0,,1810458.69,NASDAQ,Basic Materials,Precious Metals,,True,Matched broad public screener and configured penny/microcap filters.
VFF,Village Farms International Inc. Common Shares,2.85,348515946.0,772475.0,,2201553.75,NASDAQ,Consumer Staples,Farming/Seeds/Milling,,True,Matched broad public screener and configured penny/microcap filters.
PACK,Ranpak Holdings Corp Class A Common Stock,4.07,349036236.0,507281.0,,2064633.6700000002,NYSE,Consumer Discretionary,Containers/Packaging,,True,Matched broad public screener and configured penny/microcap filters.
CLPT,ClearPoint Neuro Inc. Common Stock,11.45,349273399.0,768516.0,,8799508.2,NASDAQ,Health Care,Medical/Dental Instruments,,True,Matched broad public screener and configured penny/microcap filters.
SUJA,Suja Life Inc. Class A Common Stock,9.05,349556359.0,208465.0,,1886608.2500000002,NASDAQ,Consumer Staples,Beverages (Production/Distribution),,True,Matched broad public screener and configured penny/microcap filters.
BRCB,Black Rock Coffee Bar Inc. Class A Common Stock,6.99,350008026.0,177807.0,,1242870.93,NASDAQ,Consumer Discretionary,Restaurants,,True,Matched broad public screener and configured penny/microcap filters.
WSBF,Waterstone Financial Inc. Common Stock (MD),19.51,350731816.0,56964.0,,1111367.6400000001,NASDAQ,Finance,Savings Institutions,,True,Matched broad public screener and configured penny/microcap filters.
DSX,Diana Shipping inc. common stock,2.82,350846637.0,974191.0,,2747218.6199999996,NYSE,Consumer Discretionary,Marine Transportation,,True,Matched broad public screener and configured penny/microcap filters.
CION,CION Investment Corporation Common Stock,7.15,351799334.0,387153.0,,2768143.95,NYSE,Finance,Finance/Investors Services,,True,Matched broad public screener and configured penny/microcap filters.
LND,Brasilagro Brazilian Agric Real Estate Co Sponsored ADR (Brazil),3.43,352204213.0,53903.0,,184887.29,NYSE,Consumer Staples,Farming/Seeds/Milling,,True,Matched broad public screener and configured penny/microcap filters.
KNOP,KNOT Offshore Partners LP Common Units representing Limited Partner Interests,10.47,352423781.0,72253.0,,756488.91,NYSE,Consumer Discretionary,Marine Transportation,,True,Matched broad public screener and configured penny/microcap filters.
REAX,Real REMAX Group Inc. Common Stock,16.08,352473600.0,520655.0,,8372132.399999999,NASDAQ,Finance,Real Estate,,True,Matched broad public screener and configured penny/microcap filters.
CURR,Currenc Group Inc. Ordinary Shares,3.15,353687938.0,41238.0,,129899.7,NASDAQ,Consumer Discretionary,Business Services,,True,Matched broad public screener and configured penny/microcap filters.
GTE,Gran Tierra Energy Inc. Common Stock,10.01,354158094.0,616028.0,,6166440.28,AMEX,Energy,Oil & Gas Production,,True,Matched broad public screener and configured penny/microcap filters.
MCI,Barings Corporate Investors Common Stock,17.7,358632426.0,34153.0,,604508.1,NYSE,Finance,Trusts Except Educational Religious and Charitable,,True,Matched broad public screener and configured penny/microcap filters.
IQMXW,IQM Quantum Computers Oyj Warrants to purchase American Depositary Shares,1.9,360042814.0,2690.0,,5111.0,NASDAQ,Technology,Computer Software: Prepackaged Software,,True,Matched broad public screener and configured penny/microcap filters.
BCBP,BCB Bancorp Inc. (NJ) Common Stock,8.63,360318224.0,314219.0,,2711709.97,NASDAQ,Finance,Savings Institutions,,True,Matched broad public screener and configured penny/microcap filters.
RNGR,Ranger Energy Services Inc. Class A Common Stock,15.41,360625174.0,202527.0,,3120941.07,NYSE,Energy,Oilfield Services/Equipment,,True,Matched broad public screener and configured penny/microcap filters.
MOVE,Corvex Inc. Common Stock,11.44,360958026.0,104143.0,,1191395.92,NASDAQ,Technology,EDP Services,,True,Matched broad public screener and configured penny/microcap filters.
FENC,Fennec Pharmaceuticals Inc. Common Stock,10.33,361901220.0,130158.0,,1344532.14,NASDAQ,Health Care,Biotechnology: Biological Products (No Diagnostic Substances),,True,Matched broad public screener and configured penny/microcap filters.
KREF,KKR Real Estate Finance Trust Inc. Common Stock,6.2,363183278.0,841489.0,,5217231.8,NYSE,Real Estate,Real Estate Investment Trusts,,True,Matched broad public screener and configured penny/microcap filters.
NUAIW,New Era Energy & Digital Inc. Warrants,3.415,363900143.0,1751.0,,5979.665,NASDAQ,Energy,Oil & Gas Production,,True,Matched broad public screener and configured penny/microcap filters.
RDIB,Reading International Inc Class B Common Stock,15.92,364410822.0,31367.0,,499362.64,NASDAQ,Consumer Discretionary,Movies/Entertainment,,True,Matched broad public screener and configured penny/microcap filters.
LSAK,Lesaka Technologies Inc. Common Stock,4.25,364752400.0,152531.0,,648256.75,NASDAQ,Finance,Investment Bankers/Brokers/Service,,True,Matched broad public screener and configured penny/microcap filters.
EVN,Eaton Vance Municipal Income Trust Common Stock,9.2,364937900.0,305279.0,,2808566.8,NYSE,Finance,Investment Managers,,True,Matched broad public screener and configured penny/microcap filters.
CRNC,Cerence Inc. Common Stock,8.1,366365082.0,508495.0,,4118809.5,NASDAQ,Technology,Computer Software: Prepackaged Software,,True,Matched broad public screener and configured penny/microcap filters.
WDH,Waterdrop Inc. American Depositary Shares (each representing the right to receive 10 Class A Ordinary Shares),1.02,366487992.0,209982.0,,214181.64,NYSE,Finance,Specialty Insurers,,True,Matched broad public screener and configured penny/microcap filters.
HTT,High Templar Tech Limited American depositary shares each representing one Class A ordinary share,2.37,368021904.0,24215.0,,57389.55,NYSE,Finance,Finance: Consumer Services,,True,Matched broad public screener and configured penny/microcap filters.
AUNA,Auna SA Class A Ordinary Shares,4.98,368584566.0,77098.0,,383948.04000000004,NYSE,Health Care,Medical/Nursing Services,,True,Matched broad public screener and configured penny/microcap filters.
RCEL,Avita Medical Inc. Common Stock,12.01,371431432.0,496589.0,,5964033.89,NASDAQ,Health Care,Medical/Dental Instruments,,True,Matched broad public screener and configured penny/microcap filters.
DRTSW,Alpha Tau Medical Ltd. Warrant,4.02,371762179.0,16306.0,,65550.12,NASDAQ,Health Care,Medical/Dental Instruments,,True,Matched broad public screener and configured penny/microcap filters.
ORN,Orion Group Holdings Inc. Common,9.19,372151715.0,864060.0,,7940711.399999999,NYSE,Industrials,Military/Government/Technical,,True,Matched broad public screener and configured penny/microcap filters.
CGC,Canopy Growth Corporation Common Shares,0.8824,373288444.0,3151757.0,,2781110.3767999997,NASDAQ,Health Care, Medicinal Chemicals and Botanical Products ,,True,Matched broad public screener and configured penny/microcap filters.
ECX,ECARX Holdings Inc. Class A Ordinary shares,0.9799,373400678.0,2100026.0,,2057815.4774,NASDAQ,Technology,EDP Services,,True,Matched broad public screener and configured penny/microcap filters.
SLP,Simulations Plus Inc. Common Stock,18.49,373957255.0,865874.0,,16010010.259999998,NASDAQ,Technology,EDP Services,,True,Matched broad public screener and configured penny/microcap filters.
ENTA,Enanta Pharmaceuticals Inc. Common Stock,12.84,373970162.0,331493.0,,4256370.12,NASDAQ,Health Care,Biotechnology: Pharmaceutical Preparations,,True,Matched broad public screener and configured penny/microcap filters.
OFIX,Orthofix Medical Inc. Common Stock (DE),9.21,375147320.0,525353.0,,4838501.130000001,NASDAQ,Health Care,Medical/Dental Instruments,,True,Matched broad public screener and configured penny/microcap filters.
IRD,Opus Genetics Inc. Common Stock,4.51,375213162.0,1873990.0,,8451694.9,NASDAQ,Health Care,Biotechnology: Pharmaceutical Preparations,,True,Matched broad public screener and configured penny/microcap filters.
ARCT,Arcturus Therapeutics Holdings Inc. Common Stock,13.21,375468741.0,497356.0,,6570072.760000001,NASDAQ,Health Care,Biotechnology: Pharmaceutical Preparations,,True,Matched broad public screener and configured penny/microcap filters.
SHIP,Seanergy Maritime Holdings Corp. Common Stock,17.33,375509871.0,389389.0,,6748111.369999999,NASDAQ,Consumer Discretionary,Marine Transportation,,True,Matched broad public screener and configured penny/microcap filters.
CARL,Carlsmed Inc. Common Stock,13.76,375685744.0,158863.0,,2185954.88,NASDAQ,Health Care,Medical/Dental Instruments,,True,Matched broad public screener and configured penny/microcap filters.
AIOT,PowerFleet Inc. Common Stock,2.8,375832570.0,1467041.0,,4107714.8,NASDAQ,Telecommunications,Telecommunications Equipment,,True,Matched broad public screener and configured penny/microcap filters.
AGEN,Agenus Inc. Common Stock,8.33,376198760.0,1952219.0,,16261984.27,NASDAQ,Health Care,Biotechnology: Biological Products (No Diagnostic Substances),,True,Matched broad public screener and configured penny/microcap filters.
CRMLW,Critical Metals Corp. Warrants,2.56,376304008.0,9534.0,,24407.04,NASDAQ,Basic Materials,Metal Mining,,True,Matched broad public screener and configured penny/microcap filters.
SDHY,PGIM Short Duration High Yield Opportunities Fund Common Shares,15.27,376757565.0,48308.0,,737663.16,NYSE,Finance,Finance/Investors Services,,True,Matched broad public screener and configured penny/microcap filters.
GRRR,Gorilla Technology Group Inc. Ordinary shares,13.58,376946497.0,297862.0,,4044965.96,NASDAQ,Technology,Computer Software: Prepackaged Software,,True,Matched broad public screener and configured penny/microcap filters.
OPRT,Oportun Financial Corporation Common Stock,8.225,378245156.0,617149.0,,5076050.524999999,NASDAQ,Finance,Finance: Consumer Services,,True,Matched broad public screener and configured penny/microcap filters.
GALT,Galectin Therapeutics Inc. Common Stock,3.76,379194661.0,327433.0,,1231148.0799999998,NASDAQ,Health Care,Biotechnology: Pharmaceutical Preparations,,True,Matched broad public screener and configured penny/microcap filters.
IIIV,i3 Verticals Inc. Class A Common Stock,14.455,380484640.0,631986.0,,9135357.63,NASDAQ,Technology,Computer Software: Prepackaged Software,,True,Matched broad public screener and configured penny/microcap filters.
TACO,Berto Acquisition Corp. Ordinary Shares,10.47,381550169.0,62001.0,,649150.4700000001,NASDAQ,Finance,Blank Checks,,True,Matched broad public screener and configured penny/microcap filters.
FRST,Primis Financial Corp. Common Stock,15.39,381657718.0,138939.0,,2138271.21,NASDAQ,Finance,Major Banks,,True,Matched broad public screener and configured penny/microcap filters.
OBIO,Orchestra BioMed Holdings Inc. Ordinary Shares,6.35,381667061.0,389954.0,,2476207.9,NASDAQ,Health Care, Medicinal Chemicals and Botanical Products ,,True,Matched broad public screener and configured penny/microcap filters.
QNC,Quantum eMotion Corp. Common Shares,1.74,381790226.0,1410557.0,,2454369.18,AMEX,,,,True,Matched broad public screener and configured penny/microcap filters.
KPLT,Katapult Holdings Inc. Common Stock,4.5,381820748.0,319223.0,,1436503.5,NASDAQ,Consumer Discretionary,Diversified Commercial Services,,True,Matched broad public screener and configured penny/microcap filters.
VITL,Vital Farms Inc. Common Stock,8.92,382949176.0,1802681.0,,16079914.52,NASDAQ,Consumer Staples,Packaged Foods,,True,Matched broad public screener and configured penny/microcap filters.
TRX,TRX Gold Corporation Common Stock,1.17,383144591.0,2476695.0,,2897733.15,AMEX,Basic Materials,Precious Metals,,True,Matched broad public screener and configured penny/microcap filters.
EVH,Evolent Health Inc Class A Common Stock,3.39,383271146.0,1974079.0,,6692127.8100000005,NYSE,Consumer Discretionary,Other Consumer Services,,True,Matched broad public screener and configured penny/microcap filters.
NKLR,Terra Innovatum Global N.V. Ordinary shares,3.48,384543160.0,206450.0,,718446.0,NASDAQ,Industrials,Metal Fabrications,,True,Matched broad public screener and configured penny/microcap filters.
NMG,Nouveau Monde Graphite Inc. Common Shares,1.17,385113491.0,519211.0,,607476.87,NYSE,Basic Materials,Other Metals and Minerals,,True,Matched broad public screener and configured penny/microcap filters.
CCCC,C4 Therapeutics Inc. Common Stock,3.14,386298927.0,1892070.0,,5941099.8,NASDAQ,Health Care,Biotechnology: Biological Products (No Diagnostic Substances),,True,Matched broad public screener and configured penny/microcap filters.
EDIT,Editas Medicine Inc. Common Stock,2.52,387021688.0,1544290.0,,3891610.8,NASDAQ,Health Care,Biotechnology: Biological Products (No Diagnostic Substances),,True,Matched broad public screener and configured penny/microcap filters.
CYH,Community Health Systems Inc. Common Stock,2.75,387775732.0,1578057.0,,4339656.75,NYSE,Health Care,Hospital/Nursing Management,,True,Matched broad public screener and configured penny/microcap filters.
MYGN,Myriad Genetics Inc. Common Stock,4.06,388337559.0,1657984.0,,6731415.039999999,NASDAQ,Health Care,Biotechnology: In Vitro & In Vivo Diagnostic Substances,,True,Matched broad public screener and configured penny/microcap filters.
PHOE,Phoenix Asia Holdings Limited Ordinary Shares,18.0192,389214720.0,5615.0,,101177.808,NASDAQ,Consumer Discretionary,Engineering & Construction,,True,Matched broad public screener and configured penny/microcap filters.
FCBM,First Carolina Financial Services Inc. Common Stock,12.56,390224781.0,191084.0,,2400015.04,NYSE,Finance,Major Banks,,True,Matched broad public screener and configured penny/microcap filters.
SI,Shoulder Innovations Inc. Common Stock,18.75,390355444.0,213377.0,,4000818.75,NYSE,Health Care,Medical/Dental Instruments,,True,Matched broad public screener and configured penny/microcap filters.
RLMD,Relmada Therapeutics Inc. Common Stock,3.66,390411636.0,1358483.0,,4972047.78,NASDAQ,Health Care,Biotechnology: Pharmaceutical Preparations,,True,Matched broad public screener and configured penny/microcap filters.
GLOO,Gloo Holdings Inc. Class A Common Stock,4.27,390837545.0,1001489.0,,4276358.029999999,NASDAQ,Technology,EDP Services,,True,Matched broad public screener and configured penny/microcap filters.
BOC,Boston Omaha Corporation Class A Common Stock,12.98,391042827.0,152899.0,,1984629.02,NYSE,Finance,Real Estate,,True,Matched broad public screener and configured penny/microcap filters.
VGZ,Vista Gold Corp Common Stock,2.68,391203207.0,1883103.0,,5046716.04,AMEX,Basic Materials,Precious Metals,,True,Matched broad public screener and configured penny/microcap filters.
ACCO,Acco Brands Corporation Common Stock,4.24,391384088.0,468839.0,,1987877.36,NYSE,Consumer Discretionary,Publishing,,True,Matched broad public screener and configured penny/microcap filters.
RZLT,Rezolute Inc. Common Stock (NV),4.07,393659895.0,981738.0,,3995673.66,NASDAQ,Health Care,Biotechnology: Pharmaceutical Preparations,,True,Matched broad public screener and configured penny/microcap filters.
RR,Richtech Robotics Inc. Class B Common Stock,1.75,393928400.0,8133509.0,,14233640.75,NASDAQ,Industrials,Industrial Machinery/Components,,True,Matched broad public screener and configured penny/microcap filters.
EVGO,EVgo Inc. Class A Common Stock,1.26,396289807.0,3092516.0,,3896570.16,NASDAQ,Consumer Discretionary,Automotive Aftermarket,,True,Matched broad public screener and configured penny/microcap filters.
TTRX,Turn Therapeutics Inc. Common Stock,13.31,396478812.0,122102.0,,1625177.62,NASDAQ,Health Care,Biotechnology: Pharmaceutical Preparations,,True,Matched broad public screener and configured penny/microcap filters.
ZURA,Zura Bio Limited Class A Ordinary Shares,4.14,396732627.0,2913599.0,,12062299.86,NASDAQ,Health Care,Biotechnology: Biological Products (No Diagnostic Substances),,True,Matched broad public screener and configured penny/microcap filters.
MNTK,Montauk Renewables Inc. Common Stock,2.79,397131778.0,524225.0,,1462587.75,NASDAQ,Utilities,Natural Gas Distribution,,True,Matched broad public screener and configured penny/microcap filters.
HCMA,HCM III Acquisition Corp. Class A Ordinary Share,10.3,399768750.0,30158.0,,310627.4,NASDAQ,Consumer Discretionary,Hotels/Resorts,,True,Matched broad public screener and configured penny/microcap filters.
MEC,Mayville Engineering Company Inc. Common Stock,15.68,399845190.0,904646.0,,14184849.28,NYSE,Industrials,Industrial Specialties,,True,Matched broad public screener and configured penny/microcap filters.
FVR,FrontView REIT Inc. Common Stock,16.35,399854832.0,315566.0,,5159504.100000001,NYSE,Real Estate,Real Estate Investment Trusts,,True,Matched broad public screener and configured penny/microcap filters.
RMNI,Rimini Street Inc. (DE) Common Stock,4.29,400497240.0,340262.0,,1459723.98,NASDAQ,Consumer Discretionary,Business Services,,True,Matched broad public screener and configured penny/microcap filters.
EIKN,Eikon Therapeutics Inc. Common Stock,7.41,401362872.0,624581.0,,4628145.21,NASDAQ,Health Care,Biotechnology: Biological Products (No Diagnostic Substances),,True,Matched broad public screener and configured penny/microcap filters.
FOSL,Fossil Group Inc. Common Stock,6.8,402138754.0,1453109.0,,9881141.2,NASDAQ,Consumer Discretionary,Consumer Specialties,,True,Matched broad public screener and configured penny/microcap filters.
DGXX,Digi Power X Inc. Subordinate Voting Shares,3.97,402531619.0,2462267.0,,9775199.99,NASDAQ,Finance,Finance: Consumer Services,,True,Matched broad public screener and configured penny/microcap filters.
KYTX,Kyverna Therapeutics Inc. Common Stock,6.52,403219255.0,788514.0,,5141111.279999999,NASDAQ,Health Care,Biotechnology: Biological Products (No Diagnostic Substances),,True,Matched broad public screener and configured penny/microcap filters.
CHCT,Community Healthcare Trust Incorporated Common Stock,14.09,403732634.0,552455.0,,7784090.95,NYSE,Real Estate,Real Estate Investment Trusts,,True,Matched broad public screener and configured penny/microcap filters.
MGRD,Affiliated Managers Group Inc. 4.200% Junior Subordinated Notes due 2061,14.2441,404704267.0,10436.0,,148651.4276,NYSE,Finance,Investment Managers,,True,Matched broad public screener and configured penny/microcap filters.
CINT,CI&T Inc Class A Common Shares,3.14,404713824.0,41019.0,,128799.66,NYSE,Technology,EDP Services,,True,Matched broad public screener and configured penny/microcap filters.
BNED,Barnes & Noble Education Inc Common Stock,11.68,404886966.0,177392.0,,2071938.56,NYSE,Consumer Discretionary,Other Specialty Stores,,True,Matched broad public screener and configured penny/microcap filters.
MAGN,Magnera Corporation Common Stock,11.32,405256000.0,357850.0,,4050862.0,NYSE,Basic Materials,Paper,,True,Matched broad public screener and configured penny/microcap filters.
IMSR,Terrestrial Energy Inc. Common Stock  ,3.83,405732023.0,1709750.0,,6548342.5,NASDAQ,Industrials,Metal Fabrications,,True,Matched broad public screener and configured penny/microcap filters.
AVIR,Atea Pharmaceuticals Inc. Common Stock,5.1,409043965.0,408666.0,,2084196.5999999999,NASDAQ,Health Care,Biotechnology: Pharmaceutical Preparations,,True,Matched broad public screener and configured penny/microcap filters.
RILYP,BRC Group Holdings Inc. Depositary Shares each representing a 1/1000th fractional interest in a share of Series A Cumulative Perpetual Preferred Stock,10.19,409635503.0,10161.0,,103540.59,NASDAQ,Finance,Investment Managers,,True,Matched broad public screener and configured penny/microcap filters.
SPRY,ARS Pharmaceuticals Inc. Common Stock,4.12,409723053.0,1971582.0,,8122917.84,NASDAQ,Health Care,Biotechnology: Pharmaceutical Preparations,,True,Matched broad public screener and configured penny/microcap filters.
ALLT,Allot Ltd. Ordinary Shares,8.4,410954032.0,228092.0,,1915972.8,NASDAQ,Telecommunications,Computer Communications Equipment,,True,Matched broad public screener and configured penny/microcap filters.
LAND,Gladstone Land Corporation Common Stock,9.54,411522906.0,518514.0,,4946623.56,NASDAQ,Real Estate,Real Estate Investment Trusts,,True,Matched broad public screener and configured penny/microcap filters.
SERV,Serve Robotics Inc. Common Stock,4.75,411860658.0,1972794.0,,9370771.5,NASDAQ,Industrials,Industrial Machinery/Components,,True,Matched broad public screener and configured penny/microcap filters.
XRX,Xerox Holdings Corporation Common Stock,3.14,412327565.0,1517560.0,,4765138.4,NASDAQ,Technology,Computer peripheral equipment,,True,Matched broad public screener and configured penny/microcap filters.
ASPI,ASP Isotopes Inc. Common Stock,2.7,413935326.0,5498898.0,,14847024.600000001,NASDAQ,Industrials,Major Chemicals,,True,Matched broad public screener and configured penny/microcap filters.
BLW,Blackrock Limited Duration Income Trust,11.7,417821660.0,754457.0,,8827146.9,NYSE,Consumer Discretionary,Other Consumer Services,,True,Matched broad public screener and configured penny/microcap filters.
GUT,Gabelli Utility Trust (The) Common Stock,5.7,418374465.0,626998.0,,3573888.6,NYSE,Finance,Trusts Except Educational Religious and Charitable,,True,Matched broad public screener and configured penny/microcap filters.
SGU,Star Group L.P. Common Stock,12.8,419983565.0,14712.0,,188313.6,NYSE,Consumer Discretionary,Other Specialty Stores,,True,Matched broad public screener and configured penny/microcap filters.
CCOI,Cogent Communications Holdings Inc.,8.23,421505507.0,3038804.0,,25009356.92,NASDAQ,Consumer Discretionary,Telecommunications Equipment,,True,Matched broad public screener and configured penny/microcap filters.
HQWWW,Horizon Quantum Holdings Ltd. Warrant,7.81,421521945.0,14743.0,,115142.82999999999,NASDAQ,Technology,EDP Services,,True,Matched broad public screener and configured penny/microcap filters.
USDE,StablecoinX Inc. Class A Common Stock,15.51,421672371.0,2146612.0,,33293952.12,NASDAQ,Finance,Finance: Consumer Services,,True,Matched broad public screener and configured penny/microcap filters.
URG,Ur Energy Inc Common Shares (Canada),1.06,421735543.0,6703603.0,,7105819.180000001,AMEX,Basic Materials,Precious Metals,,True,Matched broad public screener and configured penny/microcap filters.
RLGT,Radiant Logistics Inc. Common Stock,9.01,422517373.0,163319.0,,1471504.19,AMEX,Industrials,Integrated Freight & Logistics,,True,Matched broad public screener and configured penny/microcap filters.
CAL,Caleres Inc. Common Stock,12.3,424411217.0,482484.0,,5934553.2,NYSE,Consumer Discretionary,Shoe Manufacturing,,True,Matched broad public screener and configured penny/microcap filters.
ACTG,Acacia Research Corporation (Acacia Tech) Common Stock,4.36,425478470.0,254260.0,,1108573.6,NASDAQ,Miscellaneous,Multi-Sector Companies,,True,Matched broad public screener and configured penny/microcap filters.
AGMB,AgomAb Therapeutics NV American Depositary Shares,8.65,425994984.0,639387.0,,5530697.55,NASDAQ,Health Care,Biotechnology: Biological Products (No Diagnostic Substances),,True,Matched broad public screener and configured penny/microcap filters.
SRTA,Strata Critical Medical Inc. Class A Common Stock,4.83,427294673.0,1614516.0,,7798112.28,NASDAQ,Health Care,Medical/Nursing Services,,True,Matched broad public screener and configured penny/microcap filters.
OPTU,Optimum Communications Inc. Class A common stock,0.9424,429343167.0,2150949.0,,2027054.3376,NYSE,Telecommunications,Cable & Other Pay Television Services,,True,Matched broad public screener and configured penny/microcap filters.
VHI,Valhi Inc. Common Stock,15.21,430765346.0,8225.0,,125102.25,NYSE,Basic Materials,Major Chemicals,,True,Matched broad public screener and configured penny/microcap filters.
ASIX,AdvanSix Inc. Common Stock ,15.98,431478952.0,332162.0,,5307948.76,NYSE,Industrials,Major Chemicals,,True,Matched broad public screener and configured penny/microcap filters.
LOCO,El Pollo Loco Holdings Inc. Common Stock,14.19,431843376.0,303181.0,,4302138.39,NASDAQ,Consumer Discretionary,Restaurants,,True,Matched broad public screener and configured penny/microcap filters.
GNE,Genie Energy Ltd. Class B Common Stock Stock,16.42,432168210.0,97734.0,,1604792.2800000003,NYSE,Utilities,Power Generation,,True,Matched broad public screener and configured penny/microcap filters.
ADUR,Aduro Clean Technologies Inc. Common Stock,12.12,432741546.0,370390.0,,4489126.8,NASDAQ,Industrials,Major Chemicals,,True,Matched broad public screener and configured penny/microcap filters.
VCV,Invesco California Value Municipal Income Trust Common Stock,9.04,432930346.0,430126.0,,3888339.0399999996,NYSE,Finance,Trusts Except Educational Religious and Charitable,,True,Matched broad public screener and configured penny/microcap filters.
ASTL,Algoma Steel Group Inc. Common Shares,4.11,433147224.0,439929.0,,1808108.1900000002,NASDAQ,Industrials,Steel/Iron Ore,,True,Matched broad public screener and configured penny/microcap filters.
RILYL,BRC Group Holdings Inc. Depositary Shares each representing 1/1000th in a share of 7.375% Series B Cumulative Perpetual Preferred Stock par value $0.0001,10.7999,434153334.0,5507.0,,59475.0493,NASDAQ,Finance,Investment Managers,,True,Matched broad public screener and configured penny/microcap filters.
ACIC,American Coastal Insurance Corporation Common Stock,9.25,437264409.0,250426.0,,2316440.5,NASDAQ,Finance,Property-Casualty Insurers,,True,Matched broad public screener and configured penny/microcap filters.
BTQ,BTQ Technologies Corp. Common Stock,2.98,438300417.0,1266734.0,,3774867.32,NASDAQ,,,,True,Matched broad public screener and configured penny/microcap filters.
MNRO,Monro Inc. Common Stock,14.02,438322121.0,834612.0,,11701260.24,NASDAQ,Consumer Discretionary,Automotive Aftermarket,,True,Matched broad public screener and configured penny/microcap filters.
PRTA,Prothena Corporation plc Ordinary Shares,8.54,438417758.0,457153.0,,3904086.6199999996,NASDAQ,Health Care,Biotechnology: Pharmaceutical Preparations,,True,Matched broad public screener and configured penny/microcap filters.
GLAD,Gladstone Capital Corporation Common Stock,19.41,438531469.0,175579.0,,3407988.39,NASDAQ,Consumer Discretionary,Textiles,,True,Matched broad public screener and configured penny/microcap filters.
TWI,Titan International Inc. (DE) Common Stock,6.8,438887994.0,577852.0,,3929393.6,NYSE,Industrials,Steel/Iron Ore,,True,Matched broad public screener and configured penny/microcap filters.
FRBA,First Bank Common Stock,17.51,440103397.0,183131.0,,3206623.81,NASDAQ,Finance,Major Banks,,True,Matched broad public screener and configured penny/microcap filters.
CDRO,Codere Online Luxembourg S.A. Ordinary Shares,9.68,440148777.0,1494.0,,14461.92,NASDAQ,Consumer Discretionary,Services-Misc. Amusement & Recreation,,True,Matched broad public screener and configured penny/microcap filters.
SLI,Standard Lithium Ltd. Common Shares,1.79,441743650.0,1170426.0,,2095062.54,AMEX,Industrials,Major Chemicals,,True,Matched broad public screener and configured penny/microcap filters.
PBFS,Pioneer Bancorp Inc. Common Stock,17.85,443423685.0,12030.0,,214735.50000000003,NASDAQ,Finance,Banks,,True,Matched broad public screener and configured penny/microcap filters.
TRC,Tejon Ranch Co Common Stock,16.49,445583612.0,161475.0,,2662722.7499999995,NYSE,Finance,Real Estate,,True,Matched broad public screener and configured penny/microcap filters.
SPIR,Spire Global Inc. Class A Common Stock,10.97,445627410.0,771249.0,,8460601.530000001,NYSE,Consumer Discretionary,Telecommunications Equipment,,True,Matched broad public screener and configured penny/microcap filters.
ONT,Onterris Inc. Common Stock,12.73,447044808.0,1764289.0,,22459398.970000003,NYSE,Consumer Discretionary,Professional Services,,True,Matched broad public screener and configured penny/microcap filters.
CLB,Core Laboratories Inc. Common Stock,9.76,447833130.0,781940.0,,7631734.399999999,NYSE,Energy,Oilfield Services/Equipment,,True,Matched broad public screener and configured penny/microcap filters.
ZKH,ZKH Group Limited American Depositary Shares each representing thirty-five (35) Class A Ordinary Shares,2.83,449741667.0,148712.0,,420854.96,NYSE,Consumer Discretionary,RETAIL: Building Materials,,True,Matched broad public screener and configured penny/microcap filters.
DMAC,DiaMedica Therapeutics Inc. Common Stock,8.35,450279570.0,234227.0,,1955795.45,NASDAQ,Health Care,Biotechnology: Pharmaceutical Preparations,,True,Matched broad public screener and configured penny/microcap filters.
ETB,Eaton Vance Tax-Managed Buy-Write Income Fund Eaton Vance Tax-Managed Buy-Write Income Fund Common Shares of Beneficial Interest,15.34,450557245.0,47215.0,,724278.1,NYSE,Finance,Investment Bankers/Brokers/Service,,True,Matched broad public screener and configured penny/microcap filters.
MGRB,Affiliated Managers Group Inc. 4.750% Junior Subordinated Notes due 2060,15.87,450899440.0,24826.0,,393988.62,NYSE,Finance,Investment Managers,,True,Matched broad public screener and configured penny/microcap filters.
NPCE,Neuropace Inc. Common Stock,13.15,451364203.0,197416.0,,2596020.4,NASDAQ,Health Care,Medical/Dental Instruments,,True,Matched broad public screener and configured penny/microcap filters.
MRAM,Everspin Technologies Inc. Common Stock,18.65,454127668.0,574949.0,,10722798.85,NASDAQ,Technology,Semiconductors,,True,Matched broad public screener and configured penny/microcap filters.
VRRM,Verra Mobility Corporation Class A Common Stock,2.99,454428584.0,6591915.0,,19709825.85,NASDAQ,Consumer Discretionary,Transportation Services,,True,Matched broad public screener and configured penny/microcap filters.
AHRT,AH Realty Trust Inc. Common Stock,6.13,457255041.0,2148625.0,,13171071.25,NYSE,Finance,Real Estate,,True,Matched broad public screener and configured penny/microcap filters.
RWT,Redwood Trust Inc. Common Stock,3.65,458485377.0,4272222.0,,15593610.299999999,NYSE,Real Estate,Real Estate Investment Trusts,,True,Matched broad public screener and configured penny/microcap filters.
CMCO,Columbus McKinnon Corporation Common Stock,15.935,459951728.0,356265.0,,5677082.775,NASDAQ,Industrials,Construction/Ag Equipment/Trucks,,True,Matched broad public screener and configured penny/microcap filters.
ARKO,ARKO Corp. Common Stock,4.11,461083313.0,617773.0,,2539047.0300000003,NASDAQ,Consumer Staples,Food Chains,,True,Matched broad public screener and configured penny/microcap filters.
LXFR,Luxfer Holdings PLC Ordinary Shares,17.24,461329315.0,348611.0,,6010053.64,AMEX,Basic Materials,Major Chemicals,,True,Matched broad public screener and configured penny/microcap filters.
ASPN,Aspen Aerogels Inc. Common Stock,5.56,461417639.0,1072773.0,,5964617.88,NYSE,Consumer Discretionary,RETAIL: Building Materials,,True,Matched broad public screener and configured penny/microcap filters.
GFUZ,General Fusion Group Ltd. Common Shares,7.27,461999202.0,65292.0,,474672.83999999997,NASDAQ,Utilities,Electric Utilities: Central,,True,Matched broad public screener and configured penny/microcap filters.
FTHY,First Trust High Yield Opportunities 2027 Term Fund Common Stock,12.58,462604202.0,203011.0,,2553878.38,NYSE,Finance,Investment Managers,,True,Matched broad public screener and configured penny/microcap filters.
AMCX,AMC Global Media Inc. Class A Common Stock,11.22,462824675.0,970565.0,,10889739.3,NASDAQ,Telecommunications,Cable & Other Pay Television Services,,True,Matched broad public screener and configured penny/microcap filters.
IQI,Invesco Quality Municipal Income Trust Common Stock,8.78,464319738.0,355813.0,,3124038.1399999997,NYSE,Finance,Finance Companies,,True,Matched broad public screener and configured penny/microcap filters.
GTN,Gray Media Inc. Common Stock,4.51,464459567.0,1083387.0,,4886075.37,NYSE,Industrials,Broadcasting,,True,Matched broad public screener and configured penny/microcap filters.
ALTI,AlTi Global Inc. Class A Common Stock,2.98,464711427.0,78532.0,,234025.36,NASDAQ,Finance,Investment Managers,,True,Matched broad public screener and configured penny/microcap filters.
ILPT,Industrial Logistics Properties Trust Common Shares of Beneficial Interest,6.97,465218791.0,408374.0,,2846366.78,NASDAQ,Real Estate,Real Estate Investment Trusts,,True,Matched broad public screener and configured penny/microcap filters.
HQL,abrdn Life Sciences Investors Shares of Beneficial Interest,18.17,466598986.0,128595.0,,2336571.1500000004,NYSE,Finance,Investment Managers,,True,Matched broad public screener and configured penny/microcap filters.
ULH,Universal Logistics Holdings Inc. Common Stock,17.71,466973827.0,31961.0,,566029.31,NASDAQ,Industrials,Trucking Freight/Courier Services,,True,Matched broad public screener and configured penny/microcap filters.
CERS,Cerus Corporation Common Stock,2.32,467537763.0,1925281.0,,4466651.92,NASDAQ,Health Care,Medical/Dental Instruments,,True,Matched broad public screener and configured penny/microcap filters.
GLAS,Glass House Brands Inc. Subordinate Voting Shares,5.32,468149275.0,2920403.0,,15536543.96,NYSE,Health Care, Medicinal Chemicals and Botanical Products ,,True,Matched broad public screener and configured penny/microcap filters.
VKQ,Invesco Municipal Trust Common Stock,8.49,469798522.0,534825.0,,4540664.25,NYSE,Finance,Trusts Except Educational Religious and Charitable,,True,Matched broad public screener and configured penny/microcap filters.
GENVR,Gen Digital Inc. Contingent Value Rights,0.79,472883755.0,26429.0,,20878.91,NASDAQ,Technology,Computer Software: Prepackaged Software,,True,Matched broad public screener and configured penny/microcap filters.
KMDA,Kamada Ltd. Ordinary Shares,8.2,473224501.0,93674.0,,768126.7999999999,NASDAQ,Health Care,Biotechnology: Pharmaceutical Preparations,,True,Matched broad public screener and configured penny/microcap filters.
VGM,Invesco Trust for Investment Grade Municipals Common Stock (DE),8.75,474529720.0,339986.0,,2974877.5,NYSE,Finance,Trusts Except Educational Religious and Charitable,,True,Matched broad public screener and configured penny/microcap filters.
OVID,Ovid Therapeutics Inc. Common Stock,2.43,474573793.0,1349475.0,,3279224.25,NASDAQ,Health Care,Biotechnology: Pharmaceutical Preparations,,True,Matched broad public screener and configured penny/microcap filters.
TKNO,Alpha Teknova Inc. Common Stock,8.86,475677860.0,344339.0,,3050843.5399999996,NASDAQ,Health Care,Biotechnology: In Vitro & In Vivo Diagnostic Substances,,True,Matched broad public screener and configured penny/microcap filters.
NMCO,Nuveen Municipal Credit Opportunities Fund Common Shares,8.69,475964109.0,941807.0,,8184302.829999999,NYSE,Finance,Finance/Investors Services,,True,Matched broad public screener and configured penny/microcap filters.
AUXX,Gold X2 Mining Inc. Common Shares,4.71,476580446.0,11596.0,,54617.159999999996,AMEX,,,,True,Matched broad public screener and configured penny/microcap filters.
QUAD,Quad Graphics Inc Class A Common Stock,9.29,478075496.0,354144.0,,3289997.76,NYSE,Consumer Discretionary,Publishing,,True,Matched broad public screener and configured penny/microcap filters.
MFI,mF International Limited Class A Ordinary Shares,9.53,478181902.0,685.0,,6528.049999999999,NASDAQ,Technology,EDP Services,,True,Matched broad public screener and configured penny/microcap filters.
GLRE,Greenlight Capital Re Ltd. Class A Ordinary Shares,14.69,479501343.0,146728.0,,2155434.32,NASDAQ,Finance,Property-Casualty Insurers,,True,Matched broad public screener and configured penny/microcap filters.
NXRT,NexPoint Residential Trust Inc. Common Stock,18.86,481869473.0,1262335.0,,23807638.099999998,NYSE,Real Estate,Real Estate Investment Trusts,,True,Matched broad public screener and configured penny/microcap filters.
MCFT,MasterCraft Boat Holdings Inc. Common Stock,19.86,483379908.0,211503.0,,4200449.58,NASDAQ,Industrials,Marine Transportation,,True,Matched broad public screener and configured penny/microcap filters.
BRSP,BrightSpire Capital Inc. Class A Common Stock,3.83,484587609.0,2324695.0,,8903581.85,NYSE,Real Estate,Real Estate Investment Trusts,,True,Matched broad public screener and configured penny/microcap filters.
BDN,Brandywine Realty Trust Common Stock,2.78,485323774.0,1846412.0,,5133025.359999999,NYSE,Real Estate,Real Estate Investment Trusts,,True,Matched broad public screener and configured penny/microcap filters.
ORBS,Eightco Holdings Inc. Common Stock,1.13,485648462.0,6764881.0,,7644315.529999999,NASDAQ,Finance,Finance Companies,,True,Matched broad public screener and configured penny/microcap filters.
ARVN,Arvinas Inc. Common Stock,7.43,485819399.0,807375.0,,5998796.25,NASDAQ,Health Care,Biotechnology: Pharmaceutical Preparations,,True,Matched broad public screener and configured penny/microcap filters.
WRN,Western Copper and Gold Corporation Common Stock,2.15,486277166.0,1432886.0,,3080704.9,AMEX,Basic Materials,Metal Mining,,True,Matched broad public screener and configured penny/microcap filters.
JKS,JinkoSolar Holding Company Limited American Depositary Shares (each representing 4 Common Shares),9.29,486519047.0,771015.0,,7162729.35,NYSE,Technology,Semiconductors,,True,Matched broad public screener and configured penny/microcap filters.
TRTX,TPG RE Finance Trust Inc. Common Stock,6.34,486715517.0,1408013.0,,8926802.42,NYSE,Real Estate,Real Estate Investment Trusts,,True,Matched broad public screener and configured penny/microcap filters.
CTNM,Contineum Therapeutics Inc. Class A Common Stock,12.99,488698505.0,774017.0,,10054480.83,NASDAQ,Health Care,Biotechnology: Pharmaceutical Preparations,,True,Matched broad public screener and configured penny/microcap filters.
RGNX,REGENXBIO Inc. Common Stock,7.42,489817885.0,1705187.0,,12652487.54,NASDAQ,Health Care,Biotechnology: Biological Products (No Diagnostic Substances),,True,Matched broad public screener and configured penny/microcap filters.
AUTL,Autolus Therapeutics plc American Depositary Share,1.85,492400699.0,1458903.0,,2698970.5500000003,NASDAQ,Health Care,Biotechnology: Biological Products (No Diagnostic Substances),,True,Matched broad public screener and configured penny/microcap filters.
OIS,Oil States International Inc. Common Stock,8.19,494042250.0,912470.0,,7473129.3,NYSE,Consumer Discretionary,Oil and Gas Field Machinery,,True,Matched broad public screener and configured penny/microcap filters.
RYAM,Rayonier Advanced Materials Inc. Common Stock,7.34,496508487.0,1921152.0,,14101255.68,NYSE,Basic Materials,Paper,,True,Matched broad public screener and configured penny/microcap filters.
SGHT,Sight Sciences Inc. Common Stock,9.03,497444550.0,339300.0,,3063879.0,NASDAQ,Health Care,Medical/Dental Instruments,,True,Matched broad public screener and configured penny/microcap filters.
BBCP,Concrete Pumping Holdings Inc. Common Stock,9.88,497886990.0,120071.0,,1186301.48,NASDAQ,Consumer Discretionary,Engineering & Construction,,True,Matched broad public screener and configured penny/microcap filters.
MTC,MMTec Inc. Common Shares,5.0,497939055.0,6594.0,,32970.0,NASDAQ,Technology,Computer Software: Prepackaged Software,,True,Matched broad public screener and configured penny/microcap filters.
NB,NioCorp Developments Ltd. Common Stock,3.43,500264231.0,2581823.0,,8855652.89,NASDAQ,Basic Materials,Metal Mining,,True,Matched broad public screener and configured penny/microcap filters.
SLN,Silence Therapeutics Plc American Depository Share,10.71,501228000.0,1578918.0,,16910211.78,NASDAQ,Health Care,Biotechnology: Pharmaceutical Preparations,,True,Matched broad public screener and configured penny/microcap filters.
FPI,Farmland Partners Inc. Common Stock,11.49,501316996.0,1229548.0,,14127506.52,NYSE,Real Estate,Real Estate Investment Trusts,,True,Matched broad public screener and configured penny/microcap filters.
MTLS,Materialise NV American Depositary Shares,8.5,502071081.0,344963.0,,2932185.5,NASDAQ,Technology,Computer Software: Prepackaged Software,,True,Matched broad public screener and configured penny/microcap filters.
ENTX,Entera Bio Ltd. Ordinary Shares,2.89,502635817.0,640888.0,,1852166.32,NASDAQ,Health Care,Biotechnology: Biological Products (No Diagnostic Substances),,True,Matched broad public screener and configured penny/microcap filters.
SD,SandRidge Energy Inc. Common Stock,13.56,502741014.0,309148.0,,4192046.8800000004,NYSE,Energy,Oil & Gas Production,,True,Matched broad public screener and configured penny/microcap filters.
DNUT,Krispy Kreme Inc. Common Stock,2.9,503150000.0,2095215.0,,6076123.5,NASDAQ,Consumer Staples,Food Chains,,True,Matched broad public screener and configured penny/microcap filters.
IIM,Invesco Value Municipal Income Trust Common Stock,10.69,503161613.0,231678.0,,2476637.82,NYSE,Finance,Investment Managers,,True,Matched broad public screener and configured penny/microcap filters.
DDL,Dingdong (Cayman) Limited American Depositary Shares (each two representing three Ordinary Shares),2.14,505527246.0,179687.0,,384530.18000000005,NYSE,Consumer Discretionary,Catalog/Specialty Distribution,,True,Matched broad public screener and configured penny/microcap filters.
BWAY,BrainsWay Ltd. American Depositary Shares,12.6,505630553.0,138015.0,,1738989.0,NASDAQ,Health Care,Medical/Dental Instruments,,True,Matched broad public screener and configured penny/microcap filters.
NWCLW,newcleo plc Warrants,0.995,506832035.0,3086.0,,3070.57,NASDAQ,Industrials,Metal Fabrications,,True,Matched broad public screener and configured penny/microcap filters.
OPFI,OppFi Inc. Class A Common Stock,5.95,506989070.0,495603.0,,2948837.85,NYSE,Finance,Finance: Consumer Services,,True,Matched broad public screener and configured penny/microcap filters.
BMM,Blue Moon Metals Inc. Common Shares,4.84,507536925.0,194510.0,,941428.4,NASDAQ,,,,True,Matched broad public screener and configured penny/microcap filters.
WNC,Wabash National Corporation Common Stock,12.46,507585176.0,3049964.0,,38002551.440000005,NYSE,Industrials,Construction/Ag Equipment/Trucks,,True,Matched broad public screener and configured penny/microcap filters.
EOLS,Evolus Inc. Common Stock,7.69,507927884.0,922586.0,,7094686.340000001,NASDAQ,Health Care,Biotechnology: Pharmaceutical Preparations,,True,Matched broad public screener and configured penny/microcap filters.
PBYI,Puma Biotechnology Inc Common Stock,9.84,507941449.0,518447.0,,5101518.4799999995,NASDAQ,Health Care,Biotechnology: Pharmaceutical Preparations,,True,Matched broad public screener and configured penny/microcap filters.
OCS,Oculis Holding AG Ordinary shares,8.76,507943677.0,578470.0,,5067397.2,NASDAQ,Health Care,Biotechnology: Pharmaceutical Preparations,,True,Matched broad public screener and configured penny/microcap filters.
GMRS,GMR Solutions Inc. Class A Common Stock,9.42,508884518.0,2192046.0,,20649073.32,NYSE,Consumer Discretionary,Transportation Services,,True,Matched broad public screener and configured penny/microcap filters.
MEI,Methode Electronics Inc. Common Stock,14.29,509367807.0,653525.0,,9338872.25,NYSE,Technology,Electrical Products,,True,Matched broad public screener and configured penny/microcap filters.
GAU,Galiano Gold Inc.,1.95,510103940.0,1765704.0,,3443122.8,AMEX,Industrials,Mining & Quarrying of Nonmetallic Minerals (No Fuels),,True,Matched broad public screener and configured penny/microcap filters.
RFI,Cohen & Steers Total Return Realty Fund Inc. Common Stock,10.45,513498663.0,143856.0,,1503295.2,NYSE,Finance,Investment Managers,,True,Matched broad public screener and configured penny/microcap filters.
NPB,Northpointe Bancshares Inc. Common Stock,14.85,513540354.0,274248.0,,4072582.8,NYSE,Finance,Major Banks,,True,Matched broad public screener and configured penny/microcap filters.
SWRD,Stewards Inc Common Stock,2.28,514426430.0,172266.0,,392766.48,NASDAQ,Finance,Finance Companies,,True,Matched broad public screener and configured penny/microcap filters.
SDHC,Smith Douglas Homes Corp. Class A Common Stock,10.14,515399783.0,35338.0,,358327.32,NYSE,Consumer Discretionary,Homebuilding,,True,Matched broad public screener and configured penny/microcap filters.
EPRX,Eupraxia Pharmaceuticals Inc. Common Stock,7.83,516048929.0,3645217.0,,28542049.11,NASDAQ,Health Care,Pharmaceuticals and Biotechnology,,True,Matched broad public screener and configured penny/microcap filters.
VFSWW,VinFast Auto Ltd. Warrant,0.2206,516101644.0,36709.0,,8098.0054,NASDAQ,Industrials,Auto Manufacturing,,True,Matched broad public screener and configured penny/microcap filters.
NEXN,Nexxen International Ltd. Ordinary Shares,9.07,516538033.0,604657.0,,5484238.99,NASDAQ,Technology,Computer Software: Programming Data Processing,,True,Matched broad public screener and configured penny/microcap filters.
PROK,ProKidney Corp. Class A Ordinary Shares,1.71,516971740.0,1511189.0,,2584133.19,NASDAQ,Health Care,Biotechnology: Biological Products (No Diagnostic Substances),,True,Matched broad public screener and configured penny/microcap filters.
MASS,908 Devices Inc. Common Stock,12.51,517084650.0,595293.0,,7447115.43,NASDAQ,Industrials,Industrial Machinery/Components,,True,Matched broad public screener and configured penny/microcap filters.
CWH,Camping World Holdings Inc. Class A Common Stock,5.01,517507529.0,1870455.0,,9370979.549999999,NYSE,Consumer Discretionary,Retail-Auto Dealers and Gas Stations,,True,Matched broad public screener and configured penny/microcap filters.
ROMA,Roma Green Finance Limited Class A Ordinary Shares,8.7,518211768.0,7406.0,,64432.2,NASDAQ,Consumer Discretionary,Professional Services,,True,Matched broad public screener and configured penny/microcap filters.
CAPR,Capricor Therapeutics Inc. Common Stock,8.94,519762562.0,3875995.0,,34651395.3,NASDAQ,Health Care,Biotechnology: Pharmaceutical Preparations,,True,Matched broad public screener and configured penny/microcap filters.
ITRG,Integra Resources Corp. Common Shares,2.57,521383790.0,1646681.0,,4231970.17,AMEX,Basic Materials,Precious Metals,,True,Matched broad public screener and configured penny/microcap filters.
SBC,SBC Medical Group Holdings Incorporated Common Stock,5.07,521434001.0,218212.0,,1106334.84,NASDAQ,Health Care,Medical/Nursing Services,,True,Matched broad public screener and configured penny/microcap filters.
NOAH,Noah Holdings Limited American Depositary Shares,7.78,521661891.0,93528.0,,727647.84,NYSE,Finance,Investment Managers,,True,Matched broad public screener and configured penny/microcap filters.
HUYA,HUYA Inc. American depositary shares each  representing one Class A ordinary share,2.29,522958353.0,625170.0,,1431639.3,NYSE,Technology,Computer Software: Programming Data Processing,,True,Matched broad public screener and configured penny/microcap filters.
FWRD,Forward Air Corporation Common Stock,15.5,523603361.0,625852.0,,9700706.0,NASDAQ,Industrials,Integrated Freight & Logistics,,True,Matched broad public screener and configured penny/microcap filters.
LAES,SEALSQ Corp Ordinary Shares,2.36,525746638.0,3041576.0,,7178119.359999999,NASDAQ,Technology,Semiconductors,,True,Matched broad public screener and configured penny/microcap filters.
LOT,Lotus Technology Inc. American Depositary Shares,0.8203,526706324.0,134758.0,,110541.9874,NASDAQ,Industrials,Auto Manufacturing,,True,Matched broad public screener and configured penny/microcap filters.
TMQ,Trilogy Metals Inc. Common Stock,3.06,528601655.0,1332045.0,,4076057.7,AMEX,Basic Materials,Precious Metals,,True,Matched broad public screener and configured penny/microcap filters.
CBIO,Crescent Biopharma Inc. Common Stock,14.26,529672584.0,300914.0,,4291033.64,NASDAQ,Health Care,Biotechnology: Pharmaceutical Preparations,,True,Matched broad public screener and configured penny/microcap filters.
NDMO,Nuveen Dynamic Municipal Opportunities Fund Common Shares of Beneficial Interest,8.91,529835235.0,553953.0,,4935721.23,NYSE,Finance,Trusts Except Educational Religious and Charitable,,True,Matched broad public screener and configured penny/microcap filters.
METC,Ramaco Resources Inc. Class A Common Stock,8.33,530481672.0,2226852.0,,18549677.16,NASDAQ,Energy,Coal Mining,,True,Matched broad public screener and configured penny/microcap filters.
ALLO,Allogene Therapeutics Inc. Common Stock,1.54,532055957.0,4606963.0,,7094723.0200000005,NASDAQ,Health Care,Biotechnology: Biological Products (No Diagnostic Substances),,True,Matched broad public screener and configured penny/microcap filters.
DCTH,Delcath Systems Inc. Common Stock,15.41,534708431.0,468132.0,,7213914.12,NASDAQ,Health Care,Medical/Dental Instruments,,True,Matched broad public screener and configured penny/microcap filters.
CARS,Cars.com Inc. Common Stock ,10.0,535327140.0,1223477.0,,12234770.0,NYSE,Technology,EDP Services,,True,Matched broad public screener and configured penny/microcap filters.
FBIOP,Fortress Biotech Inc. 9.375% Series A Cumulative Redeemable Perpetual Preferred Stock,16.06,535616948.0,7290.0,,117077.4,NASDAQ,Health Care,Biotechnology: Pharmaceutical Preparations,,True,Matched broad public screener and configured penny/microcap filters.
ALT,Altimmune Inc. Common Stock,2.76,536868855.0,3593584.0,,9918291.84,NASDAQ,Health Care,Biotechnology: Pharmaceutical Preparations,,True,Matched broad public screener and configured penny/microcap filters.
IPX,IperionX Limited American Depositary Share,15.82,536905599.0,389772.0,,6166193.04,NASDAQ,Basic Materials,Other Metals and Minerals,,True,Matched broad public screener and configured penny/microcap filters.
FBRT,Franklin BSP Realty Trust Inc. Common Stock,6.47,537303842.0,1685815.0,,10907223.049999999,NYSE,Real Estate,Real Estate Investment Trusts,,True,Matched broad public screener and configured penny/microcap filters.
ENRD,Einride AB American Depositary Shares,3.67,538349764.0,58415.0,,214383.05,NASDAQ,Technology,EDP Services,,True,Matched broad public screener and configured penny/microcap filters.
SLDP,Solid Power Inc. Class A Common Stock,2.36,538507660.0,2767395.0,,6531052.199999999,NASDAQ,Miscellaneous,Industrial Machinery/Components,,True,Matched broad public screener and configured penny/microcap filters.
HNST,The Honest Company Inc. Common Stock,5.02,538567583.0,1643069.0,,8248206.379999999,NASDAQ,Consumer Discretionary,Catalog/Specialty Distribution,,True,Matched broad public screener and configured penny/microcap filters.
GORO,Goldgroup Mining Inc. Common Shares,3.19,539195955.0,850541.0,,2713225.79,AMEX,Basic Materials,Precious Metals,,True,Matched broad public screener and configured penny/microcap filters.
PRME,Prime Medicine Inc. Common Stock,2.99,542316799.0,2829856.0,,8461269.440000001,NASDAQ,Health Care,Biotechnology: Biological Products (No Diagnostic Substances),,True,Matched broad public screener and configured penny/microcap filters.
MGR,Affiliated Managers Group Inc. 5.875% Junior Subordinated Notes due 2059,19.1,542670403.0,32497.0,,620692.7000000001,NYSE,Finance,Investment Managers,,True,Matched broad public screener and configured penny/microcap filters.
BWBBP,Bridgewater Bancshares Inc. Depositary Shares Each Representing a 1/100th Interest in a Share of 5.875% Non-Cumulative Perpetual Preferred Stock Series A,19.5124,544080308.0,1626.0,,31727.162399999997,NASDAQ,Finance,Major Banks,,True,Matched broad public screener and configured penny/microcap filters.
MSIF,MSC Income Fund Inc. Common Stock,12.03,545503105.0,228126.0,,2744355.78,NYSE,Finance,Finance/Investors Services,,True,Matched broad public screener and configured penny/microcap filters.
NRDS,NerdWallet Inc. Class A Common Stock,8.57,547821601.0,1051401.0,,9010506.57,NASDAQ,Technology,EDP Services,,True,Matched broad public screener and configured penny/microcap filters.
WTI,W&T Offshore Inc. Common Stock,3.63,547922916.0,3025590.0,,10982891.7,NYSE,Energy,Oil & Gas Production,,True,Matched broad public screener and configured penny/microcap filters.
NVRI,Enviri Corporation Common Stock,19.46,548579716.0,342223.0,,6659659.58,NYSE,Miscellaneous,Diversified Commercial Services,,True,Matched broad public screener and configured penny/microcap filters.
PANL,Pangaea Logistics Solutions Ltd. Common Shares,8.41,550634423.0,447899.0,,3766830.59,NASDAQ,Consumer Discretionary,Marine Transportation,,True,Matched broad public screener and configured penny/microcap filters.
XMAX,XMAX Inc. Common Stock,8.49,550794065.0,896219.0,,7608899.3100000005,NASDAQ,Consumer Discretionary,Home Furnishings,,True,Matched broad public screener and configured penny/microcap filters.
SSII,SS Innovations International Inc. Common Stock,2.75,551059946.0,108151.0,,297415.25,NASDAQ,Health Care,Medical/Dental Instruments,,True,Matched broad public screener and configured penny/microcap filters.
NCDL,Nuveen Churchill Direct Lending Corp. Common Stock,11.18,552147387.0,197070.0,,2203242.6,NYSE,,,,True,Matched broad public screener and configured penny/microcap filters.
YDES,YD Bio Limited Ordinary Shares,7.81,553192812.0,267919.0,,2092447.39,NASDAQ,Health Care,Medical Specialities,,True,Matched broad public screener and configured penny/microcap filters.
AQST,Aquestive Therapeutics Inc. Common Stock,4.44,557271717.0,2686573.0,,11928384.120000001,NASDAQ,Health Care,Biotechnology: Pharmaceutical Preparations,,True,Matched broad public screener and configured penny/microcap filters.
VALN,Valneva SE American Depositary Shares,5.9,559825152.0,34515.0,,203638.5,NASDAQ,Health Care,Biotechnology: Biological Products (No Diagnostic Substances),,True,Matched broad public screener and configured penny/microcap filters.
ENHA,Enhanced Group Inc. Class A Common Stock,1.42,561829106.0,479343.0,,680667.0599999999,NYSE,Consumer Discretionary,Services-Misc. Amusement & Recreation,,True,Matched broad public screener and configured penny/microcap filters.
ALOY,REalloys Inc. Common Stock,8.11,562987530.0,2039722.0,,16542145.419999998,NASDAQ,Basic Materials,Metal Mining,,True,Matched broad public screener and configured penny/microcap filters.
AGCC,Agencia Comercial Spirits Ltd Class A Ordinary Shares,15.1,563026150.0,7983.0,,120543.3,NASDAQ,Consumer Staples,Beverages (Production/Distribution),,True,Matched broad public screener and configured penny/microcap filters.
BRBI,BRBI BR Partners S.A. ADSs,11.237,563384367.0,2183.0,,24530.371,NASDAQ,Finance,Finance: Consumer Services,,True,Matched broad public screener and configured penny/microcap filters.
CTGO,Contango Silver & Gold Inc. Common Stock,16.85,563475643.0,275872.0,,4648443.2,AMEX,Basic Materials,Precious Metals,,True,Matched broad public screener and configured penny/microcap filters.
VMO,Invesco Municipal Opportunity Trust Common Stock,8.43,568524975.0,573327.0,,4833146.609999999,NYSE,Finance,Trusts Except Educational Religious and Charitable,,True,Matched broad public screener and configured penny/microcap filters.
JBI,Janus International Group Inc. Common Stock,4.17,568937244.0,1872855.0,,7809805.35,NYSE,Industrials,Building Products,,True,Matched broad public screener and configured penny/microcap filters.
KELYA,Kelly Services Inc. Class A Common Stock,16.43,570645823.0,378764.0,,6223092.52,NASDAQ,Consumer Discretionary,Professional Services,,True,Matched broad public screener and configured penny/microcap filters.
PHAT,Phathom Pharmaceuticals Inc. Common Stock,7.08,572778613.0,1059783.0,,7503263.64,NASDAQ,Health Care,Biotechnology: Pharmaceutical Preparations,,True,Matched broad public screener and configured penny/microcap filters.
BHFAM,Brighthouse Financial Inc. Depositary shares each representing a 1/1000th Interest in a Share of 4.625% Non-Cumulative Preferred Stock Series D,9.98,573965399.0,49353.0,,492542.94,NASDAQ,Finance,Life Insurance,,True,Matched broad public screener and configured penny/microcap filters.
ADTN,ADTRAN Holdings Inc. Common Stock,7.07,576073547.0,1863684.0,,13176245.88,NASDAQ,Utilities,Telecommunications Equipment,,True,Matched broad public screener and configured penny/microcap filters.
VEL,Velocity Financial Inc. Common Stock,14.61,576824087.0,380980.0,,5566117.8,NYSE,Finance,Finance: Consumer Services,,True,Matched broad public screener and configured penny/microcap filters.
SGMT,Sagimet Biosciences Inc. Series A Common Stock,9.37,577109160.0,2008424.0,,18818932.88,NASDAQ,Health Care,Biotechnology: Pharmaceutical Preparations,,True,Matched broad public screener and configured penny/microcap filters.
CRMD,CorMedix Inc. Common Stock,7.42,578346884.0,1052595.0,,7810254.9,NASDAQ,Health Care,Biotechnology: Pharmaceutical Preparations,,True,Matched broad public screener and configured penny/microcap filters.
RMR,The RMR Group Inc. Class A Common Stock,18.06,579368882.0,135568.0,,2448358.0799999996,NASDAQ,Consumer Discretionary,Professional Services,,True,Matched broad public screener and configured penny/microcap filters.
MATW,Matthews International Corporation Class A Common Stock,18.58,579940754.0,847313.0,,15743075.54,NASDAQ,Telecommunications,Metal Fabrications,,True,Matched broad public screener and configured penny/microcap filters.
GRNT,Granite Ridge Resources Inc. Common Stock,4.4,580361065.0,1111724.0,,4891585.600000001,NYSE,Energy,Oil & Gas Production,,True,Matched broad public screener and configured penny/microcap filters.
ISOU,IsoEnergy Ltd. Common Shares,8.9,580648095.0,122379.0,,1089173.1,AMEX,,,,True,Matched broad public screener and configured penny/microcap filters.
TMS,Teamshares Inc. Common Stock,7.93,584127892.0,80094.0,,635145.4199999999,NASDAQ,,,,True,Matched broad public screener and configured penny/microcap filters.
EVO,Evotec SE American Depositary Shares,1.645,585217903.0,119057.0,,195848.765,NASDAQ,Health Care,Biotechnology: Pharmaceutical Preparations,,True,Matched broad public screener and configured penny/microcap filters.
DDD,3D Systems Corporation Common Stock,3.54,588160476.0,2660505.0,,9418187.7,NYSE,Technology,Computer Software: Prepackaged Software,,True,Matched broad public screener and configured penny/microcap filters.
WEAV,Weave Communications Inc. Common Stock,7.38,590393498.0,1948053.0,,14376631.14,NYSE,Technology,Computer Software: Prepackaged Software,,True,Matched broad public screener and configured penny/microcap filters.
BLSM,BlossomHill Therapeutics Inc. Common Stock,18.59,590881458.0,152599.0,,2836815.41,NASDAQ,Health Care,Biotechnology: Pharmaceutical Preparations,,True,Matched broad public screener and configured penny/microcap filters.
MAX,MediaAlpha Inc. Class A Common Stock,9.68,593035307.0,1581468.0,,15308610.24,NYSE,Consumer Discretionary,Business Services,,True,Matched broad public screener and configured penny/microcap filters.
AGNT,AGNT Inc. Common Stock,3.56,594939856.0,1782019.0,,6343987.64,NASDAQ,Finance,Real Estate,,True,Matched broad public screener and configured penny/microcap filters.
SHEN,Shenandoah Telecommunications Co Common Stock,11.15,595016182.0,746278.0,,8320999.7,NASDAQ,Telecommunications,Telecommunications Equipment,,True,Matched broad public screener and configured penny/microcap filters.
PAR,PAR Technology Corporation Common Stock,14.39,595209368.0,889767.0,,12803747.13,NYSE,Miscellaneous,Office Equipment/Supplies/Services,,True,Matched broad public screener and configured penny/microcap filters.
YB,Yuanbao Inc. American Depositary Shares,12.92,595356197.0,76942.0,,994090.64,NASDAQ,Finance,Specialty Insurers,,True,Matched broad public screener and configured penny/microcap filters.
ABTC,American Bitcoin Corp. Class A Common Stock,8.18,595665252.0,1008074.0,,8246045.319999999,NASDAQ,Finance,Finance: Consumer Services,,True,Matched broad public screener and configured penny/microcap filters.
FWDI,Forward Industries Inc. Common Stock,7.83,597336723.0,1885523.0,,14763645.09,NASDAQ,Finance,Finance: Consumer Services,,True,Matched broad public screener and configured penny/microcap filters.
KRNY,Kearny Financial Corp Common Stock,9.2,597350314.0,465753.0,,4284927.6,NASDAQ,Finance,Savings Institutions,,True,Matched broad public screener and configured penny/microcap filters.
ARRY,Array Technologies Inc. Common Stock,3.89,599089922.0,6369590.0,,24777705.1,NASDAQ,Technology,Semiconductors,,True,Matched broad public screener and configured penny/microcap filters.
RILYZ,BRC Group Holdings Inc. 5.25% Senior Notes due 2028,19.75,602317054.0,38956.0,,769381.0,NASDAQ,Finance,Investment Managers,,True,Matched broad public screener and configured penny/microcap filters.
MAMA,Mama's Creations Inc. Common Stock,12.81,603959078.0,651491.0,,8345599.71,NASDAQ,Consumer Staples,Specialty Foods,,True,Matched broad public screener and configured penny/microcap filters.
ZVRA,Zevra Therapeutics Inc. Common Stock,10.18,604526891.0,1301161.0,,13245818.98,NASDAQ,Health Care,Biotechnology: Pharmaceutical Preparations,,True,Matched broad public screener and configured penny/microcap filters.
VINP,Vinci Compass Investments Ltd. Class A Common Shares,9.3,608425511.0,45405.0,,422266.50000000006,NASDAQ,Finance,Investment Managers,,True,Matched broad public screener and configured penny/microcap filters.
FOF,Cohen & Steers Closed-End Opportunity Fund Inc. Common Stock,12.41,609810373.0,67123.0,,832996.43,NYSE,Finance,Investment Managers,,True,Matched broad public screener and configured penny/microcap filters.
TROX,Tronox Holdings plc Ordinary Shares (UK),3.82,610054111.0,3526752.0,,13472192.639999999,NYSE,Basic Materials,Major Chemicals,,True,Matched broad public screener and configured penny/microcap filters.
ENVX,Enovix Corporation Common Stock,2.78,610066927.0,10010769.0,,27829937.819999997,NASDAQ,Miscellaneous,Industrial Machinery/Components,,True,Matched broad public screener and configured penny/microcap filters.
EGY,VAALCO Energy Inc.  Common Stock,5.8,610112312.0,903762.0,,5241819.6,NYSE,Energy,Oil & Gas Production,,True,Matched broad public screener and configured penny/microcap filters.
GOTU,Gaotu Techedu Inc. American Depositary Shares,2.56,610411116.0,1007161.0,,2578332.16,NYSE,Real Estate,Other Consumer Services,,True,Matched broad public screener and configured penny/microcap filters.
GOOD,Gladstone Commercial Corporation Real Estate Investment Trust,12.72,615743413.0,615348.0,,7827226.5600000005,NASDAQ,Real Estate,Real Estate,,True,Matched broad public screener and configured penny/microcap filters.
OIO,OIO Group Ordinary Shares,1.77,615999131.0,103893.0,,183890.61000000002,NASDAQ,Utilities,Environmental Services,,True,Matched broad public screener and configured penny/microcap filters.
HTZ,Hertz Global Holdings Inc Common Stock,1.73,616660910.0,15331441.0,,26523392.93,NASDAQ,Consumer Discretionary,Rental/Leasing Companies,,True,Matched broad public screener and configured penny/microcap filters.
BAK,Braskem SA ADR,1.55,617836071.0,1293104.0,,2004311.2,NYSE,Industrials,Major Chemicals,,True,Matched broad public screener and configured penny/microcap filters.
UAMY,United States Antimony Corporation Common Stock,4.13,618134556.0,5408179.0,,22335779.27,NYSE,Industrials,Metal Fabrications,,True,Matched broad public screener and configured penny/microcap filters.
NFGC,New Found Gold Corp Common Shares,1.61,618815654.0,503625.0,,810836.25,AMEX,Basic Materials,Precious Metals,,True,Matched broad public screener and configured penny/microcap filters.
HPP,Hudson Pacific Properties Inc. Common Stock,11.42,619749022.0,785087.0,,8965693.54,NYSE,Finance,Real Estate,,True,Matched broad public screener and configured penny/microcap filters.
RMT,Royce Micro-Cap Trust Inc. Common Stock,13.41,620468725.0,66054.0,,885784.14,NYSE,Finance,Investment Managers,,True,Matched broad public screener and configured penny/microcap filters.
IRWD,Ironwood Pharmaceuticals Inc. Class A Common Stock,3.76,621302201.0,2642569.0,,9936059.44,NASDAQ,Health Care,Biotechnology: Pharmaceutical Preparations,,True,Matched broad public screener and configured penny/microcap filters.
EFSCP,Enterprise Financial Services Corporation Depositary Shares Each Representing a 1/40th Interest in a Share of 5% Fixed Rate Non-Cumulative Perpetual Preferred Stock Series A,17.2,622511344.0,3126.0,,53767.2,NASDAQ,Finance,Major Banks,,True,Matched broad public screener and configured penny/microcap filters.
SUPV,Grupo Supervielle S.A. American Depositary Shares each Representing five Class B shares,6.82,622969244.0,1204681.0,,8215924.42,NYSE,Finance,Commercial Banks,,True,Matched broad public screener and configured penny/microcap filters.
NXP,Nuveen Select Tax Free Income Portfolio Common Stock,13.32,623364185.0,395266.0,,5264943.12,NYSE,Finance,Trusts Except Educational Religious and Charitable,,True,Matched broad public screener and configured penny/microcap filters.
MPLT,MapLight Therapeutics Inc. Common Stock,9.63,623769826.0,432241.0,,4162480.8300000005,NASDAQ,Health Care,Biotechnology: Pharmaceutical Preparations,,True,Matched broad public screener and configured penny/microcap filters.
EVEX,Eve Holding Inc. Common Stock,1.79,623790536.0,1091221.0,,1953285.59,NYSE,Industrials,Aerospace,,True,Matched broad public screener and configured penny/microcap filters.
ANGO,AngioDynamics Inc. Common Stock,15.12,624945722.0,685146.0,,10359407.52,NASDAQ,Health Care,Medical/Dental Instruments,,True,Matched broad public screener and configured penny/microcap filters.
DGICB,Donegal Group Inc. Class B Common Stock,16.86,625831095.0,4598.0,,77522.28,NASDAQ,Finance,Property-Casualty Insurers,,True,Matched broad public screener and configured penny/microcap filters.
AURA,Aura Biosciences Inc. Common Stock,6.04,626377046.0,807356.0,,4876430.24,NASDAQ,Health Care,Biotechnology: Biological Products (No Diagnostic Substances),,True,Matched broad public screener and configured penny/microcap filters.
IVR,INVESCO MORTGAGE CAPITAL INC Common Stock,5.82,626467227.0,5688998.0,,33109968.360000003,NYSE,Real Estate,Real Estate Investment Trusts,,True,Matched broad public screener and configured penny/microcap filters.
GAIN,Gladstone Investment Corporation Business Development Company,15.74,626797761.0,114535.0,,1802780.9000000001,NASDAQ,Finance,Finance: Consumer Services,,True,Matched broad public screener and configured penny/microcap filters.
SPT,Sprout Social Inc Class A Common Stock,10.38,628947161.0,766673.0,,7958065.74,NASDAQ,Technology,Computer Software: Prepackaged Software,,True,Matched broad public screener and configured penny/microcap filters.
WOOF,Petco Health and Wellness Company Inc. Class A Common Stock,2.2,630122585.0,2679953.0,,5895896.600000001,NASDAQ,Consumer Discretionary,Other Specialty Stores,,True,Matched broad public screener and configured penny/microcap filters.
SOC,Sable Offshore Corp. Common Stock,3.29,631250892.0,6138159.0,,20194543.11,NYSE,Energy,Oil & Gas Production,,True,Matched broad public screener and configured penny/microcap filters.
FWRG,First Watch Restaurant Group Inc. Common Stock,10.23,631318210.0,1766056.0,,18066752.88,NASDAQ,Consumer Discretionary,Restaurants,,True,Matched broad public screener and configured penny/microcap filters.
CLDT,Chatham Lodging Trust (REIT) Common Shares of Beneficial Interest,13.56,631429726.0,257660.0,,3493869.6,NYSE,Real Estate,Real Estate Investment Trusts,,True,Matched broad public screener and configured penny/microcap filters.
STLN,Starling Oncology Inc. Common Stock,6.215,633408655.0,994208.0,,6179002.72,NASDAQ,Health Care,Medical/Nursing Services,,True,Matched broad public screener and configured penny/microcap filters.
CLYM,Climb Bio Inc. Common Stock,11.07,635819343.0,953175.0,,10551647.25,NASDAQ,Health Care,Biotechnology: Pharmaceutical Preparations,,True,Matched broad public screener and configured penny/microcap filters.
RSVR,Reservoir Media Inc. Common Stock,9.65,636231670.0,45069.0,,434915.85000000003,NASDAQ,Consumer Discretionary,Services-Misc. Amusement & Recreation,,True,Matched broad public screener and configured penny/microcap filters.
SLRC,SLR Investment Corp. Common Stock,11.67,636652579.0,357838.0,,4175969.46,NASDAQ,Finance,Finance/Investors Services,,True,Matched broad public screener and configured penny/microcap filters.
HNRG,Hallador Energy Company Common Stock,13.52,637378187.0,1037932.0,,14032840.639999999,NASDAQ,Utilities,Electric Utilities: Central,,True,Matched broad public screener and configured penny/microcap filters.
DLY,DoubleLine Yield Opportunities Fund Common Shares of Beneficial Interest,13.3,637678861.0,415668.0,,5528384.4,NYSE,Finance,Investment Managers,,True,Matched broad public screener and configured penny/microcap filters.
CGNT,Cognyte Software Ltd. Ordinary Shares,8.66,639977299.0,456773.0,,3955654.18,NASDAQ,Technology,Computer Software: Prepackaged Software,,True,Matched broad public screener and configured penny/microcap filters.
VTEX,VTEX Class A Common Shares,3.7,640075872.0,1064710.0,,3939427.0,NYSE,Technology,Computer Software: Prepackaged Software,,True,Matched broad public screener and configured penny/microcap filters.
PRTH,Priority Technology Holdings Inc. Common Stock,7.78,641386094.0,707245.0,,5502366.100000001,NASDAQ,Consumer Discretionary,Business Services,,True,Matched broad public screener and configured penny/microcap filters.
MATV,Mativ Holdings Inc. Common Stock,11.65,642964642.0,462874.0,,5392482.100000001,NYSE,Basic Materials,Paper,,True,Matched broad public screener and configured penny/microcap filters.
PHR,Phreesia Inc. Common Stock,10.36,643054980.0,604876.0,,6266515.359999999,NYSE,Consumer Discretionary,Business Services,,True,Matched broad public screener and configured penny/microcap filters.
TIPT,Tiptree Inc. Common Stock,17.3,644246672.0,287755.0,,4978161.5,NASDAQ,Finance,Property-Casualty Insurers,,True,Matched broad public screener and configured penny/microcap filters.
PZZA,Papa John's International Inc. Common Stock,19.6,645265065.0,1358011.0,,26617015.6,NASDAQ,Consumer Discretionary,Restaurants,,True,Matched broad public screener and configured penny/microcap filters.
INN,Summit Hotel Properties Inc. Common Stock,5.99,646042243.0,1431316.0,,8573582.84,NYSE,Real Estate,Real Estate Investment Trusts,,True,Matched broad public screener and configured penny/microcap filters.
SWBI,Smith & Wesson Brands Inc. Common Stock,14.41,646139789.0,440260.0,,6344146.6,NASDAQ,Industrials,Ordnance And Accessories,,True,Matched broad public screener and configured penny/microcap filters.
BWMX,Betterware de Mexico S.A.P.I. de C.V. Ordinary Shares,16.4,647554869.0,40754.0,,668365.6,NYSE,Consumer Discretionary,Catalog/Specialty Distribution,,True,Matched broad public screener and configured penny/microcap filters.
BHFAN,Brighthouse Financial Inc. Depositary shares each representing a 1/1000th interest in a share of 5.375% Non-Cumulative Preferred Stock Series C,11.27,648155315.0,36968.0,,416629.36,NASDAQ,Finance,Life Insurance,,True,Matched broad public screener and configured penny/microcap filters.
ACRS,Aclaris Therapeutics Inc. Common Stock,4.41,649147118.0,5177137.0,,22831174.17,NASDAQ,Health Care,Biotechnology: Pharmaceutical Preparations,,True,Matched broad public screener and configured penny/microcap filters.
CSHR,CoinShares PLC Ordinary Shares,4.93,649676430.0,152039.0,,749552.2699999999,NASDAQ,Finance,Investment Bankers/Brokers/Service,,True,Matched broad public screener and configured penny/microcap filters.
DDI,DoubleDown Interactive Co. Ltd. American Depository Shares,13.16,652123270.0,131893.0,,1735711.8800000001,NASDAQ,Technology,EDP Services,,True,Matched broad public screener and configured penny/microcap filters.
TRON,Tron Inc. Common Stock,1.38,654647248.0,582029.0,,803200.0199999999,NASDAQ,Finance,Finance: Consumer Services,,True,Matched broad public screener and configured penny/microcap filters.
YEXT,Yext Inc. Common Stock,6.62,655239020.0,1563124.0,,10347880.88,NYSE,Technology,EDP Services,,True,Matched broad public screener and configured penny/microcap filters.
GEMI,Gemini Space Station Inc. Class A Common Stock,5.07,657336664.0,1466343.0,,7434359.010000001,NASDAQ,Finance,Finance: Consumer Services,,True,Matched broad public screener and configured penny/microcap filters.
THM,International Tower Hill Mines Ltd. Ordinary Shares (Canada),2.52,659326432.0,504418.0,,1271133.36,AMEX,Basic Materials,Metal Mining,,True,Matched broad public screener and configured penny/microcap filters.
DBVT,DBV Technologies S.A. American Depositary Shares,11.21,663441822.0,564497.0,,6328011.37,NASDAQ,Health Care,Biotechnology: Biological Products (No Diagnostic Substances),,True,Matched broad public screener and configured penny/microcap filters.
NMFC,New Mountain Finance Corporation Common Stock,7.03,664000302.0,869945.0,,6115713.350000001,NASDAQ,Finance,Finance/Investors Services,,True,Matched broad public screener and configured penny/microcap filters.
OSPN,OneSpan Inc. Common Stock,18.04,664813201.0,514252.0,,9277106.08,NASDAQ,Technology,EDP Services,,True,Matched broad public screener and configured penny/microcap filters.
ETRA,Electra Therapeutics Inc. Common stock,10.68,670351079.0,1255371.0,,13407362.28,NASDAQ,Health Care,Biotechnology: Biological Products (No Diagnostic Substances),,True,Matched broad public screener and configured penny/microcap filters.
CNNE,Cannae Holdings Inc. Common Stock,15.46,670565549.0,368747.0,,5700828.62,NYSE,Consumer Discretionary,Restaurants,,True,Matched broad public screener and configured penny/microcap filters.
FAC,Factorial Energy Inc. Class A Common Stock,6.295,673711327.0,152219.0,,958218.605,NASDAQ,Miscellaneous,Industrial Machinery/Components,,True,Matched broad public screener and configured penny/microcap filters.
OFRM,Once Upon a Farm PBC Common Stock,16.05,673949981.0,723452.0,,11611404.6,NYSE,Consumer Staples,Packaged Foods,,True,Matched broad public screener and configured penny/microcap filters.
DGICA,Donegal Group Inc. Class A Common Stock,18.17,674457354.0,124824.0,,2268052.08,NASDAQ,Finance,Property-Casualty Insurers,,True,Matched broad public screener and configured penny/microcap filters.
GPRK,Geopark Ltd Common Shares,10.41,675564789.0,613123.0,,6382610.43,NYSE,Energy,Oil & Gas Production,,True,Matched broad public screener and configured penny/microcap filters.
MDXG,MiMedx Group Inc Common Stock,4.64,676328572.0,1189170.0,,5517748.8,NASDAQ,Health Care,Medical/Dental Instruments,,True,Matched broad public screener and configured penny/microcap filters.
PMT,PennyMac Mortgage Investment Trust Common Shares of Beneficial Interest,7.76,676690329.0,2943558.0,,22842010.08,NYSE,Real Estate,Real Estate Investment Trusts,,True,Matched broad public screener and configured penny/microcap filters.
FPH,Five Point Holdings LLC Class A Common Shares,4.58,677288861.0,123521.0,,565726.18,NYSE,Finance,Real Estate,,True,Matched broad public screener and configured penny/microcap filters.
NUAI,New Era Energy & Digital Inc. Common Stock,6.37,678782989.0,8046433.0,,51255778.21,NASDAQ,Energy,Oil & Gas Production,,True,Matched broad public screener and configured penny/microcap filters.
WYFI,WhiteFiber Inc. Ordinary Shares,17.48,679065103.0,1612574.0,,28187793.52,NASDAQ,Finance,Finance: Consumer Services,,True,Matched broad public screener and configured penny/microcap filters.
GDYN,Grid Dynamics Holdings Inc. Class A Common Stock,8.38,679843263.0,1429115.0,,11975983.700000001,NASDAQ,Technology,Computer Software: Prepackaged Software,,True,Matched broad public screener and configured penny/microcap filters.
XFLT,XAI Floating Rate & Alternative Income Trust Common Shares of Beneficial Interest,19.18,680286444.0,92240.0,,1769163.2,NYSE,Finance,Investment Managers,,True,Matched broad public screener and configured penny/microcap filters.
EVC,Entravision Communications Corporation Common Stock,7.38,681087691.0,1576258.0,,11632784.04,NYSE,Industrials,Broadcasting,,True,Matched broad public screener and configured penny/microcap filters.
SOPH,SOPHiA GENETICS SA Ordinary Shares,8.03,683576435.0,701025.0,,5629230.75,NASDAQ,Technology,EDP Services,,True,Matched broad public screener and configured penny/microcap filters.
STTK,Shattuck Labs Inc. Common Stock,6.84,686484651.0,2023697.0,,13842087.48,NASDAQ,Health Care,Biotechnology: Pharmaceutical Preparations,,True,Matched broad public screener and configured penny/microcap filters.
GROY,Gold Royalty Corp. Common Shares,2.99,690119511.0,1726463.0,,5162124.37,AMEX,Basic Materials,Precious Metals,,True,Matched broad public screener and configured penny/microcap filters.
PFLT,PennantPark Floating Rate Capital Ltd. Common Stock,6.97,691548735.0,1268195.0,,8839319.15,NYSE,Finance,Finance: Consumer Services,,True,Matched broad public screener and configured penny/microcap filters.
ABR,Arbor Realty Trust Common Stock,3.71,692130340.0,6967009.0,,25847603.39,NYSE,Real Estate,Real Estate Investment Trusts,,True,Matched broad public screener and configured penny/microcap filters.
HDL,SUPER HI INTERNATIONAL HOLDING LTD. American Depositary Shares,10.682,694649392.0,202.0,,2157.764,NASDAQ,Consumer Discretionary,Restaurants,,True,Matched broad public screener and configured penny/microcap filters.
OBE,Obsidian Energy Ltd. Common Shares,10.44,696614951.0,635296.0,,6632490.239999999,AMEX,Energy,Oil & Gas Production,,True,Matched broad public screener and configured penny/microcap filters.
QVCG,QVC Group Inc. Common Stock,13.94,696998564.0,157743.0,,2198937.42,NASDAQ,Consumer Discretionary,Catalog/Specialty Distribution,,True,Matched broad public screener and configured penny/microcap filters.
PSNYW,Polestar Automotive Holding UK PLC Class C-1 ADS (ADW),4.255,699011949.0,4868.0,,20713.34,NASDAQ,Industrials,Auto Manufacturing,,True,Matched broad public screener and configured penny/microcap filters.
ADAM,Adamas Trust Inc. Common Stock,7.78,702570924.0,1181582.0,,9192707.96,NASDAQ,Real Estate,Real Estate Investment Trusts,,True,Matched broad public screener and configured penny/microcap filters.
LXU,LSB Industries Inc. Common Stock,9.76,702695639.0,849959.0,,8295599.84,NYSE,Basic Materials,Major Chemicals,,True,Matched broad public screener and configured penny/microcap filters.
PHAR,Pharming Group N.V. ADS each representing 10 ordinary shares,9.95,702721039.0,12099.0,,120385.04999999999,NASDAQ,Health Care,Biotechnology: Pharmaceutical Preparations,,True,Matched broad public screener and configured penny/microcap filters.
BALY,Bally's Corporation Common Stock,13.95,704049832.0,41583.0,,580082.85,NYSE,Consumer Discretionary,Hotels/Resorts,,True,Matched broad public screener and configured penny/microcap filters.
EVER,EverQuote Inc. Class A Common Stock,19.98,704090225.0,921721.0,,18415985.580000002,NASDAQ,Technology,Computer Software: Programming Data Processing,,True,Matched broad public screener and configured penny/microcap filters.
GDOT,Green Dot Corporation Class A Common Stock $0.001 par value,12.37,704906664.0,501264.0,,6200635.68,NYSE,Finance,Finance: Consumer Services,,True,Matched broad public screener and configured penny/microcap filters.
VTS,Vitesse Energy Inc. Common Stock,16.77,706089396.0,473804.0,,7945693.08,NYSE,Energy,Oil & Gas Production,,True,Matched broad public screener and configured penny/microcap filters.
NRGV,Energy Vault Holdings Inc. Common Stock,3.89,707355927.0,2822342.0,,10978910.38,NYSE,Miscellaneous,Industrial Machinery/Components,,True,Matched broad public screener and configured penny/microcap filters.
BLDP,Ballard Power Systems Inc. Common Shares,2.02,709203226.0,2269946.0,,4585290.92,NASDAQ,Energy,Industrial Machinery/Components,,True,Matched broad public screener and configured penny/microcap filters.
SMWB,Similarweb Ltd. Ordinary Shares,8.16,709646248.0,578555.0,,4721008.8,NYSE,Technology,Computer Software: Programming Data Processing,,True,Matched broad public screener and configured penny/microcap filters.
PRAA,PRA Group Inc. Common Stock,18.86,710041393.0,553484.0,,10438708.24,NASDAQ,Finance,Finance Companies,,True,Matched broad public screener and configured penny/microcap filters.
ESRT,Empire State Realty Trust Inc. Class A Common Stock,4.13,711044106.0,4761415.0,,19664643.95,NYSE,Real Estate,Real Estate Investment Trusts,,True,Matched broad public screener and configured penny/microcap filters.
QDEL,QuidelOrtho Corporation Common Stock,10.38,711812932.0,2768575.0,,28737808.500000004,NASDAQ,Health Care,Biotechnology: In Vitro & In Vivo Diagnostic Substances,,True,Matched broad public screener and configured penny/microcap filters.
MOMO,Hello Group Inc. American Depositary Shares,4.82,712142473.0,636805.0,,3069400.1,NASDAQ,Technology,Computer Software: Prepackaged Software,,True,Matched broad public screener and configured penny/microcap filters.
FINV,FinVolution Group American Depositary Shares,3.02,713003886.0,713194.0,,2153845.88,NYSE,Finance,Finance: Consumer Services,,True,Matched broad public screener and configured penny/microcap filters.
LUCK,Lucky Strike Entertainment Corporation Class A Common Stock,5.24,714358825.0,50878.0,,266600.72000000003,NYSE,Consumer Discretionary,Services-Misc. Amusement & Recreation,,True,Matched broad public screener and configured penny/microcap filters.
AAC,Ares Acquisition Corporation III Class A Ordinary Shares,10.12,714515111.0,24396.0,,246887.52,NYSE,Industrials,Metal Fabrications,,True,Matched broad public screener and configured penny/microcap filters.
VSTM,Verastem Inc. Common Stock,7.9,715451184.0,1762517.0,,13923884.3,NASDAQ,Health Care,Biotechnology: Pharmaceutical Preparations,,True,Matched broad public screener and configured penny/microcap filters.
BLMN,Bloomin' Brands Inc. Common Stock,8.38,717503284.0,6567668.0,,55037057.84,NASDAQ,Consumer Discretionary,Restaurants,,True,Matched broad public screener and configured penny/microcap filters.
BCSF,Bain Capital Specialty Finance Inc. Common Stock,11.09,719391743.0,405335.0,,4495165.15,NYSE,Finance,Finance/Investors Services,,True,Matched broad public screener and configured penny/microcap filters.
MFIC,MidCap Financial Investment Corporation Common Stock,8.74,719936769.0,582357.0,,5089800.18,NASDAQ,Finance,Finance/Investors Services,,True,Matched broad public screener and configured penny/microcap filters.
OLMA,Olema Pharmaceuticals Inc. Common Stock,8.27,723605210.0,1009532.0,,8348829.64,NASDAQ,Health Care,Biotechnology: Pharmaceutical Preparations,,True,Matched broad public screener and configured penny/microcap filters.
KRNT,Kornit Digital Ltd. Ordinary Shares,16.87,724845429.0,393379.0,,6636303.73,NASDAQ,Industrials,Industrial Machinery/Components,,True,Matched broad public screener and configured penny/microcap filters.
OABI,OmniAb Inc. Common Stock,4.99,725498086.0,1981665.0,,9888508.35,NASDAQ,Health Care,Biotechnology: Commercial Physical & Biological Resarch,,True,Matched broad public screener and configured penny/microcap filters.
FDUS,Fidus Investment Corporation Common Stock,19.36,734796487.0,262324.0,,5078592.64,NASDAQ,Finance,Finance/Investors Services,,True,Matched broad public screener and configured penny/microcap filters.
SSYS,Stratasys Ltd. Ordinary Shares (Israel),8.53,735051758.0,792786.0,,6762464.579999999,NASDAQ,Technology,Computer peripheral equipment,,True,Matched broad public screener and configured penny/microcap filters.
SWIM,Latham Group Inc. Common Stock,6.27,737640959.0,776060.0,,4865896.199999999,NASDAQ,Industrials,Plastic Products,,True,Matched broad public screener and configured penny/microcap filters.
CGBD,Carlyle Secured Lending Inc. Common Stock,10.77,741025337.0,477498.0,,5142653.46,NASDAQ,Finance,Finance: Consumer Services,,True,Matched broad public screener and configured penny/microcap filters.
CD,Chaince Digital Holdings Inc. Ordinary Shares,6.74,741425612.0,231740.0,,1561927.6,NASDAQ,Finance,Finance: Consumer Services,,True,Matched broad public screener and configured penny/microcap filters.
AVR,Anteris Technologies Global Corp. Common Stock,7.61,741658987.0,1170687.0,,8908928.07,NASDAQ,Health Care,Industrial Specialties,,True,Matched broad public screener and configured penny/microcap filters.
GILT,Gilat Satellite Networks Ltd. Ordinary Shares,9.84,742634128.0,408481.0,,4019453.04,NASDAQ,Technology,Radio And Television Broadcasting And Communications Equipment,,True,Matched broad public screener and configured penny/microcap filters.
VLRS,Controladora Vuela Compania de Aviacion S.A.B. de C.V. American Depositary Shares each representing ten (10) Ordinary Participation Certificates,6.41,744815854.0,403577.0,,2586928.57,NYSE,Consumer Discretionary,Air Freight/Delivery Services,,True,Matched broad public screener and configured penny/microcap filters.
CRTO,Criteo S.A. Ordinary Shares,15.23,746232824.0,339697.0,,5173585.3100000005,NASDAQ,Consumer Discretionary,Advertising,,True,Matched broad public screener and configured penny/microcap filters.
SLDB,Solid Biosciences Inc. Common Stock,6.98,748432161.0,1582217.0,,11043874.66,NASDAQ,Health Care,Biotechnology: Biological Products (No Diagnostic Substances),,True,Matched broad public screener and configured penny/microcap filters.
REF,Reformation Inc. Common Stock,12.7,750307364.0,561917.0,,7136345.899999999,NYSE,Consumer Discretionary,Apparel,,True,Matched broad public screener and configured penny/microcap filters.
HYLN,Hyliion Holdings Corp. Class A Common Stock,4.21,751894288.0,1611206.0,,6783177.26,AMEX,Consumer Discretionary,Construction/Ag Equipment/Trucks,,True,Matched broad public screener and configured penny/microcap filters.
NAK,Northern Dynasty Minerals Ltd. Common Stock,1.34,753243027.0,3770970.0,,5053099.800000001,AMEX,Basic Materials,Precious Metals,,True,Matched broad public screener and configured penny/microcap filters.
DQ,DAQO New Energy Corp. American Depositary Shares each representing five ordinary shares,11.15,754477428.0,442289.0,,4931522.350000001,NYSE,Technology,Semiconductors,,True,Matched broad public screener and configured penny/microcap filters.
CTKB,Cytek Biosciences Inc. Common Stock,5.81,755202700.0,1571627.0,,9131152.87,NASDAQ,Industrials,Biotechnology: Laboratory Analytical Instruments,,True,Matched broad public screener and configured penny/microcap filters.
TASK,TaskUs Inc. Class A Common Stock,8.26,757334793.0,438098.0,,3618689.48,NASDAQ,Technology,EDP Services,,True,Matched broad public screener and configured penny/microcap filters.
GOOS,Canada Goose Holdings Inc. Subordinate Voting Shares,7.76,757854792.0,666459.0,,5171721.84,NYSE,Consumer Discretionary,Apparel,,True,Matched broad public screener and configured penny/microcap filters.
LPTH,LightPath Technologies Inc. Class A Common Stock,10.85,759893334.0,2946089.0,,31965065.65,NASDAQ,Technology,Semiconductors,,True,Matched broad public screener and configured penny/microcap filters.
GSM,Ferroglobe PLC Ordinary Shares,4.08,762390909.0,1204929.0,,4916110.32,NASDAQ,Basic Materials,Metal Mining,,True,Matched broad public screener and configured penny/microcap filters.
TIGR,UP Fintech Holding Ltd American Depositary Share representing fifteen Class A Ordinary Shares,4.27,763051822.0,4559444.0,,19468825.88,NASDAQ,Finance,Investment Bankers/Brokers/Service,,True,Matched broad public screener and configured penny/microcap filters.
CSIQ,Canadian Solar Inc. Common Shares (ON),11.27,764294479.0,1497687.0,,16878932.49,NASDAQ,Technology,Semiconductors,,True,Matched broad public screener and configured penny/microcap filters.
WVE,Wave Life Sciences Inc. Common Stock,3.88,764546919.0,5418894.0,,21025308.72,NASDAQ,Health Care,Biotechnology: Pharmaceutical Preparations,,True,Matched broad public screener and configured penny/microcap filters.
FDMT,4D Molecular Therapeutics Inc. Common Stock,13.84,764579880.0,655487.0,,9071940.08,NASDAQ,Health Care,Biotechnology: Biological Products (No Diagnostic Substances),,True,Matched broad public screener and configured penny/microcap filters.
TXO,TXO Partners L.P. Common Units Representing Limited Partner Interests,13.8,765160417.0,105266.0,,1452670.8,NYSE,Energy,Oil & Gas Production,,True,Matched broad public screener and configured penny/microcap filters.
HMH,HMH Holding Inc. Class A Common Stock,17.36,765457136.0,246685.0,,4282451.6,NASDAQ,Consumer Discretionary,Oil and Gas Field Machinery,,True,Matched broad public screener and configured penny/microcap filters.
DSGN,Design Therapeutics Inc. Common Stock,12.24,765999408.0,346599.0,,4242371.76,NASDAQ,Health Care,Biotechnology: Pharmaceutical Preparations,,True,Matched broad public screener and configured penny/microcap filters.
ABX,Abacus Global Management Inc. Class A Common Stock,7.89,771580845.0,794962.0,,6272250.18,NYSE,Finance,Investment Managers,,True,Matched broad public screener and configured penny/microcap filters.
FOXF,Fox Factory Holding Corp. Common Stock,18.37,772109488.0,700537.0,,12868864.690000001,NASDAQ,Consumer Discretionary,Motor Vehicles,,True,Matched broad public screener and configured penny/microcap filters.
SKYH,Sky Harbour Group Corporation Class A Common Stock,9.47,773031441.0,317608.0,,3007747.7600000002,NYSE,Finance,Real Estate,,True,Matched broad public screener and configured penny/microcap filters.
MNTN,MNTN Inc. Class A Common Stock,10.34,773464705.0,794889.0,,8219152.26,NYSE,Consumer Discretionary,Advertising,,True,Matched broad public screener and configured penny/microcap filters.
JBGS,JBG SMITH Properties Common Shares ,10.37,773793306.0,1006789.0,,10440401.93,NYSE,Real Estate,Real Estate Investment Trusts,,True,Matched broad public screener and configured penny/microcap filters.
AHCO,AdaptHealth Corp. Common Stock,5.68,774435033.0,2028351.0,,11521033.68,NASDAQ,Health Care,Medical/Nursing Services,,True,Matched broad public screener and configured penny/microcap filters.
ACHV,Achieve Life Sciences Inc. Common Shares,7.53,774855750.0,1153561.0,,8686314.33,NASDAQ,Health Care,Biotechnology: In Vitro & In Vivo Diagnostic Substances,,True,Matched broad public screener and configured penny/microcap filters.
CADL,Candel Therapeutics Inc. Common Stock,10.16,777428620.0,1037630.0,,10542320.8,NASDAQ,Health Care,Biotechnology: Biological Products (No Diagnostic Substances),,True,Matched broad public screener and configured penny/microcap filters.
VREX,Varex Imaging Corporation Common Stock,18.49,778429000.0,484972.0,,8967132.28,NASDAQ,Technology,Industrial Machinery/Components,,True,Matched broad public screener and configured penny/microcap filters.
PACB,Pacific Biosciences of California Inc. Common Stock,2.51,780185205.0,35866148.0,,90024031.47999999,NASDAQ,Industrials,Biotechnology: Laboratory Analytical Instruments,,True,Matched broad public screener and configured penny/microcap filters.
GYRE,Gyre Therapeutics Inc. Common Stock,7.0,780568943.0,140003.0,,980021.0,NASDAQ,Health Care,Biotechnology: Pharmaceutical Preparations,,True,Matched broad public screener and configured penny/microcap filters.
WEST,Westrock Coffee Company Common Stock,8.0,781019096.0,349070.0,,2792560.0,NASDAQ,Consumer Staples,Beverages (Production/Distribution),,True,Matched broad public screener and configured penny/microcap filters.
ANNX,Annexon Inc. Common Stock,4.12,781066032.0,3919089.0,,16146646.68,NASDAQ,Health Care,Biotechnology: Pharmaceutical Preparations,,True,Matched broad public screener and configured penny/microcap filters.
MFA,MFA Financial Inc.,7.74,782420640.0,2773937.0,,21470272.38,NYSE,Real Estate,Real Estate Investment Trusts,,True,Matched broad public screener and configured penny/microcap filters.
CIM,Chimera Investment Corporation Common Stock,9.37,784379735.0,2568690.0,,24068625.299999997,NYSE,Real Estate,Real Estate Investment Trusts,,True,Matched broad public screener and configured penny/microcap filters.
ADSE,ADS-TEC ENERGY PLC Ordinary Shares,10.45,785105679.0,13771.0,,143906.94999999998,NASDAQ,Consumer Discretionary,Industrial Specialties,,True,Matched broad public screener and configured penny/microcap filters.
ASC,Ardmore Shipping Corporation Common Stock,19.25,785450320.0,709052.0,,13649251.0,NYSE,Consumer Discretionary,Marine Transportation,,True,Matched broad public screener and configured penny/microcap filters.
QFIN,Qfin Holdings Inc. American Depositary Shares,6.465,787125930.0,2205962.0,,14261544.33,NASDAQ,Finance,Finance: Consumer Services,,True,Matched broad public screener and configured penny/microcap filters.
BHFAP,Brighthouse Financial Inc. Depositary Shares 6.6% Non-Cumulative Preferred Stock Series A,13.73,789633760.0,30257.0,,415428.61,NASDAQ,Finance,Life Insurance,,True,Matched broad public screener and configured penny/microcap filters.
ANGX,Angel Studios Inc. Class A Common Stock,4.23,789979229.0,2635774.0,,11149324.020000001,NYSE,Consumer Discretionary,Movies/Entertainment,,True,Matched broad public screener and configured penny/microcap filters.
GRPN,Groupon Inc. Common Stock,19.53,794193231.0,660751.0,,12904467.030000001,NASDAQ,Consumer Discretionary,Advertising,,True,Matched broad public screener and configured penny/microcap filters.
ACDC,ProFrac Holding Corp. Class A Common Stock,4.4,801340153.0,2123992.0,,9345564.8,NASDAQ,Energy,Oilfield Services/Equipment,,True,Matched broad public screener and configured penny/microcap filters.
AVTX,Avalo Therapeutics Inc. Common Stock,14.95,801768336.0,932405.0,,13939454.75,NASDAQ,Health Care,Biotechnology: Pharmaceutical Preparations,,True,Matched broad public screener and configured penny/microcap filters.
DC,Dakota Gold Corp. Common Stock,5.98,802354486.0,1014203.0,,6064933.94,AMEX,Basic Materials,Metal Mining,,True,Matched broad public screener and configured penny/microcap filters.
SABR,Sabre Corporation Common Stock,1.99,803130596.0,8633635.0,,17180933.65,NASDAQ,Technology,Computer Software: Programming Data Processing,,True,Matched broad public screener and configured penny/microcap filters.
DNA,Ginkgo Bioworks Holdings Inc. Class A Common Stock,12.5,804253463.0,2915996.0,,36449950.0,NYSE,Health Care,Biotechnology: Biological Products (No Diagnostic Substances),,True,Matched broad public screener and configured penny/microcap filters.
MTUS,Metallus Inc. Common Shares,19.42,804945095.0,308255.0,,5986312.100000001,NYSE,Industrials,Steel/Iron Ore,,True,Matched broad public screener and configured penny/microcap filters.
ARI,Apollo Commercial Real Estate Finance Inc,6.28,805171944.0,4875787.0,,30619942.36,NYSE,Real Estate,Real Estate Investment Trusts,,True,Matched broad public screener and configured penny/microcap filters.
HQ,Horizon Quantum Holdings Ltd. Class A Ordinary Shares,14.92,805263434.0,89473.0,,1334937.16,NASDAQ,Technology,EDP Services,,True,Matched broad public screener and configured penny/microcap filters.
CRESY,Cresud S.A.C.I.F. y A. American Depositary Shares,11.36,805710227.0,332585.0,,3778165.5999999996,NASDAQ,Finance,Real Estate,,True,Matched broad public screener and configured penny/microcap filters.
BHFAO,Brighthouse Financial Inc. Depositary Shares 6.75% Non-Cumulative Preferred Stock Series B,14.015,806024555.0,36258.0,,508155.87,NASDAQ,Finance,Life Insurance,,True,Matched broad public screener and configured penny/microcap filters.
INR,Infinity Natural Resources Inc. Class A Common Stock,12.73,807365344.0,292309.0,,3721093.5700000003,NYSE,Energy,Oil & Gas Production,,True,Matched broad public screener and configured penny/microcap filters.
INMD,InMode Ltd. Ordinary Shares,14.05,807604847.0,561660.0,,7891323.0,NASDAQ,Health Care,Biotechnology: Electromedical & Electrotherapeutic Apparatus,,True,Matched broad public screener and configured penny/microcap filters.
LXRX,Lexicon Pharmaceuticals Inc. Common Stock,1.82,809819800.0,2273055.0,,4136960.1,NASDAQ,Health Care,Biotechnology: Pharmaceutical Preparations,,True,Matched broad public screener and configured penny/microcap filters.
SCZM,Santacruz Silver Mining Ltd. Common Shares,8.71,809945374.0,287099.0,,2500632.29,NASDAQ,Basic Materials,Precious Metals,,True,Matched broad public screener and configured penny/microcap filters.
MITK,Mitek Systems Inc. Common Stock,17.95,809946613.0,712270.0,,12785246.5,NASDAQ,Technology,Computer peripheral equipment,,True,Matched broad public screener and configured penny/microcap filters.
PAYS,Paysign Inc. Common Stock,14.36,810796560.0,2538336.0,,36450504.96,NASDAQ,Technology,EDP Services,,True,Matched broad public screener and configured penny/microcap filters.
RERE,ATRenew Inc. American Depositary Shares (every three of which representing two Class A ordinary shares),3.7,811280485.0,474933.0,,1757252.1,NYSE,Consumer Discretionary,Other Specialty Stores,,True,Matched broad public screener and configured penny/microcap filters.
ATTO,Attovia Therapeutics Inc. Common Stock,17.79,812135951.0,530821.0,,9443305.59,NASDAQ,Health Care,Biotechnology: Biological Products (No Diagnostic Substances),,True,Matched broad public screener and configured penny/microcap filters.
YALA,Yalla Group Limited American Depositary Shares each representing one Class A Ordinary Share,5.35,812285080.0,482499.0,,2581369.65,NYSE,Technology,Computer Software: Programming Data Processing,,True,Matched broad public screener and configured penny/microcap filters.
RPD,Rapid7 Inc. Common Stock,12.06,812851718.0,1318051.0,,15895695.06,NASDAQ,Technology,Computer Software: Prepackaged Software,,True,Matched broad public screener and configured penny/microcap filters.
MAKO,Mako Mining Corp Common Stock,9.3,814734954.0,152626.0,,1419421.8,NASDAQ,Basic Materials,Precious Metals,,True,Matched broad public screener and configured penny/microcap filters.
IVA,Inventiva S.A. American Depository Shares,3.46,817529499.0,5325177.0,,18425112.419999998,NASDAQ,Health Care,Biotechnology: Pharmaceutical Preparations,,True,Matched broad public screener and configured penny/microcap filters.
TCBIO,Texas Capital Bancshares Inc. Depositary Shares 5.75% Fixed Rate Non-Cumulative Perpetual Preferred Stock Series B,18.81,817752881.0,35862.0,,674564.22,NASDAQ,Finance,Major Banks,,True,Matched broad public screener and configured penny/microcap filters.
NABL,N-able Inc. Common Stock,4.34,819852257.0,1716722.0,,7450573.4799999995,NYSE,Technology,Computer Software: Prepackaged Software,,True,Matched broad public screener and configured penny/microcap filters.
OBX,Obsidian Therapeutics Inc. Common Stock,13.32,822814708.0,299813.0,,3993509.16,NASDAQ,Health Care,Biotechnology: Pharmaceutical Preparations,,True,Matched broad public screener and configured penny/microcap filters.
SVC,Service Properties Trust Common Shares of Beneficial Interest,6.37,824975439.0,1571715.0,,10011824.55,NASDAQ,Real Estate,Real Estate Investment Trusts,,True,Matched broad public screener and configured penny/microcap filters.
SIBN,SI-BONE Inc. Common Stock,18.41,825109966.0,653002.0,,12021766.82,NASDAQ,Health Care,Medical/Dental Instruments,,True,Matched broad public screener and configured penny/microcap filters.
SXC,SunCoke Energy Inc. Common Stock,9.74,826681039.0,1184782.0,,11539776.68,NYSE,Industrials,Steel/Iron Ore,,True,Matched broad public screener and configured penny/microcap filters.
RPC,Ridgepost Capital Inc. Class A Common Stock,7.5,826788300.0,542882.0,,4071615.0,NYSE,Finance,Investment Managers,,True,Matched broad public screener and configured penny/microcap filters.
PLTK,Playtika Holding Corp. Common Stock,2.17,827677464.0,1229264.0,,2667502.88,NASDAQ,Technology,EDP Services,,True,Matched broad public screener and configured penny/microcap filters.
CODI,D/B/A Compass Diversified Holdings Shares of Beneficial Interest,11.01,828347986.0,706474.0,,7778278.74,NYSE,Consumer Discretionary,Home Furnishings,,True,Matched broad public screener and configured penny/microcap filters.
AEBI,Aebi Schmidt Holding AG Common Stock ,10.73,832641390.0,471914.0,,5063637.22,NASDAQ,Industrials,Auto Manufacturing,,True,Matched broad public screener and configured penny/microcap filters.
SATL,Satellogic Inc. Class A Common Stock,5.42,833270318.0,4696055.0,,25452618.1,NASDAQ,Technology,Radio And Television Broadcasting And Communications Equipment,,True,Matched broad public screener and configured penny/microcap filters.
SAFE,Safehold Inc. New Common Stock ,11.79,834923941.0,1080701.0,,12741464.79,NYSE,Real Estate,Real Estate Investment Trusts,,True,Matched broad public screener and configured penny/microcap filters.
BUR,Burford Capital Limited Ordinary Shares,3.82,835860278.0,1960694.0,,7489851.08,NYSE,Finance,Finance: Consumer Services,,True,Matched broad public screener and configured penny/microcap filters.
MTAL,Metals Acquisition Corp. II Class A Ordinary Shares,10.15,836989645.0,230043.0,,2334936.45,NYSE,Basic Materials,Metal Mining,,True,Matched broad public screener and configured penny/microcap filters.
TBLA,Taboola.com Ltd. Ordinary Shares,3.32,837024303.0,2680256.0,,8898449.92,NASDAQ,Technology,Computer Software: Programming Data Processing,,True,Matched broad public screener and configured penny/microcap filters.
LWLG,Lightwave Logic Inc. Common Stock,5.44,838669867.0,4206779.0,,22884877.76,NASDAQ,Industrials,Containers/Packaging,,True,Matched broad public screener and configured penny/microcap filters.
IMC,IMC Rare Earths Ltd Ordinary Shares,8.0,840800000.0,24705.0,,197640.0,AMEX,Basic Materials,Metal Mining,,True,Matched broad public screener and configured penny/microcap filters.
ARDX,Ardelyx Inc. Common Stock,3.38,842253993.0,4107396.0,,13882998.48,NASDAQ,Health Care,Biotechnology: Pharmaceutical Preparations,,True,Matched broad public screener and configured penny/microcap filters.
RJET,Republic Airways Holdings Inc. Common Stock,17.99,842282805.0,57928.0,,1042124.7199999999,NASDAQ,Consumer Discretionary,Air Freight/Delivery Services,,True,Matched broad public screener and configured penny/microcap filters.
KBDC,Kayne Anderson BDC Inc. Common Stock,12.76,842642456.0,343496.0,,4383008.96,NYSE,,,,True,Matched broad public screener and configured penny/microcap filters.
HSHP,Himalaya Shipping Ltd. Common Shares,18.05,843837500.0,850105.0,,15344395.25,NYSE,Consumer Discretionary,Marine Transportation,,True,Matched broad public screener and configured penny/microcap filters.
NNE,Nano Nuclear Energy Inc. Common Stock,15.73,844671837.0,1853295.0,,29152330.35,NASDAQ,Utilities,Electric Utilities: Central,,True,Matched broad public screener and configured penny/microcap filters.
DSP,Viant Technology Inc. Class A Common Stock,12.725,846197446.0,282446.0,,3594125.35,NASDAQ,Technology,Computer Software: Programming Data Processing,,True,Matched broad public screener and configured penny/microcap filters.
DAKT,Daktronics Inc. Common Stock,17.61,846911567.0,364153.0,,6412734.33,NASDAQ,Consumer Discretionary,Miscellaneous manufacturing industries,,True,Matched broad public screener and configured penny/microcap filters.
IMMX,Immix Biopharma Inc. Common Stock,10.23,848097189.0,1648343.0,,16862548.89,NASDAQ,Health Care,Biotechnology: Pharmaceutical Preparations,,True,Matched broad public screener and configured penny/microcap filters.
FMN,Federated Hermes Premier Municipal Income Fund,9.88,852197918.0,147500.0,,1457300.0,NYSE,Finance,Investment Managers,,True,Matched broad public screener and configured penny/microcap filters.
RZLV,Rezolve AI PLC Ordinary Shares,2.13,852834462.0,6310028.0,,13440359.639999999,NASDAQ,Technology,Computer Software: Programming Data Processing,,True,Matched broad public screener and configured penny/microcap filters.
EVLV,Evolv Technologies Holdings Inc. Class A Common Stock,4.71,853104148.0,1993473.0,,9389257.83,NASDAQ,Technology,Computer peripheral equipment,,True,Matched broad public screener and configured penny/microcap filters.
OGG,Osisko Gold Group Inc. Common Shares,2.79,853287565.0,2319864.0,,6472420.5600000005,NYSE,Basic Materials,Precious Metals,,True,Matched broad public screener and configured penny/microcap filters.
QNST,QuinStreet Inc. Common Stock,14.92,853773009.0,1236913.0,,18454741.96,NASDAQ,Consumer Discretionary,Business Services,,True,Matched broad public screener and configured penny/microcap filters.
NAVI,Navient Corporation Common Stock,9.11,854370673.0,1472008.0,,13409992.879999999,NASDAQ,Finance,Investment Bankers/Brokers/Service,,True,Matched broad public screener and configured penny/microcap filters.
KOPN,Kopin Corporation Common Stock,4.61,856872751.0,2783942.0,,12833972.620000001,NASDAQ,Technology,Semiconductors,,True,Matched broad public screener and configured penny/microcap filters.
ACEL,Accel Entertainment Inc. ,10.59,859838900.0,600457.0,,6358839.63,NYSE,Consumer Discretionary,Services-Misc. Amusement & Recreation,,True,Matched broad public screener and configured penny/microcap filters.
BRBR,BellRing Brands Inc. Common Stock ,7.4,860458636.0,5120590.0,,37892366.0,NYSE,Consumer Staples,Packaged Foods,,True,Matched broad public screener and configured penny/microcap filters.
LANDO,Gladstone Land Corporation 6.00% Series B Cumulative Redeemable Preferred Stock,19.96,861005997.0,19378.0,,386784.88,NASDAQ,Real Estate,Real Estate Investment Trusts,,True,Matched broad public screener and configured penny/microcap filters.
PCT,PureCycle Technologies Inc. Common stock,4.29,861881635.0,5795425.0,,24862373.25,NASDAQ,Industrials,Major Chemicals,,True,Matched broad public screener and configured penny/microcap filters.
BW,Babcock & Wilcox Enterprises Inc. Common Stock,5.79,862507732.0,5928630.0,,34326767.7,NYSE,Industrials,Building Products,,True,Matched broad public screener and configured penny/microcap filters.
TTI,Tetra Technologies Inc. Common Stock,5.83,863264302.0,3179394.0,,18535867.02,NYSE,Energy,Oil & Gas Production,,True,Matched broad public screener and configured penny/microcap filters.
BTGO,BitGo Holdings Inc. Class A Common Stock,7.36,865135778.0,767584.0,,5649418.24,NYSE,Finance,Finance: Consumer Services,,True,Matched broad public screener and configured penny/microcap filters.
SANA,Sana Biotechnology Inc. Common Stock,2.89,865152241.0,3770605.0,,10897048.450000001,NASDAQ,Health Care,Biotechnology: Biological Products (No Diagnostic Substances),,True,Matched broad public screener and configured penny/microcap filters.
MTA,Metalla Royalty & Streaming Ltd. Common Shares,9.27,866706752.0,342691.0,,3176745.57,AMEX,Basic Materials,Precious Metals,,True,Matched broad public screener and configured penny/microcap filters.
RUMBW,RUM Group Inc. Warrant,1.75,867667840.0,9141.0,,15996.75,NASDAQ,Technology,Computer Software: Programming Data Processing,,True,Matched broad public screener and configured penny/microcap filters.
OI,O-I Glass Inc. Common Stock,5.65,868177571.0,3766788.0,,21282352.200000003,NYSE,Consumer Discretionary,Containers/Packaging,,True,Matched broad public screener and configured penny/microcap filters.
HELP,Helus Pharma Inc. Common Stock,11.91,870164692.0,1328365.0,,15820827.15,NASDAQ,Health Care,Biotechnology: Pharmaceutical Preparations,,True,Matched broad public screener and configured penny/microcap filters.
ITG,ITG Inc. Class A Common Stock,7.015,870962891.0,366206.0,,2568935.09,NASDAQ,Industrials,Water Sewer Pipeline Comm & Power Line Construction,,True,Matched broad public screener and configured penny/microcap filters.
MBINN,Merchants Bancorp Depositary Shares Preferred Series C,18.99,872364044.0,7827.0,,148634.72999999998,NASDAQ,Finance,Major Banks,,True,Matched broad public screener and configured penny/microcap filters.
AGBK,AGI Inc Class A Common Shares,5.45,872736142.0,284237.0,,1549091.6500000001,NYSE,Finance,Commercial Banks,,True,Matched broad public screener and configured penny/microcap filters.
PUBM,PubMatic Inc. Class A Common Stock,19.18,873650170.0,753487.0,,14451880.66,NASDAQ,Technology,Computer Software: Programming Data Processing,,True,Matched broad public screener and configured penny/microcap filters.
AHG,Akso Health Group ADS,1.02,873838261.0,237897.0,,242654.94,NASDAQ,Consumer Discretionary,Business Services,,True,Matched broad public screener and configured penny/microcap filters.
SMPL,The Simply Good Foods Company Common Stock,9.88,873990185.0,3308238.0,,32685391.44,NASDAQ,Consumer Staples,Packaged Foods,,True,Matched broad public screener and configured penny/microcap filters.
JBIO,Jade Biosciences Inc. Common Stock,13.77,875736019.0,1071695.0,,14757240.15,NASDAQ,Health Care,Biotechnology: Pharmaceutical Preparations,,True,Matched broad public screener and configured penny/microcap filters.
AIZN,Assurant Inc. 5.25% Subordinated Notes due 2061,17.37,876476495.0,17470.0,,303453.9,NYSE,Finance,Property-Casualty Insurers,,True,Matched broad public screener and configured penny/microcap filters.
BLZE,Backblaze Inc. Class A Common Stock,14.18,877742000.0,1673542.0,,23730825.56,NASDAQ,Technology,Computer Software: Prepackaged Software,,True,Matched broad public screener and configured penny/microcap filters.
KRO,Kronos Worldwide Inc Common Stock,7.63,878194047.0,290003.0,,2212722.89,NYSE,Basic Materials,Major Chemicals,,True,Matched broad public screener and configured penny/microcap filters.
CYRX,CryoPort Inc. Common Stock,17.36,879268376.0,1044544.0,,18133283.84,NASDAQ,Health Care,Biotechnology: Pharmaceutical Preparations,,True,Matched broad public screener and configured penny/microcap filters.
NX,Quanex Building Products Corporation Common Stock,19.2,879863194.0,419716.0,,8058547.199999999,NYSE,Industrials,Metal Fabrications,,True,Matched broad public screener and configured penny/microcap filters.
HEPS,D-Market Electronic Services & Trading American Depositary Shares,2.48,885918496.0,165415.0,,410229.2,NASDAQ,Consumer Discretionary,Catalog/Specialty Distribution,,True,Matched broad public screener and configured penny/microcap filters.
PSF,Cohen & Steers Select Preferred and Income Fund Inc. Common Stock,18.1,889409167.0,29667.0,,536972.7000000001,NYSE,Finance,Investment Managers,,True,Matched broad public screener and configured penny/microcap filters.
SLBT,SL Science Holding Limited Ordinary Shares,1.6,897215611.0,34298.0,,54876.8,NASDAQ,Health Care,Biotechnology: Biological Products (No Diagnostic Substances),,True,Matched broad public screener and configured penny/microcap filters.
FMNB,Farmers National Banc Corp. Common Stock,15.15,897600716.0,376798.0,,5708489.7,NASDAQ,Finance,Major Banks,,True,Matched broad public screener and configured penny/microcap filters.
SIGIP,Selective Insurance Group Inc. Depositary Shares each representing a 1/1000th interest in a share of 4.60% Non-Cumulative Preferred Stock Series B,15.075,898004469.0,5729.0,,86364.675,NASDAQ,Finance,Property-Casualty Insurers,,True,Matched broad public screener and configured penny/microcap filters.
BHFAL,Brighthouse Financial Inc. 6.25% Junior Subordinated Debentures due 2058,15.64,899480845.0,11278.0,,176387.92,NASDAQ,Finance,Life Insurance,,True,Matched broad public screener and configured penny/microcap filters.
HTLD,Heartland Express Inc. Common Stock,11.64,900151592.0,653368.0,,7605203.5200000005,NASDAQ,Industrials,Trucking Freight/Courier Services,,True,Matched broad public screener and configured penny/microcap filters.
ABUS,Arbutus Biopharma Corporation Common Stock,4.56,902186128.0,16120399.0,,73509019.44,NASDAQ,Health Care,Biotechnology: Pharmaceutical Preparations,,True,Matched broad public screener and configured penny/microcap filters.
GOODO,Gladstone Commercial Corporation 6.00% Series G Cumulative Redeemable Preferred Stock par value $0.001 per share,18.68,904252119.0,29468.0,,550462.24,NASDAQ,Real Estate,Real Estate,,True,Matched broad public screener and configured penny/microcap filters.
SBGI,Sinclair Inc. Class A Common Stock,12.51,904698931.0,584331.0,,7309980.81,NASDAQ,Industrials,Broadcasting,,True,Matched broad public screener and configured penny/microcap filters.
NNNN,Anbio Biotechnology Class A Ordinary Shares,6.29,905075648.0,12652.0,,79581.08,NASDAQ,Health Care,Biotechnology: In Vitro & In Vivo Diagnostic Substances,,True,Matched broad public screener and configured penny/microcap filters.
LAR,Lithium Argentina AG Common Shares,5.54,909114000.0,1493996.0,,8276737.84,NYSE,Basic Materials,Metal Mining,,True,Matched broad public screener and configured penny/microcap filters.
RNP,Cohen & Steers REIT and Preferred and Income Fund Inc. Common Shares,18.52,910047391.0,143588.0,,2659249.76,NYSE,Finance,Investment Managers,,True,Matched broad public screener and configured penny/microcap filters.
BBDC,Barings BDC Inc. Common Stock,8.7,910949891.0,582647.0,,5069028.899999999,NYSE,Finance,Diversified Financial Services,,True,Matched broad public screener and configured penny/microcap filters.
UPBD,Upbound Group Inc. Common Stock,15.68,914134670.0,1184471.0,,18572505.28,NASDAQ,Consumer Discretionary,Diversified Commercial Services,,True,Matched broad public screener and configured penny/microcap filters.
CRVS,Corvus Pharmaceuticals Inc. Common Stock,10.93,919441918.0,1309060.0,,14308025.799999999,NASDAQ,Health Care,Biotechnology: Pharmaceutical Preparations,,True,Matched broad public screener and configured penny/microcap filters.
FRBT,Forbright Inc. Class A Common Stock,18.21,924419360.0,171579.0,,3124453.5900000003,NASDAQ,Finance,Major Banks,,True,Matched broad public screener and configured penny/microcap filters.
JMIA,Jumia Technologies AG American Depositary Shares each representing two Ordinary Shares,6.95,928699595.0,1622677.0,,11277605.15,NYSE,Consumer Discretionary,Catalog/Specialty Distribution,,True,Matched broad public screener and configured penny/microcap filters.
VMET,Versamet Royalties Corporation Common Stock,8.55,930492285.0,238464.0,,2038867.2000000002,NASDAQ,Industrials,Precious Metals,,True,Matched broad public screener and configured penny/microcap filters.
LAC,Lithium Americas Corp. Common Shares,2.57,933020364.0,8935138.0,,22963304.66,NYSE,Basic Materials,Metal Mining,,True,Matched broad public screener and configured penny/microcap filters.
ALMS,Alumis Inc. Common Stock,7.21,933228073.0,2131458.0,,15367812.18,NASDAQ,Health Care,Biotechnology: Pharmaceutical Preparations,,True,Matched broad public screener and configured penny/microcap filters.
RMIX,Suncrete Inc. Class A Common Stock,12.72,934739808.0,589747.0,,7501581.840000001,NASDAQ,Industrials,Building Materials,,True,Matched broad public screener and configured penny/microcap filters.
CGEM,Cullinan Therapeutics Inc. Common Stock,14.53,935073704.0,911836.0,,13248977.08,NASDAQ,Health Care,Biotechnology: Biological Products (No Diagnostic Substances),,True,Matched broad public screener and configured penny/microcap filters.
ASM,Avino Silver & Gold Mines Ltd. Common Shares (Canada),5.51,935902543.0,2453207.0,,13517170.57,AMEX,Basic Materials,Metal Mining,,True,Matched broad public screener and configured penny/microcap filters.
XTND,Xtend AI Robotics Inc. Common Stock,3.29,937132990.0,1112351.0,,3659634.79,NYSE,Industrials,Military/Government/Technical,,True,Matched broad public screener and configured penny/microcap filters.
SGML,Sigma Lithium Corporation Common Shares,8.335,938256889.0,6055734.0,,50474542.89000001,NASDAQ,Basic Materials,Metal Mining,,True,Matched broad public screener and configured penny/microcap filters.
BV,BrightView Holdings Inc. Common Stock,10.16,940816000.0,969279.0,,9847874.64,NYSE,Consumer Staples,Farming/Seeds/Milling,,True,Matched broad public screener and configured penny/microcap filters.
VYX,NCR Voyix Corporation Common Stock,6.84,944398102.0,2713075.0,,18557433.0,NYSE,Miscellaneous,Office Equipment/Supplies/Services,,True,Matched broad public screener and configured penny/microcap filters.
KURA,Kura Oncology Inc. Common Stock,10.65,947430592.0,2430825.0,,25888286.25,NASDAQ,Health Care,Biotechnology: Pharmaceutical Preparations,,True,Matched broad public screener and configured penny/microcap filters.
SIFY,Sify Technologies Limited American Depositary Shares,13.1,948893457.0,51549.0,,675291.9,NASDAQ,Technology,Computer Software: Programming Data Processing,,True,Matched broad public screener and configured penny/microcap filters.
IQ,iQIYI Inc. American Depositary Shares,0.9833,948908822.0,10929574.0,,10747050.1142,NASDAQ,Consumer Discretionary,Consumer Electronics/Video Chains,,True,Matched broad public screener and configured penny/microcap filters.
NXDR,Nextdoor Holdings Inc. Class A Common Stock,2.48,959384037.0,1768660.0,,4386276.8,NYSE,Technology,Computer Software: Programming Data Processing,,True,Matched broad public screener and configured penny/microcap filters.
OIG,Orion180 Insurance Group Inc. Class A common stock,9.7,960614784.0,798575.0,,7746177.499999999,NASDAQ,Finance,Specialty Insurers,,True,Matched broad public screener and configured penny/microcap filters.
GLUE,Monte Rosa Therapeutics Inc. Common Stock,11.26,960628895.0,2868677.0,,32301303.02,NASDAQ,Health Care,Biotechnology: Biological Products (No Diagnostic Substances),,True,Matched broad public screener and configured penny/microcap filters.
KODK,Eastman Kodak Company Common New,9.85,964315000.0,977488.0,,9628256.799999999,NYSE,Consumer Discretionary,Industrial Machinery/Components,,True,Matched broad public screener and configured penny/microcap filters.
EOSEW,Eos Energy Enterprises Inc. Warrant,2.65,965044522.0,4171.0,,11053.15,NASDAQ,Miscellaneous,Industrial Machinery/Components,,True,Matched broad public screener and configured penny/microcap filters.
RCAT,Red Cat Holdings Inc. Common Stock,6.33,966681911.0,5687429.0,,36001425.57,NASDAQ,Technology,Computer Software: Prepackaged Software,,True,Matched broad public screener and configured penny/microcap filters.
PTA,Cohen & Steers Tax-Advantaged Preferred Securities and Income Fund Common Shares of Beneficial Interest,17.54,969496436.0,243990.0,,4279584.6,NYSE,Finance,Trusts Except Educational Religious and Charitable,,True,Matched broad public screener and configured penny/microcap filters.
LMRI,Lumexa Imaging Holdings Inc. Common Stock,10.1,970357258.0,379518.0,,3833131.8,NASDAQ,Health Care,Medical Specialities,,True,Matched broad public screener and configured penny/microcap filters.
PRCT,PROCEPT BioRobotics Corporation Common Stock,17.02,974797676.0,1604762.0,,27313049.24,NASDAQ,Health Care,Medical/Dental Instruments,,True,Matched broad public screener and configured penny/microcap filters.
MLTX,MoonLake Immunotherapeutics Class A Ordinary Shares,11.47,976173677.0,1305355.0,,14972421.850000001,NASDAQ,Health Care,Biotechnology: Pharmaceutical Preparations,,True,Matched broad public screener and configured penny/microcap filters.
HBNC,Horizon Bancorp Inc. Common Stock,19.08,979653423.0,682851.0,,13028797.079999998,NASDAQ,Finance,Major Banks,,True,Matched broad public screener and configured penny/microcap filters.
LZ,LegalZoom.com Inc. Common Stock,5.73,981347373.0,2837209.0,,16257207.57,NASDAQ,Technology,EDP Services,,True,Matched broad public screener and configured penny/microcap filters.
TRIP,TripAdvisor Inc. Common Stock,8.375,981544489.0,3159876.0,,26463961.5,NASDAQ,Technology,Computer Software: Programming Data Processing,,True,Matched broad public screener and configured penny/microcap filters.
YELP,Yelp Inc. Common Stock,18.11,982714176.0,1778522.0,,32209033.419999998,NYSE,Consumer Discretionary,Other Consumer Services,,True,Matched broad public screener and configured penny/microcap filters.
XIFR,XPLR Infrastructure LP Common Units representing limited partner interests,10.43,983265252.0,921535.0,,9611610.049999999,NYSE,Utilities,Electric Utilities: Central,,True,Matched broad public screener and configured penny/microcap filters.
RXT,Rackspace Technology Inc. Common Stock,3.86,983809201.0,3188013.0,,12305730.18,NASDAQ,Technology,Computer Software: Programming Data Processing,,True,Matched broad public screener and configured penny/microcap filters.
DFH,Dream Finders Homes Inc. Class A Common Stock,10.89,985927435.0,1051390.0,,11449637.100000001,NYSE,Consumer Discretionary,Homebuilding,,True,Matched broad public screener and configured penny/microcap filters.
BBNX,Beta Bionics Inc. Common Stock,18.87,993351955.0,1138151.0,,21476909.37,NASDAQ,Health Care,Medical/Dental Instruments,,True,Matched broad public screener and configured penny/microcap filters.
AEVA,Aeva Technologies Inc. Common Stock,14.29,996095282.0,1057740.0,,15115104.6,NASDAQ,Consumer Discretionary,Auto Parts:O.E.M.,,True,Matched broad public screener and configured penny/microcap filters.
DBRG^J,DigitalBridge Group Inc. 7.125% Series J ,15.43,,632671.0,,9762113.53,NYSE,,,,True,Matched broad public screener and configured penny/microcap filters.
DBRG^I,DigitalBridge Group Inc. 7.15% Series I ,14.83,,515745.0,,7648498.35,NYSE,,,,True,Matched broad public screener and configured penny/microcap filters.
COF^I,Capital One Financial Corporation Depositary shares each representing a 1/40th interest in a share of Fixed Rate Non-Cumulative Perpetual Preferred Stock Series I of the Issuer,16.67,,380942.0,,6350303.140000001,NYSE,,,,True,Matched broad public screener and configured penny/microcap filters.
JPM^L,J P Morgan Chase & Co Depositary Shares each representing a 1/400th interest in a share of 4.625% Non-Cumulative Preferred Stock Series LL,17.19,,368226.0,,6329804.94,NYSE,,,,True,Matched broad public screener and configured penny/microcap filters.
WFC^Z,Wells Fargo & Company Depositary Shares each representing a 1/1000th interest in a share of Non-Cumulative Perpetual Class A Preferred Stock Series Z,16.93,,302805.0,,5126488.65,NYSE,,,,True,Matched broad public screener and configured penny/microcap filters.
JPM^M,J P Morgan Chase & Co Depositary Shares each representing a 1/400th interest in a share of 4.20% Non-Cumulative Preferred Stock Series MM,15.93,,299256.0,,4767148.08,NYSE,,,,True,Matched broad public screener and configured penny/microcap filters.
COF^J,Capital One Financial Corporation Depositary Shares Each Representing a 1/40th Interest in a Share of Fixed Rate Non- Cumulative Perpetual Preferred Stock Series J,16.08,,280716.0,,4513913.279999999,NYSE,,,,True,Matched broad public screener and configured penny/microcap filters.
JPM^K,J P Morgan Chase & Co Depositary Shares each representing a 1/400th interest in a share of 4.55% Non-Cumulative Preferred Stock Series JJ,16.97,,265363.0,,4503210.109999999,NYSE,,,,True,Matched broad public screener and configured penny/microcap filters.
ALL^H,Allstate Corporation (The) Depositary Shares each representing a 1/1000th interest in a share of Fixed Rate Noncumulative Perpetual Preferred Stock Series H,17.86,,250971.0,,4482342.06,NYSE,,,,True,Matched broad public screener and configured penny/microcap filters.
BAC^Q,Bank of America Corporation Depositary shares each representing 1/1000th interest in a share of 4.250% Non-Cumulative Preferred Stock Series QQ,15.41,,289327.0,,4458529.07,NYSE,,,,True,Matched broad public screener and configured penny/microcap filters.
T^A,AT&T Inc. Depositary Shares each representing a 1/1000th interest in a share of 5.000% Perpetual Preferred Stock Series A,17.35,,248546.0,,4312273.100000001,NYSE,,,,True,Matched broad public screener and configured penny/microcap filters.
WFC^A,Wells Fargo & Company Depositary Shares each representing a 1/1000th interest in a share of Non-Cumulative Perpetual Class A Preferred Stock Series AA,16.93,,232235.0,,3931738.55,NYSE,,,,True,Matched broad public screener and configured penny/microcap filters.
T^C,AT&T Inc. Depositary Shares each representing a 1/1000th interest in a share of 4.750% Perpetual Preferred Stock Series C,16.43,,234555.0,,3853738.65,NYSE,,,,True,Matched broad public screener and configured penny/microcap filters.
STT^G,State Street Corporation Depositary shares each representing a 1/4000th ownership interest in a share of Fixed-to-Floating Rate Non-Cumulative,19.62,,190641.0,,3740376.4200000004,NYSE,,,,True,Matched broad public screener and configured penny/microcap filters.
BAC^M,Bank of America Corporation Depositary Shares each representing a 1/1000th interest in a share of 5.375% Non-Cumulative Preferred Stock Series KK,19.3,,188881.0,,3645403.3000000003,NYSE,,,,True,Matched broad public screener and configured penny/microcap filters.
F^D,Ford Motor Company 6.500% Notes due August 15 2062,19.58,,178264.0,,3490409.1199999996,NYSE,,,,True,Matched broad public screener and configured penny/microcap filters.
JPM^J,J P Morgan Chase & Co Depositary Shares each representing a 1/400th interest in a share of JPMorgan Chase & Co. 4.75% Non-Cumulative Preferred Stock Series GG,17.68,,191355.0,,3383156.4,NYSE,,,,True,Matched broad public screener and configured penny/microcap filters.
MS^O,Morgan Stanley Depositary Shares each representing 1/1000th of a share of 4.250% Non-Cumulative Preferred Stock Series O,15.36,,210444.0,,3232419.84,NYSE,,,,True,Matched broad public screener and configured penny/microcap filters.
BAC^N,Bank of America Corporation Depositary shares each representing 1/1000th interest in a share of 5.000% Non-Cumulative Preferred Stock Series LL,18.04,,170909.0,,3083198.36,NYSE,,,,True,Matched broad public screener and configured penny/microcap filters.
WFC^C,Wells Fargo & Company Depositary Shares each representing a 1/1000th interest in a share of Non-Cumulative Perpetual Class A Preferred Stock Series CC,15.75,,195391.0,,3077408.25,NYSE,,,,True,Matched broad public screener and configured penny/microcap filters.
BAC^O,Bank of America Corporation Depositary shares each representing 1/1000th interest in a share of 4.375% Non-Cumulative Preferred Stock Series NN,15.89,,177492.0,,2820347.88,NYSE,,,,True,Matched broad public screener and configured penny/microcap filters.
SCHW^J,The Charles Schwab Corporation Depositary Shares Each Representing a 1/40th Interest in a Share of 4.450% Non-Cumulative Perpetual Preferred Stock Series J,15.88,,172002.0,,2731391.7600000002,NYSE,,,,True,Matched broad public screener and configured penny/microcap filters.
NEE^N,NextEra Energy Capital Holdings Inc. Series N Junior Subordinated Debentures due March 1 2079,19.46,,139291.0,,2710602.8600000003,NYSE,,,,True,Matched broad public screener and configured penny/microcap filters.
F^C,Ford Motor Company 6% Notes due December 1 2059,18.85,,139148.0,,2622939.8000000003,NYSE,,,,True,Matched broad public screener and configured penny/microcap filters.
DBRG^H,DigitalBridge Group Inc. 7.125% Series H ,14.68,,158652.0,,2329011.36,NYSE,,,,True,Matched broad public screener and configured penny/microcap filters.
EQH^A,Equitable Holdings Inc. Depositary Shares,17.8,,129246.0,,2300578.8000000003,NYSE,,,,True,Matched broad public screener and configured penny/microcap filters.
MET^F,MetLife Inc. Depositary Shares each representing a 1/1000th interest in a share of 4.75% Non-Cumulative Preferred Stock Series F,17.14,,133795.0,,2293246.3000000003,NYSE,,,,True,Matched broad public screener and configured penny/microcap filters.
SYF^A,Synchrony Financial Depositary Shares each Representing a 1/40th Interest in a Share of 5.625% Fixed Rate Non-Cumulative Perpetual Preferred Stock Series A,18.18,,119115.0,,2165510.7,NYSE,,,,True,Matched broad public screener and configured penny/microcap filters.
GS^D,Goldman Sachs Group Inc. (The) Dep Shs repstg 1/1000 Pfd Ser D Fltg,18.81,,113310.0,,2131361.0999999996,NYSE,,,,True,Matched broad public screener and configured penny/microcap filters.
WFC^D,Wells Fargo & Company Depositary Shares each representing a 1/1000th interest in  a share of Non-Cumulative Perpetual Class A Preferred Stock Series DD,15.31,,138520.0,,2120741.2,NYSE,,,,True,Matched broad public screener and configured penny/microcap filters.
COF^L,Capital One Financial Corporation Depositary Shares Each Representing a 1/40th Interest in a Share of Fixed Rate Non-Cumulative Perpetual Preferred Stock Series L,14.66,,143802.0,,2108137.32,NYSE,,,,True,Matched broad public screener and configured penny/microcap filters.
TFC^O,Truist Financial Corporation Depositary Shares Each Representing a 1/1000th Interest in a Share of Series O Non-Cumulative Perpetual Preferred Stock,18.88,,110524.0,,2086693.1199999999,NYSE,,,,True,Matched broad public screener and configured penny/microcap filters.
TFC^R,Truist Financial Corporation Depositary Shares each representing 1/1000th interest in a share of Series R Non-Cumulative Perpetual Preferred Stock,16.88,,122503.0,,2067850.64,NYSE,,,,True,Matched broad public screener and configured penny/microcap filters.
MS^A,Morgan Stanley Dep Shs repstg 1/1000 Pfd Ser A,19.05,,103598.0,,1973541.9000000001,NYSE,,,,True,Matched broad public screener and configured penny/microcap filters.
COF^N,Capital One Financial Corporation Depositary Shares Each Representing a 1/40th Ownership Interest in a Share of Fixed Rate Non-Cumulative Perpetual Preferred Stock Series N,14.62,,132165.0,,1932252.2999999998,NYSE,,,,True,Matched broad public screener and configured penny/microcap filters.
BAC^S,Bank of America Corporation Depositary shares each representing 1/1000th interest in a share of 4.750% Non-Cumulative Preferred Stock Series SS,17.31,,103047.0,,1783743.5699999998,NYSE,,,,True,Matched broad public screener and configured penny/microcap filters.
USB^P,U.S. Bancorp Depositary Shares each representing a 1/1000th interest in a share of Series K Non-Cumulative Perpetual Preferred Stock,19.99,,89082.0,,1780749.18,NYSE,,,,True,Matched broad public screener and configured penny/microcap filters.
PSA^P,Public Storage Depositary Shares Each Representing 1/1000 of a 4.000% Cumulative Preferred Share of Bene cial Interest Series P,14.08,,124442.0,,1752143.36,NYSE,,,,True,Matched broad public screener and configured penny/microcap filters.
BAC^P,Bank of America Corporation Depositary Shares each representing a 1/1000th interest in a share of 4.125% Non-Cumulative Preferred Stock Series PP,15.36,,105704.0,,1623613.44,NYSE,,,,True,Matched broad public screener and configured penny/microcap filters.
USB^R,U.S. Bancorp Depositary Shares Each Representing a 1/1000th Interest in a Share of Series M Non-Cumulative Perpetual Preferred Stock,14.63,,103804.0,,1518652.52,NYSE,,,,True,Matched broad public screener and configured penny/microcap filters.
USB^H,U.S. Bancorp Depositary Shares repstg 1/1000th Pfd Ser B,18.33,,78815.0,,1444678.95,NYSE,,,,True,Matched broad public screener and configured penny/microcap filters.
ALL^I,Allstate Corporation (The) Depositary Shares each representing a 1/1000th interest in a share of Fixed Rate Noncumulative Perpetual Preferred Stock Series I,16.85,,80313.0,,1353274.05,NYSE,,,,True,Matched broad public screener and configured penny/microcap filters.
ABR^F,Arbor Realty Trust 6.25% Series F Fixed-to-Floating Rate Cumulative Redeemable Preferred Stock Liquidation Preference $25.00 per share,19.66,,58660.0,,1153255.6,NYSE,,,,True,Matched broad public screener and configured penny/microcap filters.
CFG^E,Citizens Financial Group Inc. Depositary Shares Each Representing 1/40th Interest in a Share of 5.000% Fixed-Rate Non-Cumulative Perpetual Preferred Stock Series E,17.17,,64160.0,,1101627.2000000002,NYSE,,,,True,Matched broad public screener and configured penny/microcap filters.
RF^E,Regions Financial Corporation Depositary Shares Each Representing a 1/40th Interest in a Share of 4.45% Non-Cumulative Perpetual Preferred Stock Series E,15.31,,71092.0,,1088418.52,NYSE,,,,True,Matched broad public screener and configured penny/microcap filters.
MS^L,Morgan Stanley Depositary Shares each representing 1/1000th of a share of 4.875% Non-Cumulative Preferred Stock Series L,17.8199,,60633.0,,1080473.9967,NYSE,,,,True,Matched broad public screener and configured penny/microcap filters.
PSA^H,Public Storage Depositary Shares Each Representing 1/1000 of a  5.60% Cumulative Preferred  Share of Beneficial Interest Series H,19.99,,53729.0,,1074042.71,NYSE,,,,True,Matched broad public screener and configured penny/microcap filters.
PSA^R,Public Storage Depositary Shares Each Representing 1/1000 of a 4.00% Cumulative Preferred Share of Bene cial Interest Series R,14.1312,,75139.0,,1061804.2368,NYSE,,,,True,Matched broad public screener and configured penny/microcap filters.
AXS^E,Axis Capital Holdings Limited Depositary Shares each representing 1/100th interest in a share of a 5.50% Series E Preferred Shares,17.39,,59389.0,,1032774.7100000001,NYSE,,,,True,Matched broad public screener and configured penny/microcap filters.
ATH^D,Athene Holding Ltd. Depositary Shares Each Representing a 1/1000th Interest in a 4.875% Fixed-Rate Perpetual Non-Cumulative Preference Share Series D,15.19,,66842.0,,1015329.98,NYSE,,,,True,Matched broad public screener and configured penny/microcap filters.
FRT^C,Federal Realty Investment Trust Depositary Shares each representing a 1/1000th interest in a 5.000% Series C Cumulative Redeemable Preferred Share,18.19,,54726.0,,995465.9400000001,NYSE,,,,True,Matched broad public screener and configured penny/microcap filters.
ET^I,Energy Transfer L.P. Series I Fixed Rate Perpetual Preferred Units,10.97,,89185.0,,978359.4500000001,NYSE,,,,True,Matched broad public screener and configured penny/microcap filters.
KEY^J,KeyCorp Depositary Shares each representing a 1/40th ownership interest in a share of Fixed Rate Perpetual Non-Cumulative Preferred Stock Series F,19.14,,50835.0,,972981.9,NYSE,,,,True,Matched broad public screener and configured penny/microcap filters.
AHL^D,Aspen Insurance Holdings Limited 5.625% Perpetual Non-Cumulative Preference Shares,18.31,,52298.0,,957576.3799999999,NYSE,,,,True,Matched broad public screener and configured penny/microcap filters.
TFC^I,Truist Financial Corporation Depositary Shares,18.76,,49615.0,,930777.4,NYSE,,,,True,Matched broad public screener and configured penny/microcap filters.
F^B,Ford Motor Company 6.20% Notes due June 1 2059,19.16,,47364.0,,907494.24,NYSE,,,,True,Matched broad public screener and configured penny/microcap filters.
KEY^K,KeyCorp Depositary Shares each representing a 1/40th ownership interest in a share of Fixed Rate Perpetual Non-Cumulative Preferred Stock Series G,19.06,,47098.0,,897687.8799999999,NYSE,,,,True,Matched broad public screener and configured penny/microcap filters.
PSA^O,Public Storage Depositary Shares Each Representing 1/1000 of a 3.900% Cumulative Preferred Share of Beneficial Interest Series O,13.67,,64220.0,,877887.4,NYSE,,,,True,Matched broad public screener and configured penny/microcap filters.
GS^A,Goldman Sachs Group Inc. (The) Depositary Shares each representing 1/1000th Interest in a Share of Floating Rate Non-Cumulative Preferred Stock Series A,19.18,,45367.0,,870139.0599999999,NYSE,,,,True,Matched broad public screener and configured penny/microcap filters.
DLR^L,Digital Realty Trust Inc. 5.200% Series L Cumulative Redeemable Preferred Stock,18.56,,45961.0,,853036.1599999999,NYSE,,,,True,Matched broad public screener and configured penny/microcap filters.
KIM^M,Kimco Realty Corporation Class M Depositary Shares each of which represents a one-one thousandth fractional interest in a share of 5.25% Class M Cumulative Redeemable Preferred Stock liquidation preference $25000.00 per share,19.52,,43514.0,,849393.28,NYSE,,,,True,Matched broad public screener and configured penny/microcap filters.
CMS^C,CMS Energy Corporation Depositary Shares each representing a 1/1000th interest in a share of 4.200% Cumulative Redeemable Perpetual Preferred Stock Series C,16.23,,50561.0,,820605.03,NYSE,,,,True,Matched broad public screener and configured penny/microcap filters.
RNR^F,RenaissanceRe Holdings Ltd. Depositary Shares each Representing a 1/1000th Interest in a 5.750% Series F Preference Share,19.59,,40271.0,,788908.89,NYSE,,,,True,Matched broad public screener and configured penny/microcap filters.
USB^S,U.S. Bancorp Depositary Shares each representing a 1/1000th interest in a share of Series O Non-Cumulative Perpetual Preferred Stock,16.24,,48191.0,,782621.84,NYSE,,,,True,Matched broad public screener and configured penny/microcap filters.
ATH^B,Athene Holding Ltd. Depositary Shares Each Representing a 1/1000th Interest in a 5.625% Fixed Rate Perpetual Non- Cumulative Preference Share Series B par value $1.00 per share,17.6,,44464.0,,782566.4,NYSE,,,,True,Matched broad public screener and configured penny/microcap filters.
PSA^F,Public Storage Depositary Shares Each Representing 1/1000 of a 5.15% Cumulative Preferred Share of Beneficial Interest Series F par value $0.01 per share,18.12,,42864.0,,776695.68,NYSE,,,,True,Matched broad public screener and configured penny/microcap filters.
KREF^A,KKR Real Estate Finance Trust Inc. 6.50% Series A Cumulative Redeemable Preferred Stock,18.4,,41971.0,,772266.3999999999,NYSE,,,,True,Matched broad public screener and configured penny/microcap filters.
VNO^N,Vornado Realty Trust 5.25% Series N Cumulative Redeemable Preferred Shares of Beneficial Interest liquidation preference $25.00 per share,16.7,,44338.0,,740444.6,NYSE,,,,True,Matched broad public screener and configured penny/microcap filters.
FBRT^E,Franklin BSP Realty Trust Inc. 7.50% Series E Cumulative Redeemable Preferred Stock,18.355,,39424.0,,723627.52,NYSE,,,,True,Matched broad public screener and configured penny/microcap filters.
MFA^B,MFA Financial Inc. Preferred Series B,18.11,,39750.0,,719872.5,NYSE,,,,True,Matched broad public screener and configured penny/microcap filters.
PSA^K,Public Storage Depositary Shares Each Representing 1/1000 of a 4.75% Cumulative Preferred Share of Beneficial Interest Series K,16.78,,42891.0,,719710.9800000001,NYSE,,,,True,Matched broad public screener and configured penny/microcap filters.
PSA^L,Public Storage Depositary Shares Each Representing 1/1000 of a 4.625% Cumulative Preferred Share of Beneficial Interest Series L par value $0.01 per share,16.33,,43370.0,,708232.1,NYSE,,,,True,Matched broad public screener and configured penny/microcap filters.
PSA^G,Public Storage Depositary Shares Each Representing 1/1000 of a 5.05% Cumulative Preferred Share of Beneficial Interest Series G,17.96,,38911.0,,698841.56,NYSE,,,,True,Matched broad public screener and configured penny/microcap filters.
USB^Q,U.S. Bancorp Depositary Shares Each Representing a 1/1000th Interest in a Share of Series L Non-Cumulative Perpetual Preferred Stock,13.9,,49081.0,,682225.9,NYSE,,,,True,Matched broad public screener and configured penny/microcap filters.
VNO^L,Vornado Realty Trust Pfd Ser L %,16.73,,40471.0,,677079.8300000001,NYSE,,,,True,Matched broad public screener and configured penny/microcap filters.
FITB^K,Fifth Third Bancorp Depositary Shares each representing a 1/1000th ownership interest in a share of Non-Cumulative Perpetual Preferred Stock Series K,18.04,,35228.0,,635513.12,NYSE,,,,True,Matched broad public screener and configured penny/microcap filters.
KIM^L,Kimco Realty Corporation Class L Depositary Shares each of which represents a one-one thousandth fractional interest in a share of 5.125% Class L Cumulative Redeemable Preferred Stock liquidation preference $25000.00 per share,19.62,,31856.0,,625014.7200000001,NYSE,,,,True,Matched broad public screener and configured penny/microcap filters.
AHL^E,Aspen Insurance Holdings Limited Depositary Shares each representing a 1/1000th interest in a share of 5.625% Perpetual Non-Cumulative Preference Shares,18.13,,33230.0,,602459.9,NYSE,,,,True,Matched broad public screener and configured penny/microcap filters.
PSA^Q,Public Storage Depositary Shares Each Representing 1/1000 of a 3.950% Cumulative Preferred Share of Beneficial Interest Series Q par value $0.01 per share,13.92,,41012.0,,570887.04,NYSE,,,,True,Matched broad public screener and configured penny/microcap filters.
BAC^E,Bank of America Corporation Depositary Sh repstg 1/1000th Perp Pfd Ser E,18.66,,28829.0,,537949.14,NYSE,,,,True,Matched broad public screener and configured penny/microcap filters.
SCE^L,SCE TRUST VI,16.15,,32938.0,,531948.7,NYSE,,,,True,Matched broad public screener and configured penny/microcap filters.
ARR^C,ARMOUR Residential REIT Inc. 7% Series C Cumulative Redeemable Preferred Stock (liquidation preference $25.00 per share),19.53,,26902.0,,525396.06,NYSE,,,,True,Matched broad public screener and configured penny/microcap filters.
GL^D,Globe Life Inc. 4.25% Junior Subordinated Debentures due 2061,14.49,,36225.0,,524900.25,NYSE,,,,True,Matched broad public screener and configured penny/microcap filters.
GS^C,Goldman Sachs Group Inc. (The) Depositary Share repstg 1/1000th Preferred Series C,19.62,,26734.0,,524521.0800000001,NYSE,,,,True,Matched broad public screener and configured penny/microcap filters.
PSA^J,Public Storage Depositary Shares Each Representing 1/1000 of a 4.700% Cumulative Preferred Share of Beneficial Interest Series J par value $0.01 per share,16.59,,29571.0,,490582.89,NYSE,,,,True,Matched broad public screener and configured penny/microcap filters.
WRB^F,W.R. Berkley Corporation 5.10% Subordinated Debentures due 2059,17.58,,27233.0,,478756.13999999996,NYSE,,,,True,Matched broad public screener and configured penny/microcap filters.
ABR^D,Arbor Realty Trust 6.375% Series D Cumulative Redeemable Preferred Stock Liquidation Preference $25.00 per Share,13.69,,34445.0,,471552.05,NYSE,,,,True,Matched broad public screener and configured penny/microcap filters.
RNR^G,RenaissanceRe Holdings Ltd. Depositary Shares each representing a 1/1000th interest in a share of 4.20% Series G Preference Shares,14.32,,32699.0,,468249.68,NYSE,,,,True,Matched broad public screener and configured penny/microcap filters.
CRD/A,Crawford & Company,12.57,,35710.0,,448874.7,NYSE,,,,True,Matched broad public screener and configured penny/microcap filters.
GAB^G,Gabelli Equity Trust Inc. (The) Series G Cumulative Preferred Stock,18.4599,,24312.0,,448797.0888,NYSE,,,,True,Matched broad public screener and configured penny/microcap filters.
GAB^H,Gabelli Equity Trust Inc. (The) Pfd Ser H,18.4,,24201.0,,445298.39999999997,NYSE,,,,True,Matched broad public screener and configured penny/microcap filters.
BW^A,Babcock & Wilcox Enterprises Inc. 7.75% Series A Cumulative Perpetual Preferred Stock,19.36,,22452.0,,434670.72,NYSE,,,,True,Matched broad public screener and configured penny/microcap filters.
TRTX^C,TPG RE Finance Trust Inc. 6.25% Series C Cumulative Redeemable Preferred Stock $0.001 par value per share,16.35,,26322.0,,430364.7,NYSE,,,,True,Matched broad public screener and configured penny/microcap filters.
BML^J,Bank of America Corporation Depositary Shares (Each representing a 1/1200th interest in a Share of Floating Rate Non-Cumulative Preferred Stock Series 4),19.7806,,21526.0,,425797.1956,NYSE,,,,True,Matched broad public screener and configured penny/microcap filters.
WRB^H,W.R. Berkley Corporation 4.125% Subordinated Debentures due 2061,14.63,,28960.0,,423684.80000000005,NYSE,,,,True,Matched broad public screener and configured penny/microcap filters.
TDS^V,Telephone and Data Systems Inc. Depositary Shares Each Representing a 1/1000th Interest in a 6.000% Series VV Cumulative Redeemable Perpetual Preferred Stock,17.95,,23025.0,,413298.75,NYSE,,,,True,Matched broad public screener and configured penny/microcap filters.
TDS^U,Telephone and Data Systems Inc. Depositary Shares Each Representing a 1/1000th Interest in a 6.625% Series UU Cumulative Redeemable Perpetual Preferred Stock,19.72,,20791.0,,409998.51999999996,NYSE,,,,True,Matched broad public screener and configured penny/microcap filters.
PSA^M,Public Storage Depositary Shares Each Representing 1/1000 of a 4.125% Cumulative Preferred Share of Beneficial Interest Series M,14.5696,,27249.0,,397007.0304,NYSE,,,,True,Matched broad public screener and configured penny/microcap filters.
PMT^C,PennyMac Mortgage Investment Trust 6.75% Series C Cumulative Redeemable Preferred Shares of Beneficial Interest,16.81,,23448.0,,394160.87999999995,NYSE,,,,True,Matched broad public screener and configured penny/microcap filters.
DLR^J,Digital Realty Trust Inc. 5.250% Series J Cumulative Redeemable Preferred Stock,18.7486,,20627.0,,386727.3722,NYSE,,,,True,Matched broad public screener and configured penny/microcap filters.
COF^K,Capital One Financial Corporation Depositary Shares Each Representing a 1/40th Ownership Interest in a Share of Fixed Rate Non-Cumulative Perpetual Preferred Stock Series K,15.55,,23937.0,,372220.35000000003,NYSE,,,,True,Matched broad public screener and configured penny/microcap filters.
PSA^I,Public Storage Depositary Shares Each Representing 1/1000 of a 4.875% Cumulative Preferred Share of Beneficial Interest Series I par value $0.01 per share,17.115,,21186.0,,362598.38999999996,NYSE,,,,True,Matched broad public screener and configured penny/microcap filters.
PSA^S,Public Storage Depositary Shares Each Representing 1/1000 of a 4.100% Cumulative Preferred Share of Beneficial Interest Series S,14.64,,24284.0,,355517.76,NYSE,,,,True,Matched broad public screener and configured penny/microcap filters.
EQH^C,Equitable Holdings Inc. Depositary Shares each representing a 1/1000th interest in a share of Fixed Rate Noncumulative Perpetual Preferred Stock Series C,15.54,,22802.0,,354343.07999999996,NYSE,,,,True,Matched broad public screener and configured penny/microcap filters.
SF^D,Stifel Financial Corporation Depositary Shares Each Representing 1/1000th Interest in a Share of 4.50% Non-Cumulative Preferred Stock Series D,15.54,,22472.0,,349214.88,NYSE,,,,True,Matched broad public screener and configured penny/microcap filters.
ABR^E,Arbor Realty Trust 6.25% Series E Cumulative Redeemable Preferred Stock,13.4,,25796.0,,345666.4,NYSE,,,,True,Matched broad public screener and configured penny/microcap filters.
VNO^M,Vornado Realty Trust 5.25% Series M Cumulative Redeemable Preferred Shares of Beneficial Interest liquidation preference $25.00 per share no par value per share,16.84,,19937.0,,335739.08,NYSE,,,,True,Matched broad public screener and configured penny/microcap filters.
FHN^F,First Horizon Corporation Depositary Shares each representing 1/4000th Interest in a Share of Non-Cumulative Perpetual Preferred Stock Series F,15.66,,21273.0,,333135.18,NYSE,,,,True,Matched broad public screener and configured penny/microcap filters.
AGM^F,Federal Agricultural Mortgage Corporation 5.250% Non-Cumulative Preferred Stock Series F,17.95,,18290.0,,328305.5,NYSE,,,,True,Matched broad public screener and configured penny/microcap filters.
MITT^B,TPG Mortgage Investment Trust Inc. 8.00% Series B Cumulative Redeemable Preferred Stock,18.46,,16768.0,,309537.28,NYSE,,,,True,Matched broad public screener and configured penny/microcap filters.
ADC^A,Agree Realty Corporation Depositary Shares each representing 1/1000th of a 4.250% Series A Cumulative Redeemable Preferred Stock,15.92,,18085.0,,287913.2,NYSE,,,,True,Matched broad public screener and configured penny/microcap filters.
PSA^N,Public Storage Depositary Shares Each Representing 1/1000 of a 3.875% Cumulative Preferred Share of Beneficial Interest Series N,13.695,,20423.0,,279692.985,NYSE,,,,True,Matched broad public screener and configured penny/microcap filters.
AGM^G,Federal Agricultural Mortgage Corporation 4.875% Non-Cumulative Preferred Stock Series G,16.9,,15978.0,,270028.19999999995,NYSE,,,,True,Matched broad public screener and configured penny/microcap filters.
CTO^A,CTO Realty Growth Inc. 6.375% Series A Cumulative Redeemable Preferred Stock,19.16,,13879.0,,265921.64,NYSE,,,,True,Matched broad public screener and configured penny/microcap filters.
WRB^E,W.R. Berkley Corporation 5.70% Subordinated Debentures due 2058,19.9474,,13279.0,,264881.5246,NYSE,,,,True,Matched broad public screener and configured penny/microcap filters.
NCZ^A,Virtus Convertible & Income Fund II 5.50% Series A Cumulative Preferred Shares,18.37,,13926.0,,255820.62000000002,NYSE,,,,True,Matched broad public screener and configured penny/microcap filters.
HFRO^A,Highland Opportunities and Income Fund 5.375% Series A Cumulative Preferred Shares,15.66,,16268.0,,254756.88,NYSE,,,,True,Matched broad public screener and configured penny/microcap filters.
INN^F,Summit Hotel Properties Inc. 5.875% Series F Cumulative Redeemable Preferred Stock $0.01 par value per share,16.2,,15674.0,,253918.8,NYSE,,,,True,Matched broad public screener and configured penny/microcap filters.
CIM^A,Chimera Investment Corporation 8.00% Series A Cumulative Redeemable Preferred Stock,19.5,,12413.0,,242053.5,NYSE,,,,True,Matched broad public screener and configured penny/microcap filters.
BOH^A,Bank of Hawaii Corporation Depositary Shares Each Representing a 1/40th Interest in a Share of 4.375% Fixed Rate Non-Cumulative Perpetual Preferred Stock Series A,14.87,,15839.0,,235525.93,NYSE,,,,True,Matched broad public screener and configured penny/microcap filters.
HPP^C,Hudson Pacific Properties Inc. 4.750% Series C Cumulative Redeemable Preferred Stock,14.405,,16320.0,,235089.59999999998,NYSE,,,,True,Matched broad public screener and configured penny/microcap filters.
VNO^O,Vornado Realty Trust 4.45% Series O Cumulative Redeemable Preferred Shares Liquidation Preference $25.00 Per Share,13.8,,15737.0,,217170.6,NYSE,,,,True,Matched broad public screener and configured penny/microcap filters.
PCG^D,Pacific Gas & Electric Co. 5% 1st  Red. Preferred Stock,16.61,,12922.0,,214634.41999999998,AMEX,,,,True,Matched broad public screener and configured penny/microcap filters.
AHRT^A,AH Realty Trust Inc. 6.75% Series A Cumulative Redeemable Perpetual Preferred Stock,19.85,,10605.0,,210509.25000000003,NYSE,,,,True,Matched broad public screener and configured penny/microcap filters.
GPMT^A,Granite Point Mortgage Trust Inc. 7.00% Series A Fixed-to-Floating Rate Cumulative Redeemable Preferred Stock,14.62,,14190.0,,207457.8,NYSE,,,,True,Matched broad public screener and configured penny/microcap filters.
BFS^D,Saul Centers Inc. Depositary Shares each representing 1/100th of a share of 6.125% Series D Cumulative Redeemable Preferred Stock,19.0,,10019.0,,190361.0,NYSE,,,,True,Matched broad public screener and configured penny/microcap filters.
SCE^G,SCE Trust II Trust Preferred Securities,16.27,,11196.0,,182158.91999999998,NYSE,,,,True,Matched broad public screener and configured penny/microcap filters.
PARA,Banzai International Inc. Class A Common Stock,0.5762,,315850.0,,181992.77000000002,NASDAQ,Industrials,Broadcasting,,True,Matched broad public screener and configured penny/microcap filters.
HFRO^B,Highland Opportunities and Income Fund 5.375% Series B Cumulative Preferred Shares,15.6,,11517.0,,179665.19999999998,NYSE,,,,True,Matched broad public screener and configured penny/microcap filters.
BFS^E,Saul Centers Inc. Depositary shares each representing a 1/100th fractional interest in a share of 6.000% Series E Cumulative Redeemable Preferred Stock,18.78,,9254.0,,173790.12000000002,NYSE,,,,True,Matched broad public screener and configured penny/microcap filters.
EPR^G,EPR Properties 5.750% Series G Cumulative Redeemable Preferred Shares,19.5501,,8856.0,,173135.6856,NYSE,,,,True,Matched broad public screener and configured penny/microcap filters.
PEB^G,Pebblebrook Hotel Trust 6.375% Series G Cumulative Redeemable Preferred Shares of Beneficial Interest,19.4,,8572.0,,166296.8,NYSE,,,,True,Matched broad public screener and configured penny/microcap filters.
ECC^D,Eagle Point Credit Company 6.75% Series D Preferred Stock,18.23,,8709.0,,158765.07,NYSE,,,,True,Matched broad public screener and configured penny/microcap filters.
CFR^B,Cullen/Frost Bankers Inc. Depositary Shares each representing a 1/40th ownership interest in a share of 4.450% non-cumulative perpetual preferred stock Series B,15.86,,9792.0,,155301.12,NYSE,,,,True,Matched broad public screener and configured penny/microcap filters.
GGN^B,GAMCO Global Gold Natural Reources & Income Trust 5.00% Series B Cumulative 25.00 Liquidation Preference,17.92,,8027.0,,143843.84000000003,AMEX,,,,True,Matched broad public screener and configured penny/microcap filters.
PEB^E,Pebblebrook Hotel Trust 6.375% Series E Cumulative Redeemable Preferred Shares of Beneficial Interest,19.66,,7249.0,,142515.34,NYSE,,,,True,Matched broad public screener and configured penny/microcap filters.
GUT^C,Gabelli Utility Trust (The) 5.375% Series C Cumulative Preferred Shares,20.0,,6870.0,,137400.0,NYSE,,,,True,Matched broad public screener and configured penny/microcap filters.
GDV^K,The Gabelli Dividend & Income Trust 4.250% Series K Cumulative Preferred Shares,16.23,,8436.0,,136916.28,NYSE,,,,True,Matched broad public screener and configured penny/microcap filters.
DCOM^,Dime Commercial Bancshares Inc. Preferred Stock Series A,16.67,,8182.0,,136393.94,NYSE,,,,True,Matched broad public screener and configured penny/microcap filters.
BHR^D,Braemar Hotels & Resorts Inc. 8.25% Series D Cumulative Preferred Stock  par value $0.01 per share,16.402,,8037.0,,131822.874,NYSE,,,,True,Matched broad public screener and configured penny/microcap filters.
BML^H,Bank of America Corporation Depositary Shares (Each representing a 1/1200th interest in a Share of Floating Rate Non-Cumulative Preferred Stock Series 2),18.5074,,7091.0,,131235.97340000002,NYSE,,,,True,Matched broad public screener and configured penny/microcap filters.
CRD/B,Crawford & Company,12.0,,10932.0,,131184.0,NYSE,,,,True,Matched broad public screener and configured penny/microcap filters.
AGM^D,Federal Agricultural Mortgage Corporation 5.700% Non-Cumulative Preferred Stock Series D,19.5,,5753.0,,112183.5,NYSE,,,,True,Matched broad public screener and configured penny/microcap filters.
PSEC^A,Prospect Capital Corporation 5.35% Series A Fixed Rate Cumulative Perpetual Preferred Stock,15.05,,7331.0,,110331.55,NYSE,,,,True,Matched broad public screener and configured penny/microcap filters.
TRTN^E,Triton International Limited 5.75% Series E Cumulative Redeemable Perpetual Preference Shares,17.85,,6128.0,,109384.8,NYSE,,,,True,Matched broad public screener and configured penny/microcap filters.
CLDT^A,Chatham Lodging Trust (REIT) 6.625% Series A Cumulative Redeemable Preferred Shares of Beneficial Interest,19.6,,5494.0,,107682.40000000001,NYSE,,,,True,Matched broad public screener and configured penny/microcap filters.
BML^G,Bank of America Corporation Depositary Shares (Each representing a 1/1200th interest in a share of Floating Rate Non-Cumulative Preferred Stock  Series 1),18.465,,5722.0,,105656.73,NYSE,,,,True,Matched broad public screener and configured penny/microcap filters.
ACP^A,abrdn Income Credit Strategies Fund 5.250% Series A Perpetual Preferred Stock,17.82,,5918.0,,105458.76,NYSE,,,,True,Matched broad public screener and configured penny/microcap filters.
AGM^E,Federal Agricultural Mortgage Corporation 5.750% Non-Cumulative Preferred Stock Series E,19.4001,,5378.0,,104333.73779999999,NYSE,,,,True,Matched broad public screener and configured penny/microcap filters.
ACR^D,ACRES Commercial Realty Corp. 7.875% Series D Cumulative Redeemable Preferred Stock,18.05,,5735.0,,103516.75,NYSE,,,,True,Matched broad public screener and configured penny/microcap filters.
INN^E,Summit Hotel Properties Inc. 6.250% Series E Cumulative Redeemable Preferred Stock,17.37,,5951.0,,103368.87000000001,NYSE,,,,True,Matched broad public screener and configured penny/microcap filters.
BHR^B,Braemar Hotels & Resorts Inc. 5.50% Series B Cumulative Convertible Preferred Stock par value $0.01 per share,12.84,,8020.0,,102976.8,NYSE,,,,True,Matched broad public screener and configured penny/microcap filters.
PCG^E,Pacific Gas & Electric Co. 5% 1st A Preferred Stock,16.6,,5710.0,,94786.00000000001,AMEX,,,,True,Matched broad public screener and configured penny/microcap filters.
GAB^K,Gabelli Equity Trust Inc. (The) 5.00% Series K Cumulative Preferred Stock,18.43,,5135.0,,94638.05,NYSE,,,,True,Matched broad public screener and configured penny/microcap filters.
RC^E,Ready Capital Corporation 6.50% Series E Cumulative Redeemable Preferred Stock,11.27,,8239.0,,92853.53,NYSE,,,,True,Matched broad public screener and configured penny/microcap filters.
CODI^A,Compass Diversified Holdings 7.250% Series A Preferred Shares representing beneficial interest in Compass Diversified Holdings,18.6431,,4907.0,,91481.6917,NYSE,,,,True,Matched broad public screener and configured penny/microcap filters.
NCV^A,Virtus Convertible & Income Fund 5.625% Series A Cumulative Preferred Shares,18.855,,4676.0,,88165.98,NYSE,,,,True,Matched broad public screener and configured penny/microcap filters.
REXR^C,Rexford Industrial Realty Inc. 5.625% Series C Cumulative Redeemable Preferred Stock par value $0.01 per share,19.84,,4318.0,,85669.12,NYSE,,,,True,Matched broad public screener and configured penny/microcap filters.
PEB^F,Pebblebrook Hotel Trust 6.3% Series F Cumulative Redeemable Preferred Shares of Beneficial Interest,19.585,,4058.0,,79475.93000000001,NYSE,,,,True,Matched broad public screener and configured penny/microcap filters.
OPP^A,RiverNorth/DoubleLine Strategic Opportunity Fund Inc. 4.375% Series A Cumulative Preferred Stock,15.02,,5233.0,,78599.66,NYSE,,,,True,Matched broad public screener and configured penny/microcap filters.
AHT^H,Ashford Hospitality Trust Inc 7.50% Series H Cumulative Preferred Stock,4.2101,,17939.0,,75524.98389999999,NYSE,,,,True,Matched broad public screener and configured penny/microcap filters.
ASB^E,Associated Banc-Corp Depositary Shares each representing a 1/40th interest in a share of 5.875% Non-Cumulative Perpetual Preferred Stock Series E,18.8184,,4007.0,,75405.3288,NYSE,,,,True,Matched broad public screener and configured penny/microcap filters.
BIP^A,Brookfield Infrastructure Partners LP 5.125% Class A Preferred Limited Partnership Units Series 13,16.1,,3376.0,,54353.600000000006,NYSE,,,,True,Matched broad public screener and configured penny/microcap filters.
RC^C,Ready Capital Corporation 6.25% Series C Cumulative Convertible Preferred Stock,11.2613,,4598.0,,51779.4574,NYSE,,,,True,Matched broad public screener and configured penny/microcap filters.
ASB^F,Associated Banc-Corp Depositary Shares each representing a 1/40th interest in a share of Associated Banc-Corp 5.625% Non-Cumulative Perpetual Preferred Stock Series F,18.25,,2335.0,,42613.75,NYSE,,,,True,Matched broad public screener and configured penny/microcap filters.
PEB^H,Pebblebrook Hotel Trust 5.700% Series H Cumulative Redeemable Preferred Shares of Beneficial Interest,17.9,,2110.0,,37769.0,NYSE,,,,True,Matched broad public screener and configured penny/microcap filters.
MITT^A,TPG Mortgage Investment Trust Inc. 8.25% Series A Cumulative Redeemable Preferred Stock,19.61,,1877.0,,36807.97,NYSE,,,,True,Matched broad public screener and configured penny/microcap filters.
WRB^G,W.R. Berkley Corporation 4.25% Subordinated Debentures due 2060,15.35,,1970.0,,30239.5,NYSE,,,,True,Matched broad public screener and configured penny/microcap filters.
PCG^C,Pacific Gas & Electric Co. 5% 1st Preferred Stock,16.995,,1510.0,,25662.45,AMEX,,,,True,Matched broad public screener and configured penny/microcap filters.
BEP^A,Brookfield Renewable Partners L.P. 5.25% Class A Preferred Limited Partnership Units Series 17,16.4,,1538.0,,25223.199999999997,NYSE,,,,True,Matched broad public screener and configured penny/microcap filters.
BSAA,BEST SPAC I Acquisition Corp. Class A Ordinary Shares,11.3,,2181.0,,24645.300000000003,NASDAQ,Finance,Blank Checks,,True,Matched broad public screener and configured penny/microcap filters.
AHT^F,Ashford Hospitality Trust Inc 7.375% Series F Cumulative Preferred Stock,4.43,,4847.0,,21472.21,NYSE,,,,True,Matched broad public screener and configured penny/microcap filters.
OPP^B,RiverNorth/DoubleLine Strategic Opportunity Fund Inc. 4.75% Series B Cumulative Preferred Stock,16.16,,1322.0,,21363.52,NYSE,,,,True,Matched broad public screener and configured penny/microcap filters.
GPUS^D,Hyperscale Data Inc. 13.00% Series D Cumulative Redeemable Perpetual Preferred Stock,19.86,,982.0,,19502.52,AMEX,,,,True,Matched broad public screener and configured penny/microcap filters.
ECF^A,Ellsworth Growth and Income Fund Ltd. 5.25% Series A Cumulative Preferred Shares (Liquidation Preference $25.00 per share),18.77,,998.0,,18732.46,AMEX,,,,True,Matched broad public screener and configured penny/microcap filters.
GNT^A,GAMCO Natural Resources Gold & Income Tust  5.20% Series A Cumulative Preferred Shares (Liquidation Preference $25.00 per share),18.85,,906.0,,17078.100000000002,NYSE,,,,True,Matched broad public screener and configured penny/microcap filters.
AHT^G,Ashford Hospitality Trust Inc 7.375% Series G Cumulative Preferred Stock,4.44,,3590.0,,15939.600000000002,NYSE,,,,True,Matched broad public screener and configured penny/microcap filters.
PCG^B,Pacific Gas & Electric Co. 5 1/2% Preferred Stock,18.2,,863.0,,15706.599999999999,AMEX,,,,True,Matched broad public screener and configured penny/microcap filters.
LFT^A,Lument Finance Trust Inc. 7.875% Series A Cumulative Redeemable Preferred Stock,15.93,,806.0,,12839.58,NYSE,,,,True,Matched broad public screener and configured penny/microcap filters.
NXDT^A,NexPoint Diversified Real Estate Trust 5.50% Series A Cumulative Preferred Shares ($25.00 liquidation preference per share),12.8658,,869.0,,11180.3802,NYSE,,,,True,Matched broad public screener and configured penny/microcap filters.
PCG^I,Pacific Gas & Electric Co. 4.36% 1st Preferred Stock,14.4,,767.0,,11044.800000000001,AMEX,,,,True,Matched broad public screener and configured penny/microcap filters.
PCG^G,Pacific Gas & Electric Co. 4.80% 1st Preferred Stock,15.75,,692.0,,10899.0,AMEX,,,,True,Matched broad public screener and configured penny/microcap filters.
CDR^B,Cedar Realty Trust Inc. 7.25% Series B Cumulative Redeemable Preferred Stock,16.25,,624.0,,10140.0,NYSE,,,,True,Matched broad public screener and configured penny/microcap filters.
CDR^C,Cedar Realty Trust Inc. 6.50% Series C Cumulative Redeemable Preferred Stock,15.1,,635.0,,9588.5,NYSE,,,,True,Matched broad public screener and configured penny/microcap filters.
AHT^I,Ashford Hospitality Trust Inc 7.50% Series I Cumulative Preferred Stock,4.285,,2226.0,,9538.41,NYSE,,,,True,Matched broad public screener and configured penny/microcap filters.
AHT^D,Ashford Hospitality Trust Inc 8.45% Series D Cumulative Preferred Stock,4.65,,1892.0,,8797.800000000001,NYSE,,,,True,Matched broad public screener and configured penny/microcap filters.
BIP^B,Brookfield Infrastructure Partners LP 5.000% Class A Preferred Limited Partnership Units Series 14,15.8399,,496.0,,7856.5904,NYSE,,,,True,Matched broad public screener and configured penny/microcap filters.
CNO^A,CNO Financial Group Inc. 5.125% Subordinated Debentures due 2060,16.7605,,446.0,,7475.183,NYSE,,,,True,Matched broad public screener and configured penny/microcap filters.
GGT^E,Gabelli Multi-Media Trust Inc. (The) 5.125% Series E Cumulative Preferred Stock,19.98,,363.0,,7252.74,NYSE,,,,True,Matched broad public screener and configured penny/microcap filters.
BCV^A,Bancroft Fund Limited 5.375% Series A Cumulative Preferred Shares,19.19,,155.0,,2974.4500000000003,AMEX,,,,True,Matched broad public screener and configured penny/microcap filters.
PCG^H,Pacific Gas & Electric Co. 4.50% 1st Preferred Stock,15.51,,23.0,,356.73,AMEX,,,,True,Matched broad public screener and configured penny/microcap filters.
OPP^C,RiverNorth/DoubleLine Strategic Opportunity Fund Inc. 6.00% Series C Term Preferred Stock (Liquidation Preference $10.00 per share),10.195,,4.0,,40.78,AMEX,,,,True,Matched broad public screener and configured penny/microcap filters.
PW^A,Power REIT 7.75% Series A Cumulative Perpetual Preferred Stock,7.29,,3.0,,21.87,AMEX,,,,True,Matched broad public screener and configured penny/microcap filters.
OPTT,"Ocean Power Technologies, Inc.",,,,,,NYSE American,Industrials,Electrical Equipment,,True,Configured ocean-energy microcap; survival and commercialization optionality.
WATT,Energous Corp,,,,,,NASDAQ,Technology,Electronic Components,,True,Configured wireless-power microcap; narrative and product-cycle optionality.
AQMS,"Aqua Metals, Inc.",,,,,,NASDAQ,Industrials,Waste Management,,True,Configured battery recycling speculation; policy and commercialization optionality.
TOMZ,TOMI Environmental Solutions Inc.,,,,,,NASDAQ,Industrials,Pollution & Treatment Controls,,True,"Configured physical-automation watch: autonomous cleaning, SteraMist robot upgrade, fleet hygiene, biosecurity, decontamination automation, drone/UAV and defense-adjacent sanitation; keep dilution/reset risks visible."
CLIR,ClearSign Technologies Corp,,,,,,NASDAQ,Industrials,Pollution & Treatment Controls,,True,Configured emissions-control microcap; industrial adoption optionality.
ABEV,Ambev S.A.,,,,,,NYSE,Consumer Defensive,Beverages,,True,Configured low-priced international ADR; consumer and currency-flow sensitivity.
ADTX,"Aditxt, Inc.",,,,,,NASDAQ,Healthcare,Biotechnology,,True,Configured distressed biotech; financing and catalyst optionality.
AGRI,AgriFORCE Growing Systems Ltd.,,,,,,NASDAQ,Consumer Defensive,Agricultural Inputs,,True,Configured ag-tech microcap; food-system narrative optionality.
AMTX,"Aemetis, Inc.",,,,,,NASDAQ,Energy,Renewable Fuels,,True,"Configured renewable fuels equity; policy, credit, and financing sensitivity."
AREB,American Rebel Holdings Inc.,,,,,,NASDAQ,Consumer Cyclical,Leisure Products,,True,Configured microcap consumer/security brand; dilution and survival risk.
ASRT,Assertio Holdings Inc.,,,,,,NASDAQ,Healthcare,Drug Manufacturers Specialty & Generic,,True,Configured small healthcare equity; restructuring and cash-flow repricing potential.
ATOS,Atossa Therapeutics Inc.,,,,,,NASDAQ,Healthcare,Biotechnology,,True,Configured biotech optionality; clinical catalyst and dilution risk.
AULT,Ault Alliance Inc.,,,,,,NYSE American,Financial Services,Capital Markets,,True,Configured distressed holding-company speculation; financing and asset-value uncertainty.
BBAI,BigBear.ai Holdings Inc.,,,,,,NYSE,Technology,Information Technology Services,,True,Configured AI/defense narrative equity; reflexive attention and contract optionality.
BNGO,Bionano Genomics Inc.,,,,,,NASDAQ,Healthcare,Diagnostics & Research,,True,"Configured genomics speculation; survival, adoption, and dilution risk."
BTBT,Bit Digital Inc.,,,,,,NASDAQ,Technology,Capital Markets,,True,Configured crypto-adjacent equity; liquidity and narrative flow sensitivity.
CENN,Cenntro Inc.,,,,,,NASDAQ,Consumer Cyclical,Auto Manufacturers,,True,Configured EV microcap; survival and policy narrative sensitivity.
CGTX,Cognition Therapeutics Inc.,,,,,,NASDAQ,Healthcare,Biotechnology,,True,Configured biotech optionality; clinical readout and financing risk.
CLNE,Clean Energy Fuels Corp,,,,,,NASDAQ,Energy,Oil & Gas Refining & Marketing,,True,Configured clean fuels infrastructure equity; policy and fleet adoption optionality.
CRKN,Crown ElectroKinetics Corp,,,,,,NASDAQ,Industrials,Building Products & Equipment,,True,Configured distressed smart-glass/building-products speculation.
CTMX,CytomX Therapeutics Inc.,,,,,,NASDAQ,Healthcare,Biotechnology,,True,Configured biotech optionality; partnership and pipeline repricing risk.
EOSE,Eos Energy Enterprises Inc.,,,,,,NASDAQ,Industrials,Electrical Equipment,,True,Configured battery/storage manufacturing speculation; policy and liquidity risk.
FCEL,FuelCell Energy Inc.,,,,,,NASDAQ,Industrials,Electrical Equipment,,True,"Configured clean-energy equity; policy, backlog, and financing sensitivity."
FFIE,Faraday Future Intelligent Electric Inc.,,,,,,NASDAQ,Consumer Cyclical,Auto Manufacturers,,True,Configured distressed EV speculation; survival and dilution risk.
FUBO,FuboTV Inc.,,,,,,NYSE,Communication Services,Broadcasting,,True,Configured streaming/sports-media speculation; narrative and balance-sheet sensitivity.
GERN,Geron Corp,,,,,,NASDAQ,Healthcare,Biotechnology,,True,Configured biotech commercialization equity; regulatory and launch-execution optionality.
GOSS,Gossamer Bio Inc.,,,,,,NASDAQ,Healthcare,Biotechnology,,True,Configured biotech optionality; trial and partnership repricing potential.
GRAB,Grab Holdings Ltd.,,,,,,NASDAQ,Technology,Software Application,,True,Configured low-priced platform equity; regional growth and sentiment sensitivity.
HIVE,HIVE Digital Technologies Ltd.,,,,,,NASDAQ,Technology,Capital Markets,,True,Configured crypto-infrastructure equity; liquidity and risk-appetite sensitivity.
HITI,High Tide Inc.,,,,,,NASDAQ,Healthcare,Pharmaceutical Retailers,,True,Configured cannabis retail speculation; policy and profitability repricing potential.
HUMA,Humacyte Inc.,,,,,,NASDAQ,Healthcare,Biotechnology,,True,Configured biotech/medical-device optionality; regulatory and commercialization catalyst risk.
IDEX,Ideanomics Inc.,,,,,,NASDAQ,Financial Services,Shell Companies,,True,"Configured distressed speculative equity; financing, compliance, and survival risk."
INDI,indie Semiconductor Inc.,,,,,,NASDAQ,Technology,Semiconductors,,True,Configured auto semiconductor equity; cycle recovery and design-win optionality.
INVZ,Innoviz Technologies Ltd.,,,,,,NASDAQ,Consumer Cyclical,Auto Parts,,True,Configured lidar/ADAS speculation; OEM adoption and financing risk.
KULR,KULR Technology Group Inc.,,,,,,NYSE American,Industrials,Electrical Equipment,,True,Configured battery-safety microcap; defense/space narrative optionality.
LAZR,Luminar Technologies Inc.,,,,,,NASDAQ,Consumer Cyclical,Auto Parts,,True,Configured lidar speculation; auto-cycle and financing sensitivity.
LIDR,AEye Inc.,,,,,,NASDAQ,Technology,Electronic Components,,True,Configured lidar microcap; survival and strategic optionality.
LUMN,Lumen Technologies Inc.,,,,,,NYSE,Communication Services,Telecom Services,,True,"Configured distressed telecom; debt, asset sales, and refinancing repricing potential."
MESA,Mesa Air Group Inc.,,,,,,NASDAQ,Industrials,Airlines,,True,Configured distressed airline operator; contract and restructuring optionality.
MVIS,MicroVision Inc.,,,,,,NASDAQ,Technology,Scientific & Technical Instruments,,True,Configured lidar/technology speculation; strategic and narrative optionality.
NKLA,Nikola Corp,,,,,,NASDAQ,Industrials,Farm & Heavy Construction Machinery,,True,Configured distressed EV/hydrogen transport speculation; survival and dilution risk.
NNDM,Nano Dimension Ltd.,,,,,,NASDAQ,Technology,Computer Hardware,,True,Configured cash-rich electronics manufacturing speculation; asset-value and strategic optionality.
OPEN,Opendoor Technologies Inc.,,,,,,NASDAQ,Real Estate,Real Estate Services,,True,Configured housing-cycle speculation; rate sensitivity and sentiment reversal potential.
ORGN,Origin Materials Inc.,,,,,,NASDAQ,Basic Materials,Chemicals,,True,Configured materials-tech speculation; commercialization and policy optionality.
PLUG,Plug Power Inc.,,,,,,NASDAQ,Industrials,Electrical Equipment,,True,"Configured hydrogen equity; policy, liquidity, and execution sensitivity."
POWW,AMMO Inc.,,,,,,NASDAQ,Industrials,Aerospace & Defense,,True,Configured small defense/ammunition equity; demand-cycle and asset-value optionality.
PSNY,Polestar Automotive Holding UK PLC,,,,,,NASDAQ,Consumer Cyclical,Auto Manufacturers,,True,"Configured EV equity; financing, delivery, and narrative sensitivity."
REKR,Rekor Systems Inc.,,,,,,NASDAQ,Technology,Software Infrastructure,,True,Configured public-safety AI/vehicle analytics microcap; contract optionality.
RGTI,Rigetti Computing Inc.,,,,,,NASDAQ,Technology,Computer Hardware,,True,Configured quantum-computing speculation; narrative and funding-cycle sensitivity.
RKLB,Rocket Lab USA Inc.,,,,,,NASDAQ,Industrials,Aerospace & Defense,,True,Configured space/aerospace equity; contract and launch cadence optionality.
SENS,Senseonics Holdings Inc.,,,,,,NYSE American,Healthcare,Medical Devices,,True,Configured diabetes-device speculation; adoption and financing risk.
SOUN,SoundHound AI Inc.,,,,,,NASDAQ,Technology,Software Application,,True,Configured AI voice equity; reflexive narrative and revenue-growth optionality.
SPCE,Virgin Galactic Holdings Inc.,,,,,,NYSE,Industrials,Aerospace & Defense,,True,Configured space tourism speculation; financing and flight-cadence risk.
TELL,Tellurian Inc.,,,,,,NYSE American,Energy,Oil & Gas Midstream,,True,Configured LNG speculation; project financing and commodity-cycle optionality.
TLRY,Tilray Brands Inc.,,,,,,NASDAQ,Healthcare,Drug Manufacturers Specialty & Generic,,True,Configured cannabis equity; policy and consumer-demand optionality.
TRVG,trivago N.V.,,,,,,NASDAQ,Communication Services,Internet Content & Information,,True,Configured travel advertising/platform equity; cycle and sentiment sensitivity.
VUZI,Vuzix Corp,,,,,,NASDAQ,Technology,Consumer Electronics,,True,Configured AR hardware speculation; adoption and defense/enterprise narrative optionality.
WULF,TeraWulf Inc.,,,,,,NASDAQ,Technology,Capital Markets,,True,Configured bitcoin-mining equity; power-cost and risk-appetite sensitivity.
XELA,Exela Technologies Inc.,,,,,,NASDAQ,Technology,Information Technology Services,,True,Configured distressed processing/BPO equity; restructuring and dilution risk.
ZOM,Zomedica Corp,,,,,,NYSE American,Healthcare,Diagnostics & Research,,True,Configured veterinary diagnostics speculation; cash runway and adoption optionality.
